source_key,source_path,line_number,classification,line_sha256,in_lossless_archive,in_pure_dump,pure_dump_reason,content_preview
textbooks,/Users/Suhas.KS/textbooks.md,1,bibliography_heading,23a273311a6bd6e9341b86fabe28a860890bc6888a0f8a4be17fc8145bc5ead6,yes,yes,included_bibliography,**ICSE Mathematics Series (Classes 6–10)**
textbooks,/Users/Suhas.KS/textbooks.md,2,bibliography_entry,fa3d815b28cdd9bfc8c910ba40d4411cb8604fd4c12d7702c6ced9298cac31cf,yes,yes,included_bibliography,- Concise Mathematics Series (Selina Publishers) – R.K. Bansal
textbooks,/Users/Suhas.KS/textbooks.md,3,bibliography_entry,a0cf59a13742f88b53c23d54519399e9ff9cd412cd1a8a27fc26e36764aff527,yes,yes,included_bibliography,- Understanding ICSE Mathematics – M.L. Aggarwal
textbooks,/Users/Suhas.KS/textbooks.md,4,bibliography_entry,82b866d1ea526fd74eb7663d49e1fbfe2e96d642a8e7a26bd72a604b5727e0af,yes,yes,included_bibliography,"- S. Chand’s ICSE Mathematics – O.P. Malhotra, S.K. Gupta, Anubhuti Gangal"
textbooks,/Users/Suhas.KS/textbooks.md,5,bibliography_entry,953634779fdaca988965c64f408ec80e4b62b817ad27b137e678f7155157d5c3,yes,yes,included_bibliography,- Frank Modern Certificate Mathematics – Nirmala Shastry
textbooks,/Users/Suhas.KS/textbooks.md,6,bibliography_entry,ed01c53869208210ed9e9aeb1caa94c2e37339c0f9209c2b68b86aee4ceadd7e,yes,yes,included_bibliography,- Together With ICSE Mathematics – Rachna Sagar
textbooks,/Users/Suhas.KS/textbooks.md,7,bibliography_entry,528f604644e4c8f2bd6a7514036301da9b3580fd52059f2e7f20ed19e7e8aa19,yes,yes,included_bibliography,- Foundation Mathematics (ICSE Edition) – R.S. Aggarwal
textbooks,/Users/Suhas.KS/textbooks.md,8,blank,e3b0c44298fc1c149afbf4c8996fb92427ae41e4649b934ca495991b7852b855,yes,no,blank_line,
textbooks,/Users/Suhas.KS/textbooks.md,9,bibliography_heading,d3507ce8b981761ad3e7b3b5ef1217b171153aea7c38d3b46bb5268911fdd73e,yes,yes,included_bibliography,**NCERT Mathematics**
textbooks,/Users/Suhas.KS/textbooks.md,10,bibliography_entry,61aee56538014dc55d45886f2d952e9d3de4b472b82f6d57e6c0838b6255b6d5,yes,yes,included_bibliography,- Mathematics Textbook for Class XI (2025–2026 edition)
textbooks,/Users/Suhas.KS/textbooks.md,11,bibliography_entry,b447c1bb6a0823b5c1ad81065cec20ab2118c9c83ab6da413bab51405a27b12d,yes,yes,included_bibliography,- Mathematics Textbook for Class XII – Part I (2025–2026 edition)
textbooks,/Users/Suhas.KS/textbooks.md,12,bibliography_entry,4142db8fdf9dead47ae2f178b5144aabc1f0047312d6a88b1edfde78ce24220e,yes,yes,included_bibliography,- Mathematics Textbook for Class XII – Part II (2025–2026 edition)
textbooks,/Users/Suhas.KS/textbooks.md,13,blank,e3b0c44298fc1c149afbf4c8996fb92427ae41e4649b934ca495991b7852b855,yes,no,blank_line,
textbooks,/Users/Suhas.KS/textbooks.md,14,bibliography_heading,8f7730f23b5c9bd8f497c757e5ca3b416f7582384f44f55c640e17d9d40c4a6b,yes,yes,included_bibliography,**Higher Algebra & Classical Texts**
textbooks,/Users/Suhas.KS/textbooks.md,15,bibliography_entry,5ab7cbcfbe530c53907412a81a05f8d7fe0769be6b71b2f381da3b217df57eef,yes,yes,included_bibliography,- Higher Algebra – Hall & Knight
textbooks,/Users/Suhas.KS/textbooks.md,16,bibliography_entry,19f204f8d5b498333667ff52ede998be3764af2e5ab8987737f61ff959427b8b,yes,yes,included_bibliography,- Plane Trigonometry (Part 1) – S.L. Loney
textbooks,/Users/Suhas.KS/textbooks.md,17,bibliography_entry,d8eaf7e4eb821c6c349eacf080b4fdfe91a20c1cfbddc6b57caaa3f12c04337a,yes,yes,included_bibliography,- The Elements of Coordinate Geometry (Part 1) – S.L. Loney
textbooks,/Users/Suhas.KS/textbooks.md,18,bibliography_entry,89e7267f09120bf085610e5c950525d3099a675fd84fbac7ad5ddf5de4c9fba0,yes,yes,included_bibliography,- Problems in Calculus of One Variable – I.A. Maron
textbooks,/Users/Suhas.KS/textbooks.md,19,blank,e3b0c44298fc1c149afbf4c8996fb92427ae41e4649b934ca495991b7852b855,yes,no,blank_line,
textbooks,/Users/Suhas.KS/textbooks.md,20,bibliography_heading,702a050e58a60d420f8927d40592f53527451240ac61c12c2d565ba7634b195c,yes,yes,included_bibliography,**JEE Advanced Reference Series**
textbooks,/Users/Suhas.KS/textbooks.md,21,bibliography_entry,309a6d72710629d1de4cc6d5a38f294644a4bb7fdd3aa5f4d9b3f68bd3dea891,yes,yes,included_bibliography,- Advanced Problems in Mathematics for JEE Main & Advanced – Vikas Gupta & Pankaj Joshi
textbooks,/Users/Suhas.KS/textbooks.md,22,bibliography_entry,c14fe804b77c2ab592fae4451791aef16fb023445869262d8a344d4f9078d440,yes,yes,included_bibliography,- Cengage Mathematics Series (5 Volumes) – G. Tewani
textbooks,/Users/Suhas.KS/textbooks.md,23,bibliography_entry,1e9a61f5661c95859b3545fb9a2bf231a6e24d728bd523dd4d79e38d6fb0cbaf,yes,yes,included_bibliography,- Arihant Skills in Mathematics Series (7 Volumes) – Dr. S.K. Goyal & Amit M. Agarwal
textbooks,/Users/Suhas.KS/textbooks.md,24,blank,e3b0c44298fc1c149afbf4c8996fb92427ae41e4649b934ca495991b7852b855,yes,no,blank_line,
textbooks,/Users/Suhas.KS/textbooks.md,25,bibliography_heading,f7a88a258e1c861d61058072c003895f065e92c5c40857862bfb2e7d6adad3ff,yes,yes,included_bibliography,**Number Theory**
textbooks,/Users/Suhas.KS/textbooks.md,26,bibliography_entry,53115f079887e14d676b5d6268ca4c88a73ff5601a2ee6280d46b31b572932fb,yes,yes,included_bibliography,- Elementary Number Theory (7th Edition) – David M. Burton
textbooks,/Users/Suhas.KS/textbooks.md,27,bibliography_entry,c8ee73ff126b944cfecc57973293477a99e8846f45d6e5d08a549bfe81a80c77,yes,yes,included_bibliography,- A Friendly Introduction to Number Theory (4th Edition) – Joseph H. Silverman
textbooks,/Users/Suhas.KS/textbooks.md,28,bibliography_entry,02f719efce4f97489c70fea5d2ed19742e8b08d9fc7e75a0fd14f58782c570f4,yes,yes,included_bibliography,- Elementary Number Theory and Its Applications – Kenneth H. Rosen
textbooks,/Users/Suhas.KS/textbooks.md,29,bibliography_entry,aaf7476fbd4b16e6393c292a1ac97100156326c2fb3ab491e0cd6fd575b1ad8e,yes,yes,included_bibliography,"- An Introduction to the Theory of Numbers – Niven, Zuckerman, Montgomery"
textbooks,/Users/Suhas.KS/textbooks.md,30,bibliography_entry,516fdfcdbcd26cad89acee26ede6fb9b8717b9b61325a9bc3010c240c3dd68cf,yes,yes,included_bibliography,- An Introduction to the Theory of Numbers – G.H. Hardy & E.M. Wright
textbooks,/Users/Suhas.KS/textbooks.md,31,bibliography_entry,511b17e74d50a7a0c92b9173345238a4c5d4c720be504f67103398ff249bcbde,yes,yes,included_bibliography,- A Course in Arithmetic – Jean-Pierre Serre
textbooks,/Users/Suhas.KS/textbooks.md,32,bibliography_entry,902e48c5d566b8a40b3df099709e33fac3a9f74a66e120e1b6e42e03a663e7a8,yes,yes,included_bibliography,- Introduction to Analytic Number Theory – Tom M. Apostol
textbooks,/Users/Suhas.KS/textbooks.md,33,bibliography_entry,60805280e7809846a24f7396cec4260794a5bfe7998996fcdeaa9fefa9464987,yes,yes,included_bibliography,- Algebraic Number Theory – Serge Lang
textbooks,/Users/Suhas.KS/textbooks.md,34,bibliography_entry,ce426fb769d10195b22ed46d2c9dc3f15ba6f0653c0857f278754843d4a32487,yes,yes,included_bibliography,- Elementary Number Theory in Nine Chapters – James J. Tattersall
textbooks,/Users/Suhas.KS/textbooks.md,35,blank,e3b0c44298fc1c149afbf4c8996fb92427ae41e4649b934ca495991b7852b855,yes,no,blank_line,
textbooks,/Users/Suhas.KS/textbooks.md,36,bibliography_heading,be43f188654fc2211cdf99449da899a0d39899039ac470e9af60ed4393a1d394,yes,yes,included_bibliography,**Proof & Abstract Algebra**
textbooks,/Users/Suhas.KS/textbooks.md,37,bibliography_entry,0ae24fe4585228d29498079aa1fe6a82332c5010a2b8f76cb0d9730c6544e192,yes,yes,included_bibliography,- An Introduction to Proof via Inquiry-Based Learning – Dana C. Ernst
textbooks,/Users/Suhas.KS/textbooks.md,38,bibliography_entry,97273cb81d730f17aa6ff73c31434ee70f9808ed3182d9952a0dc13337dcea51,yes,yes,included_bibliography,- Introduction to Proof – Ron Taylor
textbooks,/Users/Suhas.KS/textbooks.md,39,bibliography_entry,82889772b312a8dcf18e0db9fd87605b0ab6e0578a1bfe25c609e32a9485c075,yes,yes,included_bibliography,- Notes for a Course on Proofs – Jacqueline A. Jensen-Vallin
textbooks,/Users/Suhas.KS/textbooks.md,40,bibliography_entry,1ae9a131f5006f782eb9a4a2c82a32287d07b73b3a2c290aef691724f6a288e1,yes,yes,included_bibliography,- Mathematical Reasoning: Writing and Proof – Ted Sundstrom
textbooks,/Users/Suhas.KS/textbooks.md,41,bibliography_entry,6ab1acbb5538bda120233579c30be364f145fb9b5ca9a490d59be9d4f9565aee,yes,yes,included_bibliography,- Book of Proof – Richard Hammack
textbooks,/Users/Suhas.KS/textbooks.md,42,bibliography_entry,6da2916ff7de5bb771a69722b674c98a509f13d0aa5ab0aafd3b6f7e063e4032,yes,yes,included_bibliography,- An Inquiry-Based Approach to Abstract Algebra – Dana C. Ernst
textbooks,/Users/Suhas.KS/textbooks.md,43,bibliography_entry,7fa8d95dd4815eca50bc57ff000ab0cfac9639cc2ad20fdd1eed9cbb9983aadd,yes,yes,included_bibliography,- Abstract Algebra: Theory and Applications – Tom Judson
textbooks,/Users/Suhas.KS/textbooks.md,44,blank,e3b0c44298fc1c149afbf4c8996fb92427ae41e4649b934ca495991b7852b855,yes,no,blank_line,
textbooks,/Users/Suhas.KS/textbooks.md,45,bibliography_heading,9b3ac0434972f3e16874db5f56b27c909ab57fd72b178be369119755ceb5ebac,yes,yes,included_bibliography,**Real Analysis & Measure Theory**
textbooks,/Users/Suhas.KS/textbooks.md,46,bibliography_entry,430e343e35d3f7d71c6e01b4947977dd7fb95885edef8b31f6e15bea90289ea7,yes,yes,included_bibliography,- Introduction to Real Analysis – Dana C. Ernst
textbooks,/Users/Suhas.KS/textbooks.md,47,bibliography_entry,98cd5e3e8013c21f001b8245731c901b04d7d1da11dc99c10cbf792464fc1b77,yes,yes,included_bibliography,- Analysis – W. Ted Mahavier
textbooks,/Users/Suhas.KS/textbooks.md,48,bibliography_entry,40ce2e25a9c0e4e161c794ac1247a6645a9b2ace0466e06b48c4293226c50f57,yes,yes,included_bibliography,- How We Got from There to Here: A Story of Real Analysis – Eugene Boman & Robert Rogers
textbooks,/Users/Suhas.KS/textbooks.md,49,bibliography_entry,282c1c341882960a28231a26cc61be2958fceb1c9760146c992aa5dbfb044100,yes,yes,included_bibliography,- Real Analysis – Gary Towsley
textbooks,/Users/Suhas.KS/textbooks.md,50,bibliography_entry,65e4d84a0212941b75da98476f798247736acb6071fba8ed422e54adf52aea3e,yes,yes,included_bibliography,- Analysis WebNotes – John Lindsay Orr
textbooks,/Users/Suhas.KS/textbooks.md,51,bibliography_entry,8458cfc6e1a75680f7c3634b33cef6d5ff133fd8fb975fd59da1a42f3c75203a,yes,yes,included_bibliography,"- Measure, Integration & Real Analysis – Sheldon Axler"
textbooks,/Users/Suhas.KS/textbooks.md,52,bibliography_entry,a71adb0aacba4c00dad4bc8bb650d9a8c8d503254d4a1dc4ecccf413e215b470,yes,yes,included_bibliography,- Principles of Mathematical Analysis – Walter Rudin
textbooks,/Users/Suhas.KS/textbooks.md,53,blank,e3b0c44298fc1c149afbf4c8996fb92427ae41e4649b934ca495991b7852b855,yes,no,blank_line,
textbooks,/Users/Suhas.KS/textbooks.md,54,bibliography_heading,e7f38f720a7b39d8d12905dbb082ee1da894321055e4e97ba80a04757d52607d,yes,yes,included_bibliography,**Discrete Mathematics**
textbooks,/Users/Suhas.KS/textbooks.md,55,bibliography_entry,8296b2b03fcc8610ddc2bdc9afadfd6681d756839431fd6be85368c016602e4b,yes,yes,included_bibliography,- Discrete Mathematics and Its Applications – Kenneth H. Rosen
textbooks,/Users/Suhas.KS/textbooks.md,56,bibliography_entry,6aaefeb7f72e1f017cb70bc6719fb311bcfa2b490eefb1e3967fae7357739bfe,yes,yes,included_bibliography,- Discrete and Combinatorial Mathematics: An Applied Introduction – Ralph P. Grimaldi
textbooks,/Users/Suhas.KS/textbooks.md,57,blank,e3b0c44298fc1c149afbf4c8996fb92427ae41e4649b934ca495991b7852b855,yes,no,blank_line,
textbooks,/Users/Suhas.KS/textbooks.md,58,bibliography_heading,40aaeb253ff4626b7c53e557ea53189d6d2ac0bf4334367f7acd249c6c1f6dfe,yes,yes,included_bibliography,**Linear Algebra**
textbooks,/Users/Suhas.KS/textbooks.md,59,bibliography_entry,7fd03486d5e3d5e5e4abde423d4d8c48d252a4d42d5849fb2baddf0d399a1638,yes,yes,included_bibliography,- Introduction to Linear Algebra – Gilbert Strang
textbooks,/Users/Suhas.KS/textbooks.md,60,blank,e3b0c44298fc1c149afbf4c8996fb92427ae41e4649b934ca495991b7852b855,yes,no,blank_line,
textbooks,/Users/Suhas.KS/textbooks.md,61,bibliography_heading,dae66b7c4cd21a74be866ef3690f0baabbbd95b5453df5460d56cd32d185da39,yes,yes,included_bibliography,**Higher Engineering Mathematics**
textbooks,/Users/Suhas.KS/textbooks.md,62,bibliography_entry,05e048619459998bd5166e51a84edb00ba67ef9543a59b0c09e6e77117421997,yes,yes,included_bibliography,- Higher Engineering Mathematics (44th/45th Edition) – B.S. Grewal
textbooks,/Users/Suhas.KS/textbooks.md,63,blank,e3b0c44298fc1c149afbf4c8996fb92427ae41e4649b934ca495991b7852b855,yes,no,blank_line,
textbooks,/Users/Suhas.KS/textbooks.md,64,bibliography_heading,a3595321c76dd7d22db5a4cb67ff9c706a0a294e1f1d4c9ebd10cb56a16523fb,yes,yes,included_bibliography,"**Signals, Systems & Digital Signal Processing**"
textbooks,/Users/Suhas.KS/textbooks.md,65,bibliography_entry,ffef1435515f0a6f23d854a67783e94c9dcb185c094d65685788e447b2f1da8a,yes,yes,included_bibliography,- Signals and Systems – Alan V. Oppenheim & Alan S. Willsky
textbooks,/Users/Suhas.KS/textbooks.md,66,bibliography_entry,ce99dfe3861994c480f77ea44a1dd1ead19230095ef02879083f787a03b5c259,yes,yes,included_bibliography,"- Digital Signal Processing: Principles, Algorithms, and Applications – John G. Proakis & Dimitris G. Manolakis"
textbooks,/Users/Suhas.KS/textbooks.md,67,bibliography_entry,7dc6fcbcf6732d87ae1f3188bf5c502e9093d70ac104b139865335d66dde8d53,yes,yes,included_bibliography,- Understanding Digital Signal Processing – Richard G. Lyons
textbooks,/Users/Suhas.KS/textbooks.md,68,bibliography_entry,6030929462b7c52b5c6929eb6e56d857effbc875f135d4517c8bc2096da95b6c,yes,yes,included_bibliography,- Linear Systems and Signals – B.P. Lathi
textbooks,/Users/Suhas.KS/textbooks.md,69,bibliography_entry,41b9b8e43f45a45dfb9142f5f70d5f354a5c723913ce3f8654697855a1a06127,yes,yes,included_bibliography,- Discrete-Time Signal Processing – Alan V. Oppenheim & Ronald W. Schafer
textbooks,/Users/Suhas.KS/textbooks.md,70,bibliography_entry,6934b19c44eb8f1d059c6cc699b4f050a8eb4a1551525b6b1c08b9844b78b14d,yes,yes,included_bibliography,- Digital Communications – John G. Proakis & Masoud Salehi
textbooks,/Users/Suhas.KS/textbooks.md,71,blank,e3b0c44298fc1c149afbf4c8996fb92427ae41e4649b934ca495991b7852b855,yes,no,blank_line,
textbooks,/Users/Suhas.KS/textbooks.md,72,bibliography_heading,b50c5051a38e53a2a887805571c534801ac5f2e97f2deba3043e2066b9d0f747,yes,yes,included_bibliography,**Information Theory**
textbooks,/Users/Suhas.KS/textbooks.md,73,bibliography_entry,bde6d3931909501a035173c24e7cfdf38a1100afede4fd21236147e1b4bba106,yes,yes,included_bibliography,- Elements of Information Theory – Cover & Thomas
textbooks,/Users/Suhas.KS/textbooks.md,74,blank,e3b0c44298fc1c149afbf4c8996fb92427ae41e4649b934ca495991b7852b855,yes,no,blank_line,
textbooks,/Users/Suhas.KS/textbooks.md,75,bibliography_heading,ffbbdc035f7b01aa9c7499552566a7cc5f8a8ea88fbbbf88d92c165ad50b2843,yes,yes,included_bibliography,**Software Engineering**
textbooks,/Users/Suhas.KS/textbooks.md,76,bibliography_entry,200f8d3b2fef8d7e00a210cbcd78cbdbfe0cbe8aaa9656000b57ed486cc7c637,yes,yes,included_bibliography,"- Software Engineering at Google – Titus Winters, Tom Manshreck, Hyrum Wright"
textbooks,/Users/Suhas.KS/textbooks.md,77,bibliography_entry,98159ec744e5931d2e3b1d61d8c8039d065ff1287d99de4bcb7c6f58060bee76,yes,yes,included_bibliography,- Effective Software Testing: A Developer’s Guide – Mauricio Aniche
textbooks,/Users/Suhas.KS/textbooks.md,78,bibliography_entry,f08ecb209f2e85aaa2a85456dff6f47da2cda51eea585dd8da97fe63ff328a55,yes,yes,included_bibliography,- The Programmer’s Brain – Felienne Hermans
textbooks,/Users/Suhas.KS/textbooks.md,79,bibliography_entry,ea98889b99ee1a67264c851216da76822c78e138c6b45e6a946bddb0243247f3,yes,yes,included_bibliography,- Fundamentals of Software Architecture – Mark Richards & Neal Ford
textbooks,/Users/Suhas.KS/textbooks.md,80,bibliography_entry,8067c17c49e53252079e0abd03c99d15f61b7074c8af6077c4986caa285530dc,yes,yes,included_bibliography,- Refactoring: Improving the Design of Existing Code – Martin Fowler
textbooks,/Users/Suhas.KS/textbooks.md,81,bibliography_entry,0059d353921ee7c573cc2b7128beeae4fee2b141b11e14375f760175c2e84108,yes,yes,included_bibliography,- Learn React with TypeScript 3 – Carl Rippon
textbooks,/Users/Suhas.KS/textbooks.md,82,bibliography_entry,4d516f65453e8041befa5a83d1ee3e379387b43b9b34920391a182e5091e7bf8,yes,yes,included_bibliography,- Programming TypeScript – Boris Cherny
textbooks,/Users/Suhas.KS/textbooks.md,83,blank,e3b0c44298fc1c149afbf4c8996fb92427ae41e4649b934ca495991b7852b855,yes,no,blank_line,
textbooks,/Users/Suhas.KS/textbooks.md,84,bibliography_heading,1646f93a940600158b7ffbdf582cf621a87acb4e9ab53999c222d75dc2241f63,yes,yes,included_bibliography,**Mechanical & Fluid Engineering**
textbooks,/Users/Suhas.KS/textbooks.md,85,bibliography_entry,03f90ab91d45cb50d5376384dc9813640246fed3ff515c87f702d2a0fbd7b20b,yes,yes,included_bibliography,- Fluid Dynamics – M.D. Raisinghania
textbooks,/Users/Suhas.KS/textbooks.md,86,bibliography_entry,9b1252070720915e98c258025db5a81888710d9a4e82f0deb76d82fe14a34bb5,yes,yes,included_bibliography,- Manufacturing Engineering and Technology – S.R. Schmid
textbooks,/Users/Suhas.KS/textbooks.md,87,bibliography_entry,cba2b857cdc21380093fd2ed1783ccadd24963f8d8355c51fadf95b935372918,yes,yes,included_bibliography,- Theory of Mechanisms and Machines
textbooks,/Users/Suhas.KS/textbooks.md,88,blank,e3b0c44298fc1c149afbf4c8996fb92427ae41e4649b934ca495991b7852b855,yes,no,blank_line,
textbooks,/Users/Suhas.KS/textbooks.md,89,bibliography_heading,d7353bf4d4a9ed0f7087658c6fbea5b2f03646620c3dc5f53abdb69e7de1f726,yes,yes,included_bibliography,**Aerospace Engineering**
textbooks,/Users/Suhas.KS/textbooks.md,90,bibliography_entry,cb376e0c96821bf73613a891905bbe4262814694749c1ccb5937a5733382c864,yes,yes,included_bibliography,- Introduction to Aerospace Engineering
textbooks,/Users/Suhas.KS/textbooks.md,91,blank,e3b0c44298fc1c149afbf4c8996fb92427ae41e4649b934ca495991b7852b855,yes,no,blank_line,
textbooks,/Users/Suhas.KS/textbooks.md,92,bibliography_heading,1121998231c7cf05a704d58e9c880d0091376a34d2a5cbf5655d2b134b0e8bd9,yes,yes,included_bibliography,**Clinical & Basic Medical Sciences**
textbooks,/Users/Suhas.KS/textbooks.md,93,bibliography_entry,a68197612b61d3514b5b0ec6e59a85ecf67028c6fe35bf579054fd0a54de81a2,yes,yes,included_bibliography,- Pathology: The Big Picture (2026 Update)
textbooks,/Users/Suhas.KS/textbooks.md,94,bibliography_entry,eac6ae37eb059ec0d8ea3fa4acfe88a9e6f1d14872db7401f8ec888de9778ba0,yes,yes,included_bibliography,- Levinson’s Review of Medical Microbiology
textbooks,/Users/Suhas.KS/textbooks.md,95,bibliography_entry,929c6285200c58afefcdbf7127d7033d050b6a02f745d93e9cd29117f90fb0d2,yes,yes,included_bibliography,"- Jawetz, Melnick, & Adelberg’s Medical Microbiology"
textbooks,/Users/Suhas.KS/textbooks.md,96,bibliography_entry,3b611184be4e6ea3b2c5570849a838e29f7ecb8d375a3351656abee92a18cb25,yes,yes,included_bibliography,- LANGE Q&A: Physician Assistant Examination (8th Edition)
textbooks,/Users/Suhas.KS/textbooks.md,97,bibliography_entry,3133287de450371d01b12da8cc856a90b489d1650526327f4f434d61973419a0,yes,yes,included_bibliography,"- AccessMedicine full suite (Anatomy & Physiology, Biochemistry, Microbiology, Pathology, Pharmacology, Clinical Diagnosis & Treatment, Radiology, etc.)"
analysis,/Users/Suhas.KS/CurriculumSpine2.txt,1,blank,e3b0c44298fc1c149afbf4c8996fb92427ae41e4649b934ca495991b7852b855,yes,no,blank_line,
analysis,/Users/Suhas.KS/CurriculumSpine2.txt,2,analysis_content,1a9bb1b49c42b91560f21bade98d618d71223f1ba3551bff2890ab8b7750a581,yes,yes,included_analysis_content,Comprehensive Analysis of Advanced Computational and Mathematical Curricula
analysis,/Users/Suhas.KS/CurriculumSpine2.txt,3,analysis_meta,a5a78fd21b525a0779674f0e7c37e0e19247f7032f0cbbab1592a4d093370d79,yes,no,excluded_meta_or_audit,"The rapid evolution of artificial intelligence, machine learning, and digital signal processing demands an exceptionally rigorous pedagogical foundation. The tr"
analysis,/Users/Suhas.KS/CurriculumSpine2.txt,4,analysis_meta,ce6c5b8fb1c3f452b3429eb9a4c7a310c3a5d5e6cad5cbeec6937f8a1deba85c,yes,no,excluded_meta_or_audit,"In strict adherence to the parameters of this analysis, the narrative prose provides the qualitative reasoning, historical context, and mechanistic implications"
analysis,/Users/Suhas.KS/CurriculumSpine2.txt,5,analysis_meta,bbfa3625f0f1c2c205472de842583dc9124d2d85bf8c53612e8538f8fe96d14a,yes,no,excluded_meta_or_audit,Initial Assimilation and Inventory Verification
analysis,/Users/Suhas.KS/CurriculumSpine2.txt,6,analysis_meta,bb46b550ab1b5ff77b0044ee1afa596ab4f6eb066872d8b5f7a142bcfbf96468,yes,no,excluded_meta_or_audit,"Before initiating the comprehensive deconstruction of subject domains, the following core academic texts and frameworks have been assimilated to form the basis "
analysis,/Users/Suhas.KS/CurriculumSpine2.txt,7,analysis_content,e899c5c629cc26716b19a52177424b08c545fda3e50c8aa1fca5cda3028f5f24,yes,yes,included_analysis_content,Foundational Mathematics and Continuous Analysis
analysis,/Users/Suhas.KS/CurriculumSpine2.txt,8,analysis_content,6191a16de2e132866c6c794a903789b2a492dd391f2b6a3081a781252b11fe8f,yes,yes,included_analysis_content,Mathematical analysis and linear algebra provide the absolute structural underpinnings required to manipulate high-dimensional data arrays and understand the co
analysis,/Users/Suhas.KS/CurriculumSpine2.txt,9,analysis_content,6feb0f5ab682f597395338c0d97fd0f3239aee374228d5439fc1c2c36b965bfb,yes,yes,included_analysis_content,"Similarly, Strang’s exposition on vector spaces and orthogonal projections serves as the mechanistic precursor to principal component analysis (PCA), singular v"
analysis,/Users/Suhas.KS/CurriculumSpine2.txt,10,deconstruction_heading,c7524a7341d5ff18f6f8b04452da3f8405995fa8cb7374250d8d86982156d366,yes,yes,included_analysis_content,Textbook Deconstruction: Calculus (Michael Spivak)
analysis,/Users/Suhas.KS/CurriculumSpine2.txt,11,table_header,c9ba99ce95eeccdfd9eeb9364551383b65067773e8e54f158d61347b3cf0c236,yes,yes,included_analysis_content,"Categorization	Exhaustive List of Topics, Concepts, Chapters, Modules, Exercises, and Problems"
analysis,/Users/Suhas.KS/CurriculumSpine2.txt,12,analysis_content,be4085409caf163e21adfd3757428380d3b9138149ca05d55295f085188373c6,yes,yes,included_analysis_content,"Prologue	1. Basic Properties of Numbers, 2. Numbers of Various Sorts."
analysis,/Users/Suhas.KS/CurriculumSpine2.txt,13,analysis_content,884add081645ddfa5c600a1a95a5428de433f30df76c19a045e062aead636d12,yes,yes,included_analysis_content,"Foundations	3. Functions, Appendix: Ordered Pairs, 4. Graphs, Appendix 1: Vectors, Appendix 2: The Conic Sections, Appendix 3: Polar Coordinates, 5. Limits, 6. "
analysis,/Users/Suhas.KS/CurriculumSpine2.txt,14,analysis_content,48d828d80ccdfa2b26a5e834b613eb778b51608a85f6a4a9d154da524277f4c9,yes,yes,included_analysis_content,"Derivatives and Integrals	9. Derivatives, 10. Differentiation, 11. Significance of the Derivative, Appendix: Convexity and Concavity, 12. Inverse Functions, App"
analysis,/Users/Suhas.KS/CurriculumSpine2.txt,15,analysis_content,3c1f8b358a5b3decc8c9d57e0a5553391f647e4993ec3d9c2b9b0748b70d622c,yes,yes,included_analysis_content,"Sequences and Series	20. Approximation by Polynomial Functions, 21. e is Transcendental, 22. Infinite Sequences, 23. Infinite Series, 24. Uniform Convergence an"
analysis,/Users/Suhas.KS/CurriculumSpine2.txt,16,analysis_content,f30a22e05ff102b0e9320244a60b1e7b895bf1cb4558ed454dd07137b71219d5,yes,yes,included_analysis_content,"Epilogue	28. Fields, 29. Construction of the Real Numbers, 30. Uniqueness of the Real Numbers."
analysis,/Users/Suhas.KS/CurriculumSpine2.txt,17,analysis_content,36c0f99d33fead950892a6f72d258cb407e1660811104b5af83dcabfaa15a04e,yes,yes,included_analysis_content,"Exercises & Addenda	Answers to Selected Problems, Glossary of Symbols, Suggested Reading."
analysis,/Users/Suhas.KS/CurriculumSpine2.txt,18,deconstruction_heading,821cf41ce7b91ecc5790adf35b91467e91a1756a175d53eb0b867594f2b928e6,yes,yes,included_analysis_content,Textbook Deconstruction: Principles of Mathematical Analysis (Walter Rudin)
analysis,/Users/Suhas.KS/CurriculumSpine2.txt,19,table_header,c9ba99ce95eeccdfd9eeb9364551383b65067773e8e54f158d61347b3cf0c236,yes,yes,included_analysis_content,"Categorization	Exhaustive List of Topics, Concepts, Chapters, Modules, Exercises, and Problems"
analysis,/Users/Suhas.KS/CurriculumSpine2.txt,20,analysis_content,b374ddb75bc9c98bc147712409534290799fa18ac0ceb2f0428675bf432bf273,yes,yes,included_analysis_content,"Foundational Systems	Chapter 1: The Real and Complex Number Systems (Ordered Sets, Fields, The Real Field, Extended Real Number System, The Complex Field, Eucli"
analysis,/Users/Suhas.KS/CurriculumSpine2.txt,21,analysis_content,ea0b7565444913d07bc00bd399549778e10c4adcbc915bfee096ee83f4508731,yes,yes,included_analysis_content,"Topology & Convergence	Chapter 2: Basic Topology (Finite/Countable/Uncountable Sets, Metric Spaces, Compact Sets, Perfect Sets, Connected Sets). Chapter 3: Nume"
analysis,/Users/Suhas.KS/CurriculumSpine2.txt,22,analysis_content,a9e1eeea00cdbbef872d2c62cd78aad6bdb028b3133c5a1d0d9fe46aebdecaca,yes,yes,included_analysis_content,"Continuity & Derivatives	Chapter 4: Continuity (Limits of Functions, Continuous Functions, Continuity and Compactness, Continuity and Connectedness, Discontinui"
analysis,/Users/Suhas.KS/CurriculumSpine2.txt,23,analysis_content,fcce1ca1a9591d529c7d6be9964be4c38280d785590d1bc953ad62346090685c,yes,yes,included_analysis_content,"Integration & Functions	Chapter 6: The Riemann-Stieltjes Integral. Chapter 7: Sequences and Series of Functions (Uniform Convergence, Uniform Convergence and Co"
analysis,/Users/Suhas.KS/CurriculumSpine2.txt,24,analysis_content,1d7e70e869f818d0fdf571e8cfffa5ca064eef6612589667e61b553dcc4c60d9,yes,yes,included_analysis_content,"Multivariate & Measure Theory	Chapter 9: Functions of Several Variables (Linear Transformations, The Contraction Principle, The Inverse Function Theorem, The Im"
analysis,/Users/Suhas.KS/CurriculumSpine2.txt,25,analysis_content,79c34f62de720f49eb6eacca104dc371371dd082b166bb5b263b780f4ccf3382,yes,yes,included_analysis_content,"Exercises & Addenda	End-of-chapter exercises (Chapters 1-11), Bibliography, List of Special Symbols."
analysis,/Users/Suhas.KS/CurriculumSpine2.txt,26,deconstruction_heading,88e67ee18cb055d519379efadbe5fb30b090acad680ce85e5957da1dc2dcf894,yes,yes,included_analysis_content,Textbook Deconstruction: Linear Algebra and Its Applications (Gilbert Strang)
analysis,/Users/Suhas.KS/CurriculumSpine2.txt,27,table_header,c9ba99ce95eeccdfd9eeb9364551383b65067773e8e54f158d61347b3cf0c236,yes,yes,included_analysis_content,"Categorization	Exhaustive List of Topics, Concepts, Chapters, Modules, Exercises, and Problems"
analysis,/Users/Suhas.KS/CurriculumSpine2.txt,28,analysis_content,f8d70178587d593e8244fe42f373fe3f4c6b8d36bf3b3409065a19088a65edfd,yes,yes,included_analysis_content,"Linear Systems	1. Matrices and Gaussian Elimination, 1.1 Introduction, 1.2 The Geometry of Linear Equations, 1.3 An Example of Gaussian Elimination. 2. Vector S"
analysis,/Users/Suhas.KS/CurriculumSpine2.txt,29,analysis_content,bd6b0d94be229764680c7e2c4d95e5f1c2506267a33d7b30d1fdf7c44e37c13f,yes,yes,included_analysis_content,"Orthogonality & Determinants	3. Orthogonality, 3.1 Perpendicular Vectors and Orthogonal Subspaces. 4. Determinants, 4.1 Introduction."
analysis,/Users/Suhas.KS/CurriculumSpine2.txt,30,analysis_content,d243f3ad04be8cb31e0bafc532a211bd358b1d75eac1d360b7a00c0a29596c30,yes,yes,included_analysis_content,"Eigen Theory	5. Eigenvalues and Eigenvectors, 5.1 Introduction, 5.2 Diagonalization of a Matrix, 5.3 Difference Equations and Powers A^k, 5.4 Differential Equat"
analysis,/Users/Suhas.KS/CurriculumSpine2.txt,31,analysis_content,8df470a6f02829d5aee012ed393efcfbc87578c659228ba9de014c30338865c1,yes,yes,included_analysis_content,"Advanced Applications	6. Positive Definite Matrices, 6.1 Minima, Maxima, and Saddle Points. 7. Computations with Matrices, 7.1 Introduction. 8. Linear Programmi"
analysis,/Users/Suhas.KS/CurriculumSpine2.txt,32,analysis_content,9ba0415a3ad042c806a03096b2fb5e3a64b8cd69a1ad8c5adf7f55f1aa839fd5,yes,yes,included_analysis_content,"Exercises & Addenda	End-of-chapter Review Exercises (e.g., Review Exercises: Chapter 5)."
analysis,/Users/Suhas.KS/CurriculumSpine2.txt,33,audit_checkpoint,134bae43c9ded660b2767c1f23cdaf3f1ecafad5bd33c1dcf2bc5eb201be9b84,yes,no,excluded_meta_or_audit,"Audit Checkpoint 1: The inventory has successfully verified coverage of Spivak, Rudin, and Strang. The topical lists exhaustively represent chapter structures a"
analysis,/Users/Suhas.KS/CurriculumSpine2.txt,34,subject_heading,75ecd5f0085738d710741ea91d0ab977db65e874c3b9b12ebf502f5393d92c83,yes,yes,included_analysis_content,"Probability, Statistics, and Inference Theory"
analysis,/Users/Suhas.KS/CurriculumSpine2.txt,35,analysis_content,cb4a01d26d099a23f33a160e50bd58ed4409c5c524bcaa2f14f34b9e6a6cac0b,yes,yes,included_analysis_content,"The formalization of uncertainty is the linchpin connecting static datasets to predictive modeling. Statistical inference moves beyond descriptive metrics, prov"
analysis,/Users/Suhas.KS/CurriculumSpine2.txt,36,analysis_content,8641ea8a81e176a469fa00b71d8e7b143d10de26dbcc7f277bd6432f33779bb3,yes,yes,included_analysis_content,"Wasserman accelerates the implementation phase, transitioning rapidly to data mining and non-parametric modeling, indicating a shift from pure mathematics to ap"
analysis,/Users/Suhas.KS/CurriculumSpine2.txt,37,deconstruction_heading,9fb4314608bc964f4f655b44a17ebbd17fec14567d72532a6d9359f6e3ef2a43,yes,yes,included_analysis_content,Textbook Deconstruction: Probability Theory: The Logic of Science (E.T. Jaynes)
analysis,/Users/Suhas.KS/CurriculumSpine2.txt,38,table_header,c9ba99ce95eeccdfd9eeb9364551383b65067773e8e54f158d61347b3cf0c236,yes,yes,included_analysis_content,"Categorization	Exhaustive List of Topics, Concepts, Chapters, Modules, Exercises, and Problems"
analysis,/Users/Suhas.KS/CurriculumSpine2.txt,39,analysis_content,8082f2d86a237aad9fde1e840b9dd0e2cbd0d393efdb854b31fc8dd60013abfd,yes,yes,included_analysis_content,"Principles & Logic	Part I: Principles and elementary applications. 1. Plausible reasoning (Deductive and plausible reasoning, Analogies with physical theories, "
analysis,/Users/Suhas.KS/CurriculumSpine2.txt,40,analysis_content,63add354351079456daf210028061782939b1b1f878a03864d2328c6acc64d27,yes,yes,included_analysis_content,"Sampling & Testing	3. Elementary sampling theory (Sampling without replacement, Logic vs. propensity, Reasoning from less precise information, Expectations, Pro"
analysis,/Users/Suhas.KS/CurriculumSpine2.txt,41,analysis_content,01ec5ce9a26e10239ccb5093c6522791c72db7926890ef459fec388e0f135454,yes,yes,included_analysis_content,"Estimation & Physics	5. Queer uses for probability theory (Extrasensory perception, Mrs Stewart's telepathic powers, Converging and diverging views, Visual perc"
analysis,/Users/Suhas.KS/CurriculumSpine2.txt,42,analysis_content,b67dfc89c7a243fab17dcf6f4acb531980fa1025eba69f80fab088f631693cc8,yes,yes,included_analysis_content,"Advanced Inference	8. Sufficiency, ancillarity, and all that (Fisher sufficiency, Blackwell-Rao theorem, Generalized sufficiency, The likelihood principle, Anci"
analysis,/Users/Suhas.KS/CurriculumSpine2.txt,43,analysis_content,fc3d2883c7b2be56f6468ad13cc4a64813f92ddcb22252ff5cfe91eeed8dc657,yes,yes,included_analysis_content,"Advanced Applications	Part II: Advanced applications. 11. Discrete prior probabilities: the entropy principle (Shannon's theorem, Wallis derivation, Maximum ent"
analysis,/Users/Suhas.KS/CurriculumSpine2.txt,44,analysis_content,d3d4f0bd74901d1be06535234703f5ad62c7b20e65f1c3fed2ff028cf48e847d,yes,yes,included_analysis_content,"Orthodox Methods	16. Orthodox methods: historical background (Ronald Fisher, Harold Jeffreys, Jerzy Neyman, Pro-causal/Anti-causal bias). 17. Principles and pat"
analysis,/Users/Suhas.KS/CurriculumSpine2.txt,45,analysis_content,a2498591938555f70b3eeb0f61511f48dfc2e5dff093944dbfbb69a66e4b0399,yes,yes,included_analysis_content,Appendices & Addenda	Appendix A: Other approaches to probability theory. Appendix B: Mathematical formalities and style. Appendix C: Convolutions and cumulants.
analysis,/Users/Suhas.KS/CurriculumSpine2.txt,46,deconstruction_heading,4bc46c39f893b913c1d858e307501e1a39633bb3e10c4db5868b6a580b29f2d7,yes,yes,included_analysis_content,Textbook Deconstruction: All of Statistics (Larry Wasserman)
analysis,/Users/Suhas.KS/CurriculumSpine2.txt,47,table_header,c9ba99ce95eeccdfd9eeb9364551383b65067773e8e54f158d61347b3cf0c236,yes,yes,included_analysis_content,"Categorization	Exhaustive List of Topics, Concepts, Chapters, Modules, Exercises, and Problems"
analysis,/Users/Suhas.KS/CurriculumSpine2.txt,48,analysis_content,d0a98f753e37915933d3676f9a7646d8230073aab3a08b6c3d966666dfe98179,yes,yes,included_analysis_content,"Probability	Part I: Probability. 1. Probability (Introduction, Sample Spaces and Events, Probability). Random Variables, Probability Distributions, Expectations"
analysis,/Users/Suhas.KS/CurriculumSpine2.txt,49,analysis_content,2d174a701fa536d7db894d7537ca1630affc6e716a4dd33227177be0805fb0be,yes,yes,included_analysis_content,"Statistical Inference	Part II: Statistical Inference. Estimation, Hypothesis Testing, Confidence Intervals, The Method of Moments. 9. Parametric Inference (Para"
analysis,/Users/Suhas.KS/CurriculumSpine2.txt,50,analysis_content,97fa44d9634ab60eaedd51333f74e73b904ea3ccea842301176b28b0cadc2938,yes,yes,included_analysis_content,"Models & Nonparametric Inference	Nonparametric Inference, Nonparametric Curve Estimation, Density Estimation, Graphical Exploratory Data Analysis, Classificatio"
analysis,/Users/Suhas.KS/CurriculumSpine2.txt,51,analysis_content,2095cdc5e8213984d64f2ba1c867f459a97627abba8395ca6ce4517c123478af,yes,yes,included_analysis_content,"Exercises & Addenda	End-of-chapter Exercises (e.g., Chapter 8 Exercises, Chapter 9 Exercises)."
analysis,/Users/Suhas.KS/CurriculumSpine2.txt,52,deconstruction_heading,571b586a5c2b11b305892bf1058a636ccab1f180200bc9db6ee66136c74faaf9,yes,yes,included_analysis_content,"Textbook Deconstruction: Statistical Inference (George Casella, Roger L. Berger)"
analysis,/Users/Suhas.KS/CurriculumSpine2.txt,53,table_header,c9ba99ce95eeccdfd9eeb9364551383b65067773e8e54f158d61347b3cf0c236,yes,yes,included_analysis_content,"Categorization	Exhaustive List of Topics, Concepts, Chapters, Modules, Exercises, and Problems"
analysis,/Users/Suhas.KS/CurriculumSpine2.txt,54,analysis_content,cf87d08afbf7f8f19fddf74b6ce0154db596ab35d9f9bca4dd9ac08e979b50b4,yes,yes,included_analysis_content,"Probability & Distributions	1. Probability Theory (Set Theory). 2. Transformations and Expectations (Distribution of Functions of a Random Variable, Expected Va"
analysis,/Users/Suhas.KS/CurriculumSpine2.txt,55,analysis_content,fd5cc276675c447f3207fd1f59fc204a1a26a78191da7ce3bee5488fe4604b90,yes,yes,included_analysis_content,"Sampling & Data Reduction	5. Properties of a Random Sample (Basic Concepts of Random Samples, Sampling from the Normal Distribution, Properties of the Sample Me"
analysis,/Users/Suhas.KS/CurriculumSpine2.txt,56,analysis_content,a74468de641ad999a94687b024368af64021deeecfef7fb2b1b1cae478ed8646,yes,yes,included_analysis_content,Estimation & Hypothesis Testing	7. Point Estimation (Properties of Estimators). 8. Hypothesis Testing. 9. Interval Estimation. 10. Asymptotic Evaluations (Point
analysis,/Users/Suhas.KS/CurriculumSpine2.txt,57,analysis_content,58c14e8d4ef5f94bcadc2a495263359d8ec43681c756fee38ceba27b8e519783,yes,yes,included_analysis_content,"Regression Models	11. Analysis of Variance and Regression. 12. Regression Models (Functional and Structural Relationships, A Least Squares Solution, Maximum Lik"
analysis,/Users/Suhas.KS/CurriculumSpine2.txt,58,analysis_content,0c43f567f414faba9dc3b9f26e12a6019816d075c3a34659239c7bc34ed22df6,yes,yes,included_analysis_content,"Exercises & Addenda	502 Examples, 625 Exercises (e.g., 12.5 Exercises, 12.6 Miscellanea). Appendix: Computer Algebra. Table of Common Distributions. References."
analysis,/Users/Suhas.KS/CurriculumSpine2.txt,59,audit_checkpoint,020100274210adc34a25f64450dbfd360576b7bfe9a8d467e9773479b3d18c07,yes,no,excluded_meta_or_audit,"Audit Checkpoint 2: The analysis correctly incorporates Jaynes, Wasserman, and Casella & Berger. The tables explicitly identify the presence of exercises, probl"
analysis,/Users/Suhas.KS/CurriculumSpine2.txt,60,analysis_content,79a128f869596282fecb55c073b364836e8a9feed6d80ab36f96f21edba72f4c,yes,yes,included_analysis_content,"Algorithms, Optimization, and Engineering Computation"
analysis,/Users/Suhas.KS/CurriculumSpine2.txt,61,analysis_content,769d5d4180bc488dbe0166dfe7e695598700b4e02e4a211ff4e6edaaccbdee61,yes,yes,included_analysis_content,"Optimization processes govern the convergence vectors of nearly all training paradigms. When executing backpropagation across millions of parameters, the comput"
analysis,/Users/Suhas.KS/CurriculumSpine2.txt,62,analysis_content,5cbcef082c2e92b6cf378da07dfcd2eadbfd35317d51f017d8d499aab7487214,yes,yes,included_analysis_content,Kreyszig’s exhaustive engineering mathematics and Proakis’s signal processing lay the foundation for interacting with continuous physical data in discrete digit
analysis,/Users/Suhas.KS/CurriculumSpine2.txt,63,deconstruction_heading,277903a4f9029d0a7e6a61f8253b870cbdfdd311e8bd3e0ffaad713926076cbb,yes,yes,included_analysis_content,"Textbook Deconstruction: Introduction to Algorithms (Cormen, Leiserson, Rivest, Stein)"
analysis,/Users/Suhas.KS/CurriculumSpine2.txt,64,table_header,c9ba99ce95eeccdfd9eeb9364551383b65067773e8e54f158d61347b3cf0c236,yes,yes,included_analysis_content,"Categorization	Exhaustive List of Topics, Concepts, Chapters, Modules, Exercises, and Problems"
analysis,/Users/Suhas.KS/CurriculumSpine2.txt,65,analysis_content,85bafa11a1613bf70235400f705df150c00893c774b7e7dd5827a4f4ba35b212,yes,yes,included_analysis_content,"Foundations	1. The Role of Algorithms in Computing. 2. Getting Started (Insertion Sort, Analyzing Algorithms, Designing Algorithms). 3. Characterizing Running T"
analysis,/Users/Suhas.KS/CurriculumSpine2.txt,66,analysis_content,c37f1159647dbf84abb74852ab74601d891d99caf839e60e11733baf2767bb6d,yes,yes,included_analysis_content,"Sorting and Order Statistics	6. Heapsort (Priority Queues). 7. Quicksort. 8. Sorting in Linear Time (Counting Sort, Radix Sort, Bucket Sort). 9. Medians and Ord"
analysis,/Users/Suhas.KS/CurriculumSpine2.txt,67,analysis_content,faf13d019d5e6def7483b971ccff5d45daaeb9ce9de58d54055b7a499363e00a,yes,yes,included_analysis_content,"Data Structures	10. Elementary Data Structures (Stacks, Queues, Linked Lists). 11. Hash Tables (Open Addressing). 12. Binary Search Trees. 13. Red-Black Trees. "
analysis,/Users/Suhas.KS/CurriculumSpine2.txt,68,analysis_content,de10d9a1b3d89c306de0971b857f4f7c77a14fe3d350934ce0f56a933adb537b,yes,yes,included_analysis_content,Advanced Design & Analysis	14. Dynamic Programming. 15. Greedy Algorithms. 16. Amortized Analysis.
analysis,/Users/Suhas.KS/CurriculumSpine2.txt,69,analysis_content,4003d47afa4b5f9c10467bdd7e9b74f5a64d1f03a4a71f4446d5030373a0301f,yes,yes,included_analysis_content,"Graph Algorithms	20. Elementary Graph Algorithms (Graph Representations, Traversal Algorithms). 21. Minimum Spanning Trees (Prim's Algorithm, Kruskal's Algorith"
analysis,/Users/Suhas.KS/CurriculumSpine2.txt,70,analysis_content,549f1333db09e92df82e91517cb009c4dd132979dde1c2f1eaac2336c6f630fa,yes,yes,included_analysis_content,"Advanced Topics	31. Number-Theoretic Algorithms (Elementary number-theoretic notions, Greatest common divisor, Modular arithmetic, Solving modular linear equati"
analysis,/Users/Suhas.KS/CurriculumSpine2.txt,71,analysis_content,cfeb8f59f46b09ebd5eb166831b0788f2df99d9ece69fab34e55055cb3cd7fed,yes,yes,included_analysis_content,"Appendices & Exercises	Appendix C: Counting and Probability (C.1 Counting, C.2 Probability, C.3 Discrete random variables, C.4 The geometric and binomial distri"
analysis,/Users/Suhas.KS/CurriculumSpine2.txt,72,deconstruction_heading,07a7bd827d659d425e07ab67351ec1fcd4a976776a8ceedb5f405f5556289942,yes,yes,included_analysis_content,Textbook Deconstruction: Optimization by Vector Space Methods (David G. Luenberger)
analysis,/Users/Suhas.KS/CurriculumSpine2.txt,73,table_header,c9ba99ce95eeccdfd9eeb9364551383b65067773e8e54f158d61347b3cf0c236,yes,yes,included_analysis_content,"Categorization	Exhaustive List of Topics, Concepts, Chapters, Modules, Exercises, and Problems"
analysis,/Users/Suhas.KS/CurriculumSpine2.txt,74,analysis_content,37e2c8a7f8e7a364af49ea6bd901b41240251479d7549ec6b2062149f2843e20,yes,yes,included_analysis_content,Linear & Hilbert Spaces	1. Introduction (The Main Principles). 2. Linear Spaces. 3. Hilbert Space. 4. Approximation (Approximation and Fourier Series). 5. Least
analysis,/Users/Suhas.KS/CurriculumSpine2.txt,75,analysis_content,cc15868a12390a1d3b0e49c3b44ec3de8169f56641902db7edfeb24fc6e0ecb6,yes,yes,included_analysis_content,Operators & Functionals	7. Linear Operators and Adjoints. 8. Optimization of Functionals.
analysis,/Users/Suhas.KS/CurriculumSpine2.txt,76,analysis_content,878746d29b972e99124291d1afc5738f68847c6df2bf3e69f985c66f51491f77,yes,yes,included_analysis_content,Constrained Optimization	9. Global Theory of Constrained Optimization. Local Theory of Constrained Optimization. Inequality Constraints (Kuhn-Tucker Theorem).
analysis,/Users/Suhas.KS/CurriculumSpine2.txt,77,analysis_content,71eeae468de3f6c2f21a6d3040972e07fa07be0be8e82f892c4bdaeb683bdc01,yes,yes,included_analysis_content,"Optimal Control & Iterative Methods	10. Optimal Control Theory (Basic Necessary Conditions, Pontryagin Maximum Principle). 11. Iterative Methods of Optimization"
analysis,/Users/Suhas.KS/CurriculumSpine2.txt,78,analysis_content,a0ceae4b135a85caa0cf6c7382628e653533a499b55e42130c085bc0d86cc748,yes,yes,included_analysis_content,"Exercises & Addenda	End-of-chapter optimization problems, mathematical problems and proofs. Symbol Index, Indexes."
analysis,/Users/Suhas.KS/CurriculumSpine2.txt,79,deconstruction_heading,32f26b81e3756dd18cb5aec4c6678ab24f8cda8638a46022118d10487c21f4cd,yes,yes,included_analysis_content,Textbook Deconstruction: Advanced Engineering Mathematics (Erwin Kreyszig)
analysis,/Users/Suhas.KS/CurriculumSpine2.txt,80,table_header,c9ba99ce95eeccdfd9eeb9364551383b65067773e8e54f158d61347b3cf0c236,yes,yes,included_analysis_content,"Categorization	Exhaustive List of Topics, Concepts, Chapters, Modules, Exercises, and Problems"
analysis,/Users/Suhas.KS/CurriculumSpine2.txt,81,analysis_content,96592b56a2efc3c54aa217b3978cfc5575d64cb6ec930a84fa4cf129554d2e12,yes,yes,included_analysis_content,Ordinary Differential Equations	Part A: Ordinary Differential Equations (ODEs). Chapter 1: First-Order ODEs. Chapter 2: Second-Order Linear ODEs. Chapter 3: Hig
analysis,/Users/Suhas.KS/CurriculumSpine2.txt,82,analysis_content,608718cbebde1e479f1f3e495d8c4f87d25c21ff557dbf7bbf69bdcf5d9cb129,yes,yes,included_analysis_content,"Linear Algebra & Vector Calculus	Part B: Linear Algebra. Chapter 7: Linear Algebra: Matrices, Vectors, Determinants. Chapter 8: Linear Algebra: Matrix Eigenvalu"
analysis,/Users/Suhas.KS/CurriculumSpine2.txt,83,analysis_content,5d1cfe065136146bcb5fee44879b55ca6937714836250d3f4f0dd39e2ac43fbf,yes,yes,included_analysis_content,Fourier Analysis & PDEs	Part C: Fourier Analysis. Chapter 11: Fourier Analysis. Part D: Partial Differential Equations (PDEs). Chapter 12: Partial Differential 
analysis,/Users/Suhas.KS/CurriculumSpine2.txt,84,analysis_content,d530c171e2ebec9b6de2079f3a93787744b53d9f7074d726ce3f36dca92895a9,yes,yes,included_analysis_content,"Complex Analysis	Part E: Complex Analysis. Chapter 13. Chapter 14: Complex Integration (Line Integral in the Complex Plane, Cauchy's Integral Theorem, Cauchy's "
analysis,/Users/Suhas.KS/CurriculumSpine2.txt,85,analysis_content,eff3e1927ef08f30f87df0ae71d217d5bff6450f8b3cb851ba8b7799d89dfeba,yes,yes,included_analysis_content,"Numeric Analysis & Statistics	Part F: Numeric Analysis. Chapter 19-20. Chapter 21: Numerics for ODEs and PDEs (Methods for First-Order ODEs, Multistep Methods, "
analysis,/Users/Suhas.KS/CurriculumSpine2.txt,86,analysis_content,67cec65cfd86905ed4c7e6ee358ba9637f6dcab5962d104eaf24da625153c88f,yes,yes,included_analysis_content,"Exercises & Addenda	Review Questions and Problems (End of chapters 14, 18, 21), Summary sections, CAS projects, CAS problems, CAS experiments, Routine drill exe"
analysis,/Users/Suhas.KS/CurriculumSpine2.txt,87,deconstruction_heading,b8ed7c90b3e9bb14a51376d247ba07945c0cf9430ecacd0338f4f2470978ae77,yes,yes,included_analysis_content,"Textbook Deconstruction: Digital Signal Processing (John G. Proakis, Dimitris G. Manolakis)"
analysis,/Users/Suhas.KS/CurriculumSpine2.txt,88,table_header,c9ba99ce95eeccdfd9eeb9364551383b65067773e8e54f158d61347b3cf0c236,yes,yes,included_analysis_content,"Categorization	Exhaustive List of Topics, Concepts, Chapters, Modules, Exercises, and Problems"
analysis,/Users/Suhas.KS/CurriculumSpine2.txt,89,analysis_content,2a7bef21d6dffc6c96818633c053e85fd32ff848c1ebe6011682fe9e52881878,yes,yes,included_analysis_content,"Signals & LTI Systems	1. Introduction (Signals, Systems, and Signal Processing, Basic Elements of a DSP System, Advantages of Digital over Analog, Classificatio"
analysis,/Users/Suhas.KS/CurriculumSpine2.txt,90,analysis_content,6a2b226f2ecfa68e8ce108f0e708f50218aacfa7d4ffad9b19ca72f6dfcc8b26,yes,yes,included_analysis_content,"z-Transforms	3. The z-Transform and Its Application to the Analysis of LTI Systems (The Direct z-Transform, The Inverse z-Transform, Properties of the z-Transfo"
analysis,/Users/Suhas.KS/CurriculumSpine2.txt,91,analysis_content,15c47db955b48f9604c511ced6a7442d212078d51095555d8cb06924d401c4dd,yes,yes,included_analysis_content,"Frequency Analysis	4. Frequency Analysis of Signals and Systems (Frequency Analysis of Continuous-Time Signals, Concept of Frequency, Continuous-Time/Discrete-T"
analysis,/Users/Suhas.KS/CurriculumSpine2.txt,92,analysis_content,bc70adbffc0804dd5654a81ae43f2153e5052dacffd5cc50fbd132277f7cc40d,yes,yes,included_analysis_content,"Frequency-Domain Analysis	5. Frequency-Domain Analysis of LTI Systems (Frequency-Domain Characteristics, Frequency Response Function, Frequency Response of a Sy"
analysis,/Users/Suhas.KS/CurriculumSpine2.txt,93,analysis_content,14184ac8e2176473279eef92b7ccc91269c3a514ce6a4f749986451ab46bd611,yes,yes,included_analysis_content,"Sampling, Reconstruction & DFT	6. Sampling and Reconstruction of Signals (Ideal Sampling and Reconstruction, Discrete-Time Processing of Continuous-Time Signals"
analysis,/Users/Suhas.KS/CurriculumSpine2.txt,94,analysis_content,3201f42f1f80c8bab1b0adbc5472c80831d1414bad98565544a8ce3436b38775,yes,yes,included_analysis_content,"Implementation & Quantization	8. Implementation of Discrete-Time Systems (Structures for FIR Systems: Direct-Form, Cascade-Form, Frequency-Sampling, Fixed-Point"
analysis,/Users/Suhas.KS/CurriculumSpine2.txt,95,analysis_content,67f19e3e5c5ac59321b3905864902b0710249be5ba6fe30182fc9b53aa7e41b6,yes,yes,included_analysis_content,"Exercises & Addenda	Over 500 end-of-chapter problems, computer problems using MATLAB, References, Summary sections."
analysis,/Users/Suhas.KS/CurriculumSpine2.txt,96,audit_checkpoint,bebb20c4072e7c35879306184f5cc7e6de89bb1fb239aad53f1d875edb478b22,yes,no,excluded_meta_or_audit,"Audit Checkpoint 3: Covered CLRS, Luenberger, Kreyszig, and Proakis. Explicit extraction of exercise volumes (e.g., CLRS's 140 new exercises, Proakis's 500 prob"
analysis,/Users/Suhas.KS/CurriculumSpine2.txt,97,subject_heading,edef06b2e04a15214004385474e5eab3d49035a12444d0ad910b28db778266b9,yes,yes,included_analysis_content,Machine Learning and Artificial Intelligence Architectures
analysis,/Users/Suhas.KS/CurriculumSpine2.txt,98,analysis_content,f30a63d3461859dbe6aa33f730179c0d16b62825f39c51e19a535077e90a098d,yes,yes,included_analysis_content,"The subsequent texts represent the convergence of probabilistic theories, calculus, and discrete mathematics into formalized artificial intelligence engines. Ha"
analysis,/Users/Suhas.KS/CurriculumSpine2.txt,99,analysis_content,ef585630e6f80d9735ee5dc0bca9f4c1d2ffc5c505aa0b1e5ba05730bd3275b5,yes,yes,included_analysis_content,"Goodfellow defines the precise mathematical and operational parameters for contemporary deep learning, while Russell and Norvig encapsulate the entirety of arti"
analysis,/Users/Suhas.KS/CurriculumSpine2.txt,100,deconstruction_heading,fd04126f1d2bda6510cb0adefb6e9874ba34aa9454dc520014cb08793b9b29ee,yes,yes,included_analysis_content,Textbook Deconstruction: Pattern Recognition and Machine Learning (Christopher Bishop)
analysis,/Users/Suhas.KS/CurriculumSpine2.txt,101,table_header,c9ba99ce95eeccdfd9eeb9364551383b65067773e8e54f158d61347b3cf0c236,yes,yes,included_analysis_content,"Categorization	Exhaustive List of Topics, Concepts, Chapters, Modules, Exercises, and Problems"
analysis,/Users/Suhas.KS/CurriculumSpine2.txt,102,analysis_content,12e8aea00f0a5b8182b0db865e684ec228da702dc4788dc86eadebe17c3454cd,yes,yes,included_analysis_content,Foundations & Linear Models	1. Introduction (Polynomial Curve Fitting). 2. Probability Distributions (Binary Variables). 3. Linear Models for Regression. 4. Lin
analysis,/Users/Suhas.KS/CurriculumSpine2.txt,103,analysis_content,c65d851bcb543973913c4d5dc235d7aed70be1bae2a0bd663028e67b12d565b5,yes,yes,included_analysis_content,Neural & Kernel Methods	5. Neural Networks. 6. Kernel Methods. 7. Sparse Kernel Machines.
analysis,/Users/Suhas.KS/CurriculumSpine2.txt,104,analysis_content,f0dd81c1ed2334ca812e9eaa6637e01c12a039978d871f152059a7e4ced4d5bb,yes,yes,included_analysis_content,Probabilistic Graphical Models	8. Graphical Models. 9. Mixture Models and EM. 10. Approximate Inference. 11. Sampling Methods. 12. Continuous Latent Variables. 
analysis,/Users/Suhas.KS/CurriculumSpine2.txt,105,analysis_content,5f18307e8b0e95aa84890cd5f0537a9c66bfa336c4f2fec2279d661fc17f67a2,yes,yes,included_analysis_content,"Exercises & Addenda	431 graded exercises, Solutions manual, Complete set of Figures, Errata."
analysis,/Users/Suhas.KS/CurriculumSpine2.txt,106,deconstruction_heading,344de970e9a2e4f36b8dc8199436f5bc98800c7639978954564fe544b73fef12,yes,yes,included_analysis_content,"Textbook Deconstruction: The Elements of Statistical Learning (Trevor Hastie, Robert Tibshirani, Jerome Friedman)"
analysis,/Users/Suhas.KS/CurriculumSpine2.txt,107,table_header,c9ba99ce95eeccdfd9eeb9364551383b65067773e8e54f158d61347b3cf0c236,yes,yes,included_analysis_content,"Categorization	Exhaustive List of Topics, Concepts, Chapters, Modules, Exercises, and Problems"
analysis,/Users/Suhas.KS/CurriculumSpine2.txt,108,analysis_content,fc07259abf7cdb1fe4cbe067cad8478cb0c08fdd18925069f4707eb4d6e2cf73,yes,yes,included_analysis_content,Supervised Learning Fundamentals	1. Introduction. 2. Overview of Supervised Learning. 3. Linear Methods for Regression. 4. Linear Methods for Classification. 5.
analysis,/Users/Suhas.KS/CurriculumSpine2.txt,109,analysis_content,5c8e2b625db29bccb1320647edc762548a4f0f8966ea3ed1a34499385dba7bcb,yes,yes,included_analysis_content,"Assessment, Inference & Trees	6. Kernel Smoothing Methods. 7. Model Assessment and Selection. 8. Model Inference and Averaging. 9. Additive Models, Trees, and R"
analysis,/Users/Suhas.KS/CurriculumSpine2.txt,110,analysis_content,1d50b0b70cf24fd5645895c2233cab407d780c99d5530e43005baf969936818d,yes,yes,included_analysis_content,Advanced Architectures	11. Neural Networks (Bayesian neural nets). 12. Support Vector Machines and Flexible Discriminants (Path algorithm for SVM classifier). 1
analysis,/Users/Suhas.KS/CurriculumSpine2.txt,111,deconstruction_heading,b1410a7414db8be1509d5fe97a4d3ebb6eeae4d66588f430309b1aeb64b735eb,yes,yes,included_analysis_content,"Textbook Deconstruction: Deep Learning (Ian Goodfellow, Yoshua Bengio, Aaron Courville)"
analysis,/Users/Suhas.KS/CurriculumSpine2.txt,112,table_header,c9ba99ce95eeccdfd9eeb9364551383b65067773e8e54f158d61347b3cf0c236,yes,yes,included_analysis_content,"Categorization	Exhaustive List of Topics, Concepts, Chapters, Modules, Exercises, and Problems"
analysis,/Users/Suhas.KS/CurriculumSpine2.txt,113,analysis_content,62d8e7238002d4a759a3f14b19eec9e624ccb0eada94024f44deea5d24a266de,yes,yes,included_analysis_content,Applied Math & Basics	Part I: Applied Math and Machine Learning Basics. 1. Introduction. 2. Linear Algebra. 3. Probability and Information Theory. 4. Numerical 
analysis,/Users/Suhas.KS/CurriculumSpine2.txt,114,analysis_content,61664db3fe22336c02a526305515772e480bfd4589a4cee69dfb157f7a06eb92,yes,yes,included_analysis_content,Deep Networks	Part II: Deep Networks: Modern Practices. 6. Deep Feedforward Networks. 7. Regularization for Deep Learning. 8. Optimization for Training Deep Mod
analysis,/Users/Suhas.KS/CurriculumSpine2.txt,115,analysis_content,78a9bf43bbaae3e11aa299a775ae514275930f5aee37e36d6a6c0233d6ad772c,yes,yes,included_analysis_content,Advanced Research & Generative Models	Part III: Deep Learning Research. 13. Linear Factor Models. 14. Autoencoders. 15. Representation Learning. 16. Structured 
analysis,/Users/Suhas.KS/CurriculumSpine2.txt,116,deconstruction_heading,b2e37c2f5704891af7079ae75f480cfd64b314fbcdfd35cf3dcee67dc7a3551f,yes,yes,included_analysis_content,"Textbook Deconstruction: Artificial Intelligence: A Modern Approach (Stuart Russell, Peter Norvig)"
analysis,/Users/Suhas.KS/CurriculumSpine2.txt,117,table_header,c9ba99ce95eeccdfd9eeb9364551383b65067773e8e54f158d61347b3cf0c236,yes,yes,included_analysis_content,"Categorization	Exhaustive List of Topics, Concepts, Chapters, Modules, Exercises, and Problems"
analysis,/Users/Suhas.KS/CurriculumSpine2.txt,118,analysis_content,1e2badc7aeb24b8a065b8266bbdb757a3b32ec92ce67552ca03c152f512afcb5,yes,yes,included_analysis_content,Artificial Intelligence & Problem-Solving	Part I: Artificial Intelligence. 1. Introduction. 2. Intelligent Agents. Part II: Problem-solving. 3. Solving Problems
analysis,/Users/Suhas.KS/CurriculumSpine2.txt,119,analysis_content,2529e321f47a974582b2e3c22ccd23196207e1db52f1bb414f6bbf235e83ebaf,yes,yes,included_analysis_content,"Knowledge, Reasoning, and Planning	Part III: Knowledge, reasoning, and planning. 7. Logical Agents. 8. First-Order Logic. 9. Inference in First-Order Logic. 10."
analysis,/Users/Suhas.KS/CurriculumSpine2.txt,120,analysis_content,a60134f56eb05d02c859f63ad90a6d8419ded0809bde520121b6b27d12349f15,yes,yes,included_analysis_content,Uncertain Knowledge & Reasoning	Part IV: Uncertain knowledge and reasoning. 12. Quantifying Uncertainty. 13. Probabilistic Reasoning. 14. Probabilistic Reasonin
analysis,/Users/Suhas.KS/CurriculumSpine2.txt,121,analysis_content,563f524fcbcfc919dee44282d1678cb7728cac06efea14893584073224a2b0cb,yes,yes,included_analysis_content,Machine Learning	Part V: Machine Learning. 19. Learning from Examples. 20. Knowledge in Learning. 21. Learning Probabilistic Models. 22. Deep Learning. 23. Rein
analysis,/Users/Suhas.KS/CurriculumSpine2.txt,122,analysis_content,581f4a2c772f218f174033e384238638277d99ac00d9743352bec10f39275127,yes,yes,included_analysis_content,"Perception, Action & Conclusions	Part VI: Communicating, perceiving, and acting. 24. Natural Language Processing. 25. Deep Learning for Natural Language Process"
analysis,/Users/Suhas.KS/CurriculumSpine2.txt,123,analysis_content,a36719409c90b363bcbb00c7918d20f2e339dbdc51809fd561d2c55074aac74b,yes,yes,included_analysis_content,Exercises & Addenda	Appendix A: Mathematical Background. Appendix B: Notes on Languages and Algorithms. Bibliography. Index. Interactive and website-based exerc
analysis,/Users/Suhas.KS/CurriculumSpine2.txt,124,audit_checkpoint,ebb8464ff1e6c62e2a2c7d746e4e7ccb317b0c8243a4f264cc5f5544be87b869,yes,no,excluded_meta_or_audit,"Audit Checkpoint 4: All prominent ML/AI texts (Bishop, Hastie, Goodfellow, Russell & Norvig) are fully audited. Explicitly listed aimacode repositories and spec"
analysis,/Users/Suhas.KS/CurriculumSpine2.txt,125,subject_heading,91c73d20bbc90e1106e5f0879aca1b7f949256caf8dfe5d60bb897e04d76b01e,yes,yes,included_analysis_content,"Applied Domains: Natural Language, Speech, and Render Pipelines"
analysis,/Users/Suhas.KS/CurriculumSpine2.txt,126,analysis_content,ae986bd54200d8c4aaa7f2b7cc800003b05bc7600169c817d9029f88e7cf668d,yes,yes,included_analysis_content,"Once the mathematical optimization and deep network architectures are theoretically defined, their applied domains expose the intricacies of sequential data mod"
analysis,/Users/Suhas.KS/CurriculumSpine2.txt,127,analysis_content,1d843ccd2c68eb4cae82decb91a7ec204ca1f601e36bc59af1c49a4fde5ae091,yes,yes,included_analysis_content,"Gregory and Akenine-Möller define the simulation environment parameters, illustrating how algorithmic efficiency and multi-threading architectures enable real-t"
analysis,/Users/Suhas.KS/CurriculumSpine2.txt,128,deconstruction_heading,aee060bf8c21b6484b993b34e9368be1fa30f0dec13191e535aaecf9dd479287,yes,yes,included_analysis_content,"Textbook Deconstruction: Speech and Language Processing (Dan Jurafsky, James H. Martin)"
analysis,/Users/Suhas.KS/CurriculumSpine2.txt,129,table_header,c9ba99ce95eeccdfd9eeb9364551383b65067773e8e54f158d61347b3cf0c236,yes,yes,included_analysis_content,"Categorization	Exhaustive List of Topics, Concepts, Chapters, Modules, Exercises, and Problems"
analysis,/Users/Suhas.KS/CurriculumSpine2.txt,130,analysis_content,f928344b7589baf18c755cf602eda69b691f820ef35e5d821ffc15534c8901c8,yes,yes,included_analysis_content,"Large Language Models & Text Processing	Volume I: Large Language Models. 1. Introduction. 2. Words and Tokens (Unicode, Regular Expressions, Text Normalization,"
analysis,/Users/Suhas.KS/CurriculumSpine2.txt,131,analysis_content,38500c0be9288530d1fd1901f61b89c6c6d6f834f6d9a8c4da1b90b26bb7d30a,yes,yes,included_analysis_content,Speech & Translation Processing	12. Machine Translation and Encoder-Decoder Models. 13. RNNs and LSTMs. 14. Phonetics and Speech Feature Extraction. 15. Automat
analysis,/Users/Suhas.KS/CurriculumSpine2.txt,132,analysis_content,cb92884f5a087e4c7a7755a8953be9852787b781d4b092d0eccfb06f568abec9,yes,yes,included_analysis_content,"Annotating Linguistic Structure	Volume II: Annotating Linguistic Structure. 17. Sequence Labeling for Parts of Speech and Named Entities (English Word Classes, "
analysis,/Users/Suhas.KS/CurriculumSpine2.txt,133,analysis_content,be6b5b25b14ce26ff380cb5cac86db400456728467ecaa546e440f9b5d87c06b,yes,yes,included_analysis_content,Web-Only Supplements & Exercises	Appendix A: Hidden Markov Models. Appendix B: Naive Bayes Classification. Appendix C: Kneser-Ney Smoothing. Appendix D: Spellin
analysis,/Users/Suhas.KS/CurriculumSpine2.txt,134,deconstruction_heading,fee89fbfd697a944ef9b8803374aa4bbe7e0db5d2fc5e4181798107ff1f3f050,yes,yes,included_analysis_content,Textbook Deconstruction: Game Engine Architecture (Jason Gregory)
analysis,/Users/Suhas.KS/CurriculumSpine2.txt,135,table_header,c9ba99ce95eeccdfd9eeb9364551383b65067773e8e54f158d61347b3cf0c236,yes,yes,included_analysis_content,"Categorization	Exhaustive List of Topics, Concepts, Chapters, Modules, Exercises, and Problems"
analysis,/Users/Suhas.KS/CurriculumSpine2.txt,136,analysis_content,f9e27fe9836ea46953905abb3f630e6a1d29c493186ad7060ad42069698c30f7,yes,yes,included_analysis_content,"Foundations & Tools	Section I: Foundations. 1. Introduction (Structure of a Typical Game Team, What Is a Game?, What Is a Game Engine?, Engine Differences acros"
analysis,/Users/Suhas.KS/CurriculumSpine2.txt,137,analysis_content,813dff59a3755220b6550437c84ebf11897947ef0de25b57dbd1620016c06a83,yes,yes,included_analysis_content,"Low-Level Engine Systems	Section II: Low-Level Engine Systems. 6. Engine Support Systems (Subsystem Start-Up and Shut-Down, Memory Management). 7. Resources and"
analysis,/Users/Suhas.KS/CurriculumSpine2.txt,138,analysis_content,a2d91482f967867002e657b48b16f9d959be2c976edd86945d1a57fddbdf3ab8,yes,yes,included_analysis_content,"Graphics, Motion and Sound	Section III: Graphics, Motion and Sound. 11. The Rendering Engine. 12. Animation Systems. 13. Collision and Rigid Body Dynamics. 14. "
analysis,/Users/Suhas.KS/CurriculumSpine2.txt,139,analysis_content,978056ee3ab6ff0a3019e7092d606490797d2d931cc09e8f47b2f537bdb64dfb,yes,yes,included_analysis_content,"Gameplay Systems	Section IV: Gameplay. 14. Introduction to Gameplay Systems (Anatomy of a Game World, Implementing Dynamic Elements: Game Objects, Data-Driven G"
analysis,/Users/Suhas.KS/CurriculumSpine2.txt,140,analysis_content,00c18a1cdb970a0e7aed951a70c55764f08e391b4a8ba78326b09ac741bb386d,yes,yes,included_analysis_content,Conclusions	Section V: Conclusion. 17. You Mean There's More?.
analysis,/Users/Suhas.KS/CurriculumSpine2.txt,141,deconstruction_heading,d2d5a8842236d2db273e5592af803ac75ec00fe07eceeb94cd0bb59ceb7276ae,yes,yes,included_analysis_content,Textbook Deconstruction: Real-Time Rendering (Tomas Akenine-Möller et al.)
analysis,/Users/Suhas.KS/CurriculumSpine2.txt,142,table_header,c9ba99ce95eeccdfd9eeb9364551383b65067773e8e54f158d61347b3cf0c236,yes,yes,included_analysis_content,"Categorization	Exhaustive List of Topics, Concepts, Chapters, Modules, Exercises, and Problems"
analysis,/Users/Suhas.KS/CurriculumSpine2.txt,143,analysis_content,f72afca0867bc29d1f2cb1a8f01246b33cd5b4debaa5eb0f069eee75daf8ce57,yes,yes,included_analysis_content,"Pipeline & Hardware	1. Introduction (Contents Overview, Notation and Definitions). 2. The Graphics Rendering Pipeline (Architecture, The Application Stage, Geom"
analysis,/Users/Suhas.KS/CurriculumSpine2.txt,144,analysis_content,e63d158ad3c5afa5b8f514b8bbc1417da33b1db13fe82033065a60ebd4c2773a,yes,yes,included_analysis_content,Shading & Illumination	5. Shading Basics. 6. Texturing. 7. Shadows. 8. Light and Color. 9. Physically Based Shading. 10. Local Illumination. 11. Global Illumina
analysis,/Users/Suhas.KS/CurriculumSpine2.txt,145,analysis_content,f5250b80c5d7634d745fd492bc5c27018688e37a9e459dbc48fb2ceef12e7d9b,yes,yes,included_analysis_content,"Advanced Effects & Manipulation	12. Image-Space Effects (Depth of Field, Tone Mapping, Motion Blur). 13. Beyond Polygons (Particle Systems, Fluid particles, Poi"
analysis,/Users/Suhas.KS/CurriculumSpine2.txt,146,analysis_content,3accba9e9f84d65cca1198ad3e4d4bb3e2a85c2caa76bdc3c5ba0086586fab5c,yes,yes,included_analysis_content,Optimization & Future Outlook	18. Pipeline Optimization. 19. Acceleration Algorithms. 20. Efficient Shading. 21. Virtual and Augmented Reality. 22. Intersection
analysis,/Users/Suhas.KS/CurriculumSpine2.txt,147,analysis_content,e1baf8d006be4bfffbd5e9812bc041a9067dc6e5208620feebb97af208e2742a,yes,yes,included_analysis_content,Web-Only Chapters & Appendices	25. Collision Detection (Available online only). 26. Real-Time Ray Tracing (Available online only). Appendices: Linear Algebra an
analysis,/Users/Suhas.KS/CurriculumSpine2.txt,148,audit_checkpoint,88e12016be86fe9d3a31203f55e4650a83aed5cfaf1923c0641b7f13468c1e8c,yes,no,excluded_meta_or_audit,"Audit Checkpoint 5: Completion of the final domain texts. Jurafsky, Gregory, and Akenine-Möller have been strictly audited for full coverage of the provided doc"
analysis,/Users/Suhas.KS/CurriculumSpine2.txt,149,analysis_content,b7dff54f90bd0fafd5cfda9918713ad13ec6525eda48f07eee12b2cf0fec22ec,yes,yes,included_analysis_content,Deep Learning and Neural Networks Curriculum Topics List
analysis,/Users/Suhas.KS/CurriculumSpine2.txt,150,analysis_content,b30be0a1930982abc27d155d4b695d06de3b502f0b952bc827d470573ba0497c,yes,yes,included_analysis_content,"The pedagogical structure below consolidates curricula parameters from elite institutions (e.g., Harvard's deep learning applications, IIT Madras's deep learnin"
analysis,/Users/Suhas.KS/CurriculumSpine2.txt,151,curriculum_heading,e7eada45362f2ac44468d92272b43d016e570f65d02631f5c9298c8275c9f066,yes,yes,included_analysis_content,Deep Learning and Neural Networks: Comprehensive Curriculum
analysis,/Users/Suhas.KS/CurriculumSpine2.txt,152,curriculum_module_heading,044ea61d90ac25c34a444b86c2b70289fb12125ce060f3a319e410f35b1d0c51,yes,yes,included_analysis_content,MODULE 1: Mathematical Foundations and Machine Learning Primitives
analysis,/Users/Suhas.KS/CurriculumSpine2.txt,153,curriculum_topic,04c96565b3fe84fead61c4c25f9a54f8567230ccc41dbbd34f98acabdcb2019b,yes,yes,included_analysis_content,"1.1 Linear Algebra for Deep Learning (Tensors, Eigendecomposition, PCA)"
analysis,/Users/Suhas.KS/CurriculumSpine2.txt,154,curriculum_topic,39f2f3215760c08b1df6b962b2c3cd2097fa719e7c119cc2fb1bb1dd8440bd03,yes,yes,included_analysis_content,"1.2 Calculus and Optimization Theory (Partial Derivatives, Chain Rule, Hessians)"
analysis,/Users/Suhas.KS/CurriculumSpine2.txt,155,curriculum_topic,502dba0d746d5ea97fb6290483eb6c243a09565b2e4188202ec7e5edf1a24d48,yes,yes,included_analysis_content,"1.3 Probability Theory and Information Theory (Distributions, Cross-Entropy, KL Divergence)"
analysis,/Users/Suhas.KS/CurriculumSpine2.txt,156,curriculum_topic,5a2217d4e6fc3e06acd517302a1ba7930e00db4448788a7c51ea99c2e66ee80f,yes,yes,included_analysis_content,"1.4 Machine Learning Basics (Capacity, Overfitting, Underfitting, Bias-Variance Tradeoff)"
analysis,/Users/Suhas.KS/CurriculumSpine2.txt,157,curriculum_topic,a61a0d830443e5b87dab53f47301584ae3ef4286519b0cf235499621732172e7,yes,yes,included_analysis_content,1.5 Maximum Likelihood Estimation and Bayesian Statistics
analysis,/Users/Suhas.KS/CurriculumSpine2.txt,158,curriculum_topic,7403ce9c489ed4f4577f63f4a73080bf2c364d443aeb5e90f4aa9a814ae95201,yes,yes,included_analysis_content,"1.6 Support Vector Machines, Logistic Regression, and Shallow Classifiers"
analysis,/Users/Suhas.KS/CurriculumSpine2.txt,159,curriculum_module_heading,6db546a47a2993cbbc2e947bc19db07563926d4adfbf6f658436cc7a92c0db61,yes,yes,included_analysis_content,MODULE 2: Core Neural Network Architectures
analysis,/Users/Suhas.KS/CurriculumSpine2.txt,160,curriculum_topic,c8448194df9bd481817173581c1d1fc2c41a0323ba68f5278aff2fb1de068629,yes,yes,included_analysis_content,2.1 The Perceptron and Feedforward Neural Networks
analysis,/Users/Suhas.KS/CurriculumSpine2.txt,161,curriculum_topic,07df00c4cf900d23d685b3d1e375e50c14789b39ddb3c5daa459e211e2920583,yes,yes,included_analysis_content,"2.2 Activation Functions (Sigmoid, Tanh, ReLU, Leaky ReLU, GELU, Swish)"
analysis,/Users/Suhas.KS/CurriculumSpine2.txt,162,curriculum_topic,01d0906e503b2fa116907406fcb8a0cb118155ca9defce86fb9e49d7554492bf,yes,yes,included_analysis_content,2.3 Cost Functions and Output Units
analysis,/Users/Suhas.KS/CurriculumSpine2.txt,163,curriculum_topic,a33352b7627b246f51801426e0f6ee768a92e7fc32d1e49c15c375d782ff462b,yes,yes,included_analysis_content,2.4 Backpropagation and Computational Graphs (Forward and Backward passes)
analysis,/Users/Suhas.KS/CurriculumSpine2.txt,164,curriculum_topic,d9cb9b76ac813f2d26daa8c872677826213d0f1927daee6304d807ab962e6275,yes,yes,included_analysis_content,"2.5 Architecture Design (Depth vs. Width, Universal Approximation Theorem)"
analysis,/Users/Suhas.KS/CurriculumSpine2.txt,165,curriculum_module_heading,cc4ad73f875132a18e75d9263e67f9ca5dbc722b081eeda42717225b1a424f5e,yes,yes,included_analysis_content,MODULE 3: Optimization and Regularization in Deep Models
analysis,/Users/Suhas.KS/CurriculumSpine2.txt,166,curriculum_topic,e0604ee7a5d040b2bf0777831fb9f3ded37d43369849dc36e0fa17c97d1c027b,yes,yes,included_analysis_content,3.1 Parameter Norm Penalties (L1/L2 Regularization)
analysis,/Users/Suhas.KS/CurriculumSpine2.txt,167,curriculum_topic,52742cfe36de783601d9327f5ea90497b3c5f687377c1a771aa476608a36c26f,yes,yes,included_analysis_content,3.2 Dataset Augmentation and Noise Injection
analysis,/Users/Suhas.KS/CurriculumSpine2.txt,168,curriculum_topic,5d944fe0727409d9da2f553ae35dcf6efbb6aafbf05575239f8a7574fd749c12,yes,yes,included_analysis_content,3.3 Early Stopping and Parameter Tying
analysis,/Users/Suhas.KS/CurriculumSpine2.txt,169,curriculum_topic,0195eaa9eca1bd2f2a787d2d9008fa65027ff19fee7f2e150d52c380b815e4e9,yes,yes,included_analysis_content,3.4 Dropout and Ensemble Methods
analysis,/Users/Suhas.KS/CurriculumSpine2.txt,170,curriculum_topic,ff3b8cea594ad4705dbca6ace6a37b8e0de5930bbaa13a4eb55b3b11d774d67a,yes,yes,included_analysis_content,"3.5 Gradient Descent Variants (Stochastic GD, Mini-batch GD)"
analysis,/Users/Suhas.KS/CurriculumSpine2.txt,171,curriculum_topic,1b25e902af7d4cac9a58727ba6161b562ad20d4efc782467b1c376d0c65cf2a6,yes,yes,included_analysis_content,"3.6 Adaptive Learning Rates (Momentum, Nesterov, AdaGrad, RMSProp, Adam)"
analysis,/Users/Suhas.KS/CurriculumSpine2.txt,172,curriculum_topic,f153f225c7a3771d8bbbc01b9c9e1fe0eed1eab1f7b0e2e2d45e94c6689e3209,yes,yes,included_analysis_content,3.7 Batch Normalization and Layer Normalization
analysis,/Users/Suhas.KS/CurriculumSpine2.txt,173,curriculum_module_heading,dcdff3e5f1a4e8991f30f069bd4a0c3298fbfccf2e5ce1b6be0ae15d4d0b51e5,yes,yes,included_analysis_content,MODULE 4: Convolutional Neural Networks (CNNs)
analysis,/Users/Suhas.KS/CurriculumSpine2.txt,174,curriculum_topic,7a07340b1edae1eb6d19e7af62028c97d019085db8f54c870bdfb0bf3b654058,yes,yes,included_analysis_content,"4.1 The Convolution Operation (Padding, Stride, Dilation)"
analysis,/Users/Suhas.KS/CurriculumSpine2.txt,175,curriculum_topic,f0dff6dd89f571eebba45cf9fb299572a03bfc7854a6f2516ccc9e34515e0f7c,yes,yes,included_analysis_content,"4.2 Pooling Mechanisms (Max, Average) and Translation Invariance"
analysis,/Users/Suhas.KS/CurriculumSpine2.txt,176,curriculum_topic,eb80f671ad1595a27356455351aae8330d1b7b2d7399ef80e25e184ed4e47d98,yes,yes,included_analysis_content,"4.3 Classic CNN Architectures (LeNet, AlexNet, VGG, Inception, ResNet)"
analysis,/Users/Suhas.KS/CurriculumSpine2.txt,177,curriculum_topic,379cf87b13f83c8a3fbae939fde819692646945d68f5bfcc1ac9065b656b931c,yes,yes,included_analysis_content,"4.4 Applications in Computer Vision (Object Detection, Segmentation, YOLO)"
analysis,/Users/Suhas.KS/CurriculumSpine2.txt,178,curriculum_topic,c62816f87630f07ad339d1165d4ae8c8e840ea79a8edc49a763e27902abebf1b,yes,yes,included_analysis_content,4.5 Visualizing and Understanding CNN Representations
analysis,/Users/Suhas.KS/CurriculumSpine2.txt,179,curriculum_module_heading,ffd4191ca23dcdf65bb71365095053e24ced901379c0f53edb001a8d9070dccd,yes,yes,included_analysis_content,MODULE 5: Sequence Modeling and Recurrent Architectures
analysis,/Users/Suhas.KS/CurriculumSpine2.txt,180,curriculum_topic,aeb120208a0cf7e4cd559dcb0dd4d5c2cef8e5f6a8e8db9ecad0a7804bce736a,yes,yes,included_analysis_content,5.1 Recurrent Neural Networks (RNNs) and Unrolling
analysis,/Users/Suhas.KS/CurriculumSpine2.txt,181,curriculum_topic,c7f8a4e6664ee89abd7ccd0c93c3fc1542c6207182179bd5cefdb291e4d88c68,yes,yes,included_analysis_content,5.2 The Vanishing and Exploding Gradient Problem
analysis,/Users/Suhas.KS/CurriculumSpine2.txt,182,curriculum_topic,a2fad550ed9d496571215cb5576dd5bf2b34a573cd200caa93ef53b5834d5349,yes,yes,included_analysis_content,5.3 Long Short-Term Memory Networks (LSTMs) and Gated Recurrent Units (GRUs)
analysis,/Users/Suhas.KS/CurriculumSpine2.txt,183,curriculum_topic,334c1b11b3fc3753f15ef2f668b2db76485e784cf09904e3c0df7ab00326090d,yes,yes,included_analysis_content,5.4 Bidirectional RNNs and Deep Recurrent Networks
analysis,/Users/Suhas.KS/CurriculumSpine2.txt,184,curriculum_topic,052d7ab4c3b03670a3ce703624de99241b669ece3f0b70725aba7bd238d4da5b,yes,yes,included_analysis_content,5.5 Encoder-Decoder Sequence-to-Sequence Architectures
analysis,/Users/Suhas.KS/CurriculumSpine2.txt,185,curriculum_topic,9eedaf415a6179ea33bd5898c1068efa6ffa9b66616464fa09ba06002b3cd759,yes,yes,included_analysis_content,5.6 Applications in NLP and Time-Series Forecasting
analysis,/Users/Suhas.KS/CurriculumSpine2.txt,186,curriculum_module_heading,00c1f9ba4ff79f96cd1943b3cfbc9b061feae5199088a377e59f3fca71cf6097,yes,yes,included_analysis_content,MODULE 6: Attention Mechanisms and Transformers
analysis,/Users/Suhas.KS/CurriculumSpine2.txt,187,curriculum_topic,32f0b2ad4cf757d4f1952b91884210e2351995c6c3a899b5a97739fd3b8e4e2b,yes,yes,included_analysis_content,"6.1 The Motivation for Attention (Self-Attention, Cross-Attention)"
analysis,/Users/Suhas.KS/CurriculumSpine2.txt,188,curriculum_topic,b1d8f1a8deda2859a0f7aae4d8a22946d6932744ec40f63df6460c814792b217,yes,yes,included_analysis_content,"6.2 The Transformer Architecture (Scaled Dot-Product Attention, Multi-Head Attention)"
analysis,/Users/Suhas.KS/CurriculumSpine2.txt,189,curriculum_topic,824afb174eea032a15f105e60d7de182db09165fe8ead18b19fbc5c7314e4753,yes,yes,included_analysis_content,6.3 Positional Encoding Mechanisms
analysis,/Users/Suhas.KS/CurriculumSpine2.txt,190,curriculum_topic,33d0da9c4153fbcfe83d68d4527a83787fcde88bda52a29f1a355e269dee458d,yes,yes,included_analysis_content,"6.4 Large Language Models (LLMs) architectures (BERT, GPT, T5)"
analysis,/Users/Suhas.KS/CurriculumSpine2.txt,191,curriculum_topic,7ebcad15e8300f547e404ca2f04cc23ee8d08c6f243695d9548f316462016a64,yes,yes,included_analysis_content,"6.5 Fine-tuning Strategies (Instruction Tuning, RLHF, DPO)"
analysis,/Users/Suhas.KS/CurriculumSpine2.txt,192,curriculum_module_heading,3de5b45063625a4744ddae0559aeeb6a0461c6efa8809b32d19cb665a41aeeb4,yes,yes,included_analysis_content,MODULE 7: Advanced Deep Learning and Generative Models
analysis,/Users/Suhas.KS/CurriculumSpine2.txt,193,curriculum_topic,2751ff5efc19772598387bc735759eef4bcd40bbfa89f8ec86a66f7635087c89,yes,yes,included_analysis_content,"7.1 Autoencoders (Undercomplete, Regularized, Sparse, Denoising)"
analysis,/Users/Suhas.KS/CurriculumSpine2.txt,194,curriculum_topic,9511f40997583c13bb90927197b49bd1b9f29b38af3bfaf19f7bd3ae11028bd4,yes,yes,included_analysis_content,7.2 Representation Learning and Manifold Learning
analysis,/Users/Suhas.KS/CurriculumSpine2.txt,195,curriculum_topic,573fe8065125ee8603c58599578c5a1ed52d2c593be6fe2dd26049d13cbbafe3,yes,yes,included_analysis_content,7.3 Variational Autoencoders (VAEs) and Approximate Inference
analysis,/Users/Suhas.KS/CurriculumSpine2.txt,196,curriculum_topic,860a0ad0be37d7b5205116909ac8a68089ca2548597d8e4c2c1a094b7c5b5e0a,yes,yes,included_analysis_content,7.4 Generative Adversarial Networks (GANs) and Minimax Games
analysis,/Users/Suhas.KS/CurriculumSpine2.txt,197,curriculum_topic,c28db4bcdaeefcb9f9b9bf2627b896680f13932da1deaab4d0e064f8574685b0,yes,yes,included_analysis_content,7.5 Diffusion Models and Normalizing Flows
analysis,/Users/Suhas.KS/CurriculumSpine2.txt,198,curriculum_topic,a45b0a89c515d5cc314355c078dcf44eba2a8a0924d38ccfda8850ff0e405fef,yes,yes,included_analysis_content,7.6 Graph Neural Networks (GNNs)
analysis,/Users/Suhas.KS/CurriculumSpine2.txt,199,curriculum_module_heading,449873687a094f53df951b8f1ef82a42a88b19de082f741c9491291727fcec61,yes,yes,included_analysis_content,MODULE 8: Applied Systems and MLOps
analysis,/Users/Suhas.KS/CurriculumSpine2.txt,200,curriculum_topic,7dab63343c4415cab37d02ef56931dc070ea5b363cc807bc6d09591cf49b2570,yes,yes,included_analysis_content,"8.1 Hardware Accelerators (GPUs, TPUs) and Parallelization Strategies"
analysis,/Users/Suhas.KS/CurriculumSpine2.txt,201,curriculum_topic,2a6145b59cab0d46cc9a2d262969ba1932518abef9fdaefb538c8fe6e8a0bc4d,yes,yes,included_analysis_content,"8.2 Deep Learning Frameworks (TensorFlow, PyTorch)"
analysis,/Users/Suhas.KS/CurriculumSpine2.txt,202,curriculum_topic,1d27c9820a75fc3e7b4a1144f72305a7c8dcd58dfdd190403ba7d88d2dd04adf,yes,yes,included_analysis_content,"8.3 Model Deployment Strategies, APIs, and Edge Computing"
analysis,/Users/Suhas.KS/CurriculumSpine2.txt,203,curriculum_topic,ca2d3a65f32db48d66b3b85f1e941dbbeb6ddffb37837b95aaf9951db7308588,yes,yes,included_analysis_content,"8.4 Model Compression (Pruning, Quantization, Knowledge Distillation)"
analysis,/Users/Suhas.KS/CurriculumSpine2.txt,204,analysis_content,9c4ac78e1bef32815377421cf3495258e0b6eaa264e2f2597436e03dea73240b,yes,yes,included_analysis_content,Kaldi ASR Toolkit: Secondary Curriculum Spine Document
analysis,/Users/Suhas.KS/CurriculumSpine2.txt,205,analysis_content,be787cc73d54047eaefc99e1a1cabc29778d1723fd1f914787f95ea0207c3860,yes,yes,included_analysis_content,"The development of Automatic Speech Recognition (ASR) systems requires traversing audio signal processing, probabilistic sequence modeling, and deep network arc"
analysis,/Users/Suhas.KS/CurriculumSpine2.txt,206,analysis_content,f16c34fe3e53a01c8b5f7c4d04a8d070d98ba31e50c15a45fdda831161cbc2ff,yes,yes,included_analysis_content,"To master the theories, algorithms, and implementations surrounding Kaldi, the following academic curriculum has been established as a secondary spine document."
analysis,/Users/Suhas.KS/CurriculumSpine2.txt,207,phase_heading,c0e507afe75f84783c73c38bc554b73fed0d4c5aee68b53b8830fcf07bdf8e09,yes,yes,included_analysis_content,Phase I: Acoustic Fundamentals and Signal Processing Dependencies
analysis,/Users/Suhas.KS/CurriculumSpine2.txt,208,analysis_content,0ce049452f64f1e2843e565adb88cd1a4c2e8b5405664e80c06c17cb54d9aea0,yes,yes,included_analysis_content,"Before engaging with Kaldi's implementation, the underlying digital signal processing theories must be formalized. Kaldi's matrix library wrappers for BLAS and "
analysis,/Users/Suhas.KS/CurriculumSpine2.txt,209,phase_heading,6cc48c4e247bed82e295a5f738e5650a7f825c773ae73d2200cfe044753bec8f,yes,yes,included_analysis_content,Phase II: Probabilistic Sequence Modeling and Hidden Markov Models
analysis,/Users/Suhas.KS/CurriculumSpine2.txt,210,analysis_content,2a9f7af90e0ab045cd09487f32dd9a09015d8d48811c95364495196cf8172a57,yes,yes,included_analysis_content,"The historical architecture of Kaldi relies on the HMM-GMM framework, demanding a strict understanding of probability. The likelihood of an acoustic frame match"
analysis,/Users/Suhas.KS/CurriculumSpine2.txt,211,phase_heading,bb9b3aa27acfed5a8416fc2e132c4605844db63e77a98f6493397b2bd6298c0f,yes,yes,included_analysis_content,Phase III: The Decoding Graph and Weighted Finite-State Transducers (WFSTs)
analysis,/Users/Suhas.KS/CurriculumSpine2.txt,212,analysis_content,8ab67c6481d62d6c7239643c6e2ec413225547d447f3ab04b34020ddae0e9238,yes,yes,included_analysis_content,Kaldi uniquely relies on compiling against the OpenFst toolkit to handle the massive search space of continuous speech recognition. Without a deep understanding
analysis,/Users/Suhas.KS/CurriculumSpine2.txt,213,numbered_topic,d073285ede81bbc748360d9ff50930b40145eff7dc4b085915be7807e23ac14a,yes,yes,included_analysis_content,"1.	Automata Theory and Transducers: Acceptors vs. Transducers, determinization, minimization, and composition operations."
analysis,/Users/Suhas.KS/CurriculumSpine2.txt,214,numbered_topic,5591ef3b7ce8d86b255c78b3b0b3185c3414967f01702f148db4513b4dfa4ba8,yes,yes,included_analysis_content,"2.	The Lexicon and Language Models: Constructing n-gram language models, perplexity, and smoothing techniques (such as Kneser-Ney). The language model serves as"
analysis,/Users/Suhas.KS/CurriculumSpine2.txt,215,numbered_topic,998788f0366207b3ae52e3fa7b470c97e27f3f19e585bd595ef5b660eccb17ab,yes,yes,included_analysis_content,3.	The HCLG Graph Architecture (Kaldi Implementation):
analysis,/Users/Suhas.KS/CurriculumSpine2.txt,216,bullet_topic,ed4101c3198c4bbc122bb7f2e9e52a64b14a060464b1fcda850fbb3f21756e43,yes,yes,included_analysis_content,• G: The Language Model Acceptor (encoding probabilities of word sequences).
analysis,/Users/Suhas.KS/CurriculumSpine2.txt,217,bullet_topic,ed73f3152e34a59036e41414f7c1904911bfa37ae2b93c7b426ee1fa563b7c3f,yes,yes,included_analysis_content,• L: The Lexicon Transducer (mapping context-independent phones to words).
analysis,/Users/Suhas.KS/CurriculumSpine2.txt,218,bullet_topic,9940bb5d1b2a30cf848381760fd73e28e89213f6cb88a60ff86e16717bf4eec1,yes,yes,included_analysis_content,• C: The Context-Dependency Transducer (mapping context-dependent phones to context-independent phones). [1][2][3][4][5][6][7]
analysis,/Users/Suhas.KS/CurriculumSpine2.txt,219,bullet_topic,e6c13e6608f8053964362b602daafd73b35978609c50b2e9331459bb53872556,yes,yes,included_analysis_content,• H: The HMM Transducer (mapping HMM states to transition-ids). [1][2][3][4][5][6][7]
analysis,/Users/Suhas.KS/CurriculumSpine2.txt,220,numbered_topic,d7aea13003227f6f417cd06fec3b8336219c3123a84ddcc1a5faa14a0c16abb7,yes,yes,included_analysis_content,"4.	Graph Optimization: Performing H \circ C \circ L \circ G compositions. Determinization, minimization, and weight pushing applied to the decoding graph to max"
analysis,/Users/Suhas.KS/CurriculumSpine2.txt,221,phase_heading,32a0aa742a1e8c6a26898b88a7b53720c4317e60d6ee2096db66d6eb32cbcecc,yes,yes,included_analysis_content,Phase IV: Deep Neural Network (DNN) Acoustic Modeling
analysis,/Users/Suhas.KS/CurriculumSpine2.txt,222,analysis_content,45cf3287331682ec50b22d5c0a7a750633e582c4523d5d7c869e35c36232cf3b,yes,yes,included_analysis_content,"Modern Kaldi implementations rely on replacing GMM emission probabilities with DNN posteriors, utilizing a Hybrid DNN-HMM paradigm."
analysis,/Users/Suhas.KS/CurriculumSpine2.txt,223,phase_heading,bd6db36953c5a47ccf1aae90c60b8010481a1e9744187ad05009464939e0611e,yes,yes,included_analysis_content,"Phase V: Practical Kaldi Implementation, Scripting, and Deployment"
analysis,/Users/Suhas.KS/CurriculumSpine2.txt,224,analysis_content,3defb1379644b592079c911580d4056c2c960caa18fd2ffad601fd0f647160cc,yes,yes,included_analysis_content,"The final module shifts from theory to computational deployment, mirroring the workflow utilized in production and academic labs."
analysis,/Users/Suhas.KS/CurriculumSpine2.txt,225,audit_heading,2b66eb4d8c8c5da121d41663ed674044daa8d2b252cbb64d69eddb3fbc0f5e83,yes,no,excluded_meta_or_audit,Forensic Audit Verification
analysis,/Users/Suhas.KS/CurriculumSpine2.txt,226,audit_verification,0bcd478d6869d86177e2520940c1bed456a47b6356a924a2122df39d6b028e09,yes,no,excluded_meta_or_audit,"To satisfy the strict requirement for exhaustive verification, this forensic mechanism demonstrates the absolute assimilation and coverage of every requested do"
analysis,/Users/Suhas.KS/CurriculumSpine2.txt,227,audit_verification,3a5e768ee334d027c382566860e7d9d442c81838d17fb64c3fdd831a0fc7ab33,yes,no,excluded_meta_or_audit,"The audit guarantees zero omissions across the specified repository, confirming the complete integration of the source documentation and ensuring absolute compl"
analysis,/Users/Suhas.KS/CurriculumSpine2.txt,228,blank,e3b0c44298fc1c149afbf4c8996fb92427ae41e4649b934ca495991b7852b855,yes,no,blank_line,
analysis,/Users/Suhas.KS/CurriculumSpine2.txt,229,raw_reference_url,b043e3e68cf8fcf9428b66ec7b7136b8105e680529a38744e7312b51e3b2c36f,yes,yes,included_analysis_content,1. https://matematicas.unex.es/~navarro/algebralineal/lax.pdf (Linear Algebra and Its Applications)
analysis,/Users/Suhas.KS/CurriculumSpine2.txt,230,raw_reference_url,f8d5e979f834913861314823564c41c727eb8d975e85d8ddad560ae5e85cee2b,yes,yes,included_analysis_content,2. https://ftp.math.utah.edu/pub/tex/bib/toc/linala2000.html (Linear Algebra and its Applications)
analysis,/Users/Suhas.KS/CurriculumSpine2.txt,231,raw_reference_url,ca0fb123c3dc913f1a27fa8d826ca5a943dfe2a74d7d1db72ff300bc7a2ac4ab,yes,yes,included_analysis_content,3. https://rksmvv.ac.in/wp-content/uploads/2021/04/Gilbert_Strang_Linear_Algebra_and_Its_Applicatio_230928_225121.pdf (Linear Algebra and Its Applications by Gi
analysis,/Users/Suhas.KS/CurriculumSpine2.txt,232,raw_reference_url,3bb8aea86fd813dce30a1fb31b288d9c3f1d594125427612d20ac0b406deac07,yes,yes,included_analysis_content,4. https://broman.dev/download/Linear%20Algebra%20and%20its%20Applications%205th%20Edition.pdf (Linear Algebra - and Its Applications)
analysis,/Users/Suhas.KS/CurriculumSpine2.txt,233,raw_reference_url,2f65dcc5cc7832b6de0ea5098cdcea8c90b9f4ba7fe2dab7e7c4177cd7da878e,yes,yes,included_analysis_content,5. https://www.researchgate.net/profile/Tadeusz-Ostrowski/post/Dear-researchers-Can-any-one-suggest-to-me-good-books-in-matrix-analysis-random-matrix-theory-lin
analysis,/Users/Suhas.KS/CurriculumSpine2.txt,234,raw_reference_url,b054f1353b26578315ee063d2159dee54ef635b8bd2a2d4f8cabfe917fb0c16f,yes,yes,included_analysis_content,6. https://vf-tropi.com/linearalgebraanditsapplications.pdf (linearalgebraanditsapplications.pdf - vf-tropi.com)
analysis,/Users/Suhas.KS/CurriculumSpine2.txt,235,raw_reference_url,9f8e1ee449e3f58d3dd5201c76cd4431d3a9f08fc97ccf692d3df2c8ddb772fd,yes,yes,included_analysis_content,7. https://media.catboy.camp/books/Principles%20of%20Mathematical%20Analysis%20%28Walter%20Rudin%29%20%28z-lib.org%29.pdf (PRINCIPLES OF MATHEMATICAL ANALYSIS)
analysis,/Users/Suhas.KS/CurriculumSpine2.txt,236,raw_reference_url,a4fb550002a4008dddcc5570518a16567ff74b7c8b30d6805c0ee73a21e013d0,yes,yes,included_analysis_content,8. https://ia601308.us.archive.org/6/items/math_analysis_books/Principles%20of%20Mathematical%20Analysis%20-%20W.%20Rudin_text.pdf (Mathematical Analysis Books)
analysis,/Users/Suhas.KS/CurriculumSpine2.txt,237,raw_reference_url,24345a20e72bcaa5207c11ce9ce06c17b8d5e8fcaff9db3d8d7ff11b5b71b5de,yes,yes,included_analysis_content,9. https://www.scribd.com/doc/113510392/Luenberger-optimzation-by-Vector-Space-Methods (Luenberger - Optimzation by Vector Space Methods | PDF | Linear Subspace
analysis,/Users/Suhas.KS/CurriculumSpine2.txt,238,raw_reference_url,95b90fa04d6b8fdc4196bf7c8f83a0460aafea671a7c139da3fbfd94b1a07419,yes,yes,included_analysis_content,"10. https://web.stanford.edu/class/msande311/000311.pdf (MS&E 311 Handout No. 1 Optimization January 7, 2004 Prof. RW Cottle Page 1 of 8 - Stanford University)"
analysis,/Users/Suhas.KS/CurriculumSpine2.txt,239,blank,e3b0c44298fc1c149afbf4c8996fb92427ae41e4649b934ca495991b7852b855,yes,no,blank_line,
dense,/Users/Suhas.KS/curriculum-spine.md,1,supplementary_dense_raw,d70e671a9b0ea2c4ac0787d5af51fa7af10a5493c130d5a849c66e4e10aa61c4,yes,partial,normalized_into_supplementary_section,Comprehensive Forensic Audit of Mathematical and Engineering CurriculaAssimilated File InventoryPrior to the initiation of the deep research and the execution o
dense,/Users/Suhas.KS/curriculum-spine.md,2,supplementary_dense_raw,ada367956821ab1e95357fd22ff81d5868ca7a6a458796828944c6a9387db1b5,yes,partial,normalized_into_supplementary_section,"The curriculum transitions to national standards, encompassing Sets, Induction, Complex Numbers, Binomial Theorem, Conic Sections, 3D Geometry, and Mathematical"
structured,/Users/Suhas.KS/curriculum-spine2.md,1,bibliography_or_intro,80bb0ba3533e1d0266b0850bcf5efffbae7b5f36b9b28b9975a49500a02fead9,yes,no,duplicate_bibliography_covered_elsewhere,"Below is the complete, high-fidelity distillation of the technical and mathematical curriculum architecture. This deconstruction consolidates all textbooks, mat"
structured,/Users/Suhas.KS/curriculum-spine2.md,2,blank,e3b0c44298fc1c149afbf4c8996fb92427ae41e4649b934ca495991b7852b855,yes,no,blank_line,
structured,/Users/Suhas.KS/curriculum-spine2.md,3,bibliography_heading,d8e6ad4e7685197d0a974acf84c0dfde6a21530a4e766c196226d3a5d4492ae1,yes,no,duplicate_bibliography_covered_elsewhere,# UNIFIED MATHEMATICAL AND TECHNICAL CURRICULUM ARCHITECTURE REFERENCE
structured,/Users/Suhas.KS/curriculum-spine2.md,4,blank,e3b0c44298fc1c149afbf4c8996fb92427ae41e4649b934ca495991b7852b855,yes,no,blank_line,
structured,/Users/Suhas.KS/curriculum-spine2.md,5,bibliography_heading,f85639906f5d21680536a9b32076bd709bb6a52a7843a7476ab8b9da135d3100,yes,no,duplicate_bibliography_covered_elsewhere,# ================================================================================
structured,/Users/Suhas.KS/curriculum-spine2.md,6,bibliography_heading,5c1f23ee0e5df0e1918b57564b8e873fc47cf0863ed6ed10ce4c7113ccb0d6cc,yes,no,duplicate_bibliography_covered_elsewhere,SECTION I: PRIMARY CORE TEXTBOOKS & LITERATURE REFERENCE BIBLIOGRAPHY
structured,/Users/Suhas.KS/curriculum-spine2.md,7,blank,e3b0c44298fc1c149afbf4c8996fb92427ae41e4649b934ca495991b7852b855,yes,no,blank_line,
structured,/Users/Suhas.KS/curriculum-spine2.md,8,bibliography_heading,d99251995d84e49e72aa2938fe2a3fefd3f0e1f54d87eafa711ec95fde0ce497,yes,no,duplicate_bibliography_covered_elsewhere,1. FOUNDATIONAL MATHEMATICS SERIES (ICSE Classes 6 to 10)
structured,/Users/Suhas.KS/curriculum-spine2.md,9,blank,e3b0c44298fc1c149afbf4c8996fb92427ae41e4649b934ca495991b7852b855,yes,no,blank_line,
structured,/Users/Suhas.KS/curriculum-spine2.md,10,blank,e3b0c44298fc1c149afbf4c8996fb92427ae41e4649b934ca495991b7852b855,yes,no,blank_line,
structured,/Users/Suhas.KS/curriculum-spine2.md,11,bibliography_or_intro,c9e82c87b5986e509ddc16465814697cfe18bb63b0075eba6778b1deeaa4441f,yes,no,duplicate_bibliography_covered_elsewhere,* Concise Mathematics Series (Selina Publishers) - R.K. Bansal
structured,/Users/Suhas.KS/curriculum-spine2.md,12,bibliography_or_intro,63624a1619fe3b24a9ec186123ed63637452b23d90cee8f46fd791247387084a,yes,no,duplicate_bibliography_covered_elsewhere,* Understanding ICSE Mathematics - M.L. Aggarwal
structured,/Users/Suhas.KS/curriculum-spine2.md,13,bibliography_or_intro,b864265e6fc6ac6e3bf333b7e020688ab3bafd1ef1afa6278676a62ae8d4135c,yes,no,duplicate_bibliography_covered_elsewhere,"* S. Chand’s ICSE Mathematics - O.P. Malhotra, S.K. Gupta, Anubhuti Gangal"
structured,/Users/Suhas.KS/curriculum-spine2.md,14,bibliography_or_intro,137813a86c00958f8bde9a89a65e23073c48c0b305792f5f20a9284a7a2537e7,yes,no,duplicate_bibliography_covered_elsewhere,* Frank Modern Certificate Mathematics - Nirmala Shastry
structured,/Users/Suhas.KS/curriculum-spine2.md,15,bibliography_or_intro,e5170051b9858fee552007a15fe89d7ec2222bdca09f9cf0503e17fa01fa026b,yes,no,duplicate_bibliography_covered_elsewhere,* Together With ICSE Mathematics - Rachna Sagar
structured,/Users/Suhas.KS/curriculum-spine2.md,16,bibliography_or_intro,1399791aace4841e1eb823628185d165155dedf6ef726c2b4af493afe9747e65,yes,no,duplicate_bibliography_covered_elsewhere,* Foundation Mathematics (ICSE Edition) - R.S. Aggarwal
structured,/Users/Suhas.KS/curriculum-spine2.md,17,blank,e3b0c44298fc1c149afbf4c8996fb92427ae41e4649b934ca495991b7852b855,yes,no,blank_line,
structured,/Users/Suhas.KS/curriculum-spine2.md,18,blank,e3b0c44298fc1c149afbf4c8996fb92427ae41e4649b934ca495991b7852b855,yes,no,blank_line,
structured,/Users/Suhas.KS/curriculum-spine2.md,19,bibliography_heading,19b9927b41e11df928d2f965095b99347092592cfdd208f6d5c5a65d3f8a884f,yes,no,duplicate_bibliography_covered_elsewhere,2. NCERT MATHEMATICS EDITIONS (Official 2025–2026 Academic Year)
structured,/Users/Suhas.KS/curriculum-spine2.md,20,blank,e3b0c44298fc1c149afbf4c8996fb92427ae41e4649b934ca495991b7852b855,yes,no,blank_line,
structured,/Users/Suhas.KS/curriculum-spine2.md,21,blank,e3b0c44298fc1c149afbf4c8996fb92427ae41e4649b934ca495991b7852b855,yes,no,blank_line,
structured,/Users/Suhas.KS/curriculum-spine2.md,22,bibliography_or_intro,12ea508461091eaa298bffebb70da902373b44694ebee21c10f43917b6571757,yes,no,duplicate_bibliography_covered_elsewhere,* Mathematics Textbook for Class XI
structured,/Users/Suhas.KS/curriculum-spine2.md,23,bibliography_or_intro,afcdac6eb101f61e16318f18ecd8dd2bb8f8a4c2d10e606d72ca644db74be7a4,yes,no,duplicate_bibliography_covered_elsewhere,* Mathematics Textbook for Class XII – Part I
structured,/Users/Suhas.KS/curriculum-spine2.md,24,bibliography_or_intro,e2de3efd7813f308a56d987acf9562af2098c752569e202f90916ba18d9aaeed,yes,no,duplicate_bibliography_covered_elsewhere,* Mathematics Textbook for Class XII – Part II
structured,/Users/Suhas.KS/curriculum-spine2.md,25,blank,e3b0c44298fc1c149afbf4c8996fb92427ae41e4649b934ca495991b7852b855,yes,no,blank_line,
structured,/Users/Suhas.KS/curriculum-spine2.md,26,blank,e3b0c44298fc1c149afbf4c8996fb92427ae41e4649b934ca495991b7852b855,yes,no,blank_line,
structured,/Users/Suhas.KS/curriculum-spine2.md,27,bibliography_heading,56bd75539c797b986149bbc5b6ae4f991ffa39e7363c721ee010ae08cb718a27,yes,no,duplicate_bibliography_covered_elsewhere,3. COMPETITIVE ENTRANCE & ADVANCED CLASSICS (JEE Main & Advanced)
structured,/Users/Suhas.KS/curriculum-spine2.md,28,blank,e3b0c44298fc1c149afbf4c8996fb92427ae41e4649b934ca495991b7852b855,yes,no,blank_line,
structured,/Users/Suhas.KS/curriculum-spine2.md,29,blank,e3b0c44298fc1c149afbf4c8996fb92427ae41e4649b934ca495991b7852b855,yes,no,blank_line,
structured,/Users/Suhas.KS/curriculum-spine2.md,30,bibliography_or_intro,1eb331e5d54599d058e7d53467280a71a7035002f7d37852b65d081d6f1c1908,yes,no,duplicate_bibliography_covered_elsewhere,* Higher Algebra - Hall & Knight
structured,/Users/Suhas.KS/curriculum-spine2.md,31,bibliography_or_intro,9f9da415d4dd93106405962df8168deb081100d150499304f3619ebf193ff619,yes,no,duplicate_bibliography_covered_elsewhere,* Plane Trigonometry (Part 1) - S.L. Loney
structured,/Users/Suhas.KS/curriculum-spine2.md,32,bibliography_or_intro,e3d2087f5dbebb7647ff3c164213b4ab9b1e05003e145b35da53643168b8d06c,yes,no,duplicate_bibliography_covered_elsewhere,* The Elements of Coordinate Geometry (Part 1) - S.L. Loney
structured,/Users/Suhas.KS/curriculum-spine2.md,33,bibliography_or_intro,f1cd51778ed69eef2bfad7c5efe54d8a96ba7c1d197fce3519b6430b09f1cd30,yes,no,duplicate_bibliography_covered_elsewhere,* Problems in Calculus of One Variable - I.A. Maron
structured,/Users/Suhas.KS/curriculum-spine2.md,34,bibliography_or_intro,8d8f3554b267a137bfac1030f3f50c036d3a8a56497ad2e8d2566c11fc4ded32,yes,no,duplicate_bibliography_covered_elsewhere,* Advanced Problems in Mathematics for JEE Main & Advanced - Vikas Gupta & Pankaj Joshi
structured,/Users/Suhas.KS/curriculum-spine2.md,35,bibliography_or_intro,49872d2a06dfa108ad299d30828e91de6d5911812b35d674a0ffebcd078a969c,yes,no,duplicate_bibliography_covered_elsewhere,"* Cengage Mathematics Series (5 Volumes: Algebra, Trigonometry, Coordinate Geometry, Calculus Part 1 & 2, Vectors & 3D) - G. Tewani"
structured,/Users/Suhas.KS/curriculum-spine2.md,36,bibliography_or_intro,d9615f5997a1886e749a98f08ab854c935cae369ce4836e89468fb1769f55865,yes,no,duplicate_bibliography_covered_elsewhere,* Arihant Skills in Mathematics Series (7 Volumes) - Dr. S.K. Goyal & Amit M. Agarwal
structured,/Users/Suhas.KS/curriculum-spine2.md,37,blank,e3b0c44298fc1c149afbf4c8996fb92427ae41e4649b934ca495991b7852b855,yes,no,blank_line,
structured,/Users/Suhas.KS/curriculum-spine2.md,38,blank,e3b0c44298fc1c149afbf4c8996fb92427ae41e4649b934ca495991b7852b855,yes,no,blank_line,
structured,/Users/Suhas.KS/curriculum-spine2.md,39,bibliography_heading,2bcbe81e519a2b1e7ea104240f9d065fb033fcbcc35b9aef9179106cc0320681,yes,no,duplicate_bibliography_covered_elsewhere,4. NUMBER THEORY & ADVANCED RIGOR SERIES
structured,/Users/Suhas.KS/curriculum-spine2.md,40,blank,e3b0c44298fc1c149afbf4c8996fb92427ae41e4649b934ca495991b7852b855,yes,no,blank_line,
structured,/Users/Suhas.KS/curriculum-spine2.md,41,blank,e3b0c44298fc1c149afbf4c8996fb92427ae41e4649b934ca495991b7852b855,yes,no,blank_line,
structured,/Users/Suhas.KS/curriculum-spine2.md,42,bibliography_or_intro,bba98d3edbf0e1aa98b85fde0ccff2aed64b7b81772743fc33862e92a3b650b0,yes,no,duplicate_bibliography_covered_elsewhere,* Elementary Number Theory (7th Edition) - David M. Burton
structured,/Users/Suhas.KS/curriculum-spine2.md,43,bibliography_or_intro,1ec6a17e990209f5a1610c632fdb6f3315a0a0209fa33de2c8781d83bd7f9df1,yes,no,duplicate_bibliography_covered_elsewhere,* A Friendly Introduction to Number Theory (4th Edition) - Joseph H. Silverman
structured,/Users/Suhas.KS/curriculum-spine2.md,44,bibliography_or_intro,80d04fada4fb24aac94a914559c97ccd73605dce8e82167ca51432cd34ece03d,yes,no,duplicate_bibliography_covered_elsewhere,* Elementary Number Theory and Its Applications - Kenneth H. Rosen
structured,/Users/Suhas.KS/curriculum-spine2.md,45,bibliography_or_intro,c2673f73f0083011bb1ae7430dbee2582432ddd5468541492983ed49669cd41b,yes,no,duplicate_bibliography_covered_elsewhere,"* An Introduction to the Theory of Numbers - Niven, Zuckerman, Montgomery"
structured,/Users/Suhas.KS/curriculum-spine2.md,46,bibliography_or_intro,f23d08fc2aa23378cc55a74476b1aede8488ceee6422a8a3ad0ce42d5c633ad7,yes,no,duplicate_bibliography_covered_elsewhere,* An Introduction to the Theory of Numbers - G.H. Hardy & E.M. Wright
structured,/Users/Suhas.KS/curriculum-spine2.md,47,bibliography_or_intro,d1c0e3403bd35ea96a3297c0a2f75533d8181865bb6c45f512f3c39cb420d102,yes,no,duplicate_bibliography_covered_elsewhere,* A Course in Arithmetic - Jean-Pierre Serre
structured,/Users/Suhas.KS/curriculum-spine2.md,48,bibliography_or_intro,f1736a2890bdaf609b7cc00ccc4d16ce32493e95fb3072eecfd55027aef6fb9a,yes,no,duplicate_bibliography_covered_elsewhere,* Introduction to Analytic Number Theory - Tom M. Apostol
structured,/Users/Suhas.KS/curriculum-spine2.md,49,bibliography_or_intro,0bb475a09451d03521ac7dc302db340788fd43a59134bd44ecc0a2c2bd58e24b,yes,no,duplicate_bibliography_covered_elsewhere,* Algebraic Number Theory - Serge Lang
structured,/Users/Suhas.KS/curriculum-spine2.md,50,bibliography_or_intro,e8f4d0989d515fa2413c8026b80fc17bc7a43fd858da6a8beea88739765e4ce6,yes,no,duplicate_bibliography_covered_elsewhere,* Elementary Number Theory in Nine Chapters - James J. Tattersall
structured,/Users/Suhas.KS/curriculum-spine2.md,51,blank,e3b0c44298fc1c149afbf4c8996fb92427ae41e4649b934ca495991b7852b855,yes,no,blank_line,
structured,/Users/Suhas.KS/curriculum-spine2.md,52,blank,e3b0c44298fc1c149afbf4c8996fb92427ae41e4649b934ca495991b7852b855,yes,no,blank_line,
structured,/Users/Suhas.KS/curriculum-spine2.md,53,bibliography_heading,308388fb3bcd41c6b294f0cc47a1348977506b4a5bc1d22ebfd9a38f39229046,yes,no,duplicate_bibliography_covered_elsewhere,"5. PROOFS, ANALYSIS, AND RIGOROUS VECTOR SPACES"
structured,/Users/Suhas.KS/curriculum-spine2.md,54,blank,e3b0c44298fc1c149afbf4c8996fb92427ae41e4649b934ca495991b7852b855,yes,no,blank_line,
structured,/Users/Suhas.KS/curriculum-spine2.md,55,blank,e3b0c44298fc1c149afbf4c8996fb92427ae41e4649b934ca495991b7852b855,yes,no,blank_line,
structured,/Users/Suhas.KS/curriculum-spine2.md,56,bibliography_or_intro,eb336d2e8529bc4ea0b6050efd8954fb32f181c098ad47522122318d63423156,yes,no,duplicate_bibliography_covered_elsewhere,* An Introduction to Proof via Inquiry-Based Learning - Dana C. Ernst
structured,/Users/Suhas.KS/curriculum-spine2.md,57,bibliography_or_intro,818806cf4e49778e7fa3c9405084abb32b6c21798faabc753e5edbdfd71743be,yes,no,duplicate_bibliography_covered_elsewhere,* Introduction to Proof - Ron Taylor
structured,/Users/Suhas.KS/curriculum-spine2.md,58,bibliography_or_intro,409e8080d0fcf6aff7339557178a91e8e40fd2e2eb112ae64222089dc4851354,yes,no,duplicate_bibliography_covered_elsewhere,* Notes for a Course on Proofs - Jacqueline A. Jensen-Vallin
structured,/Users/Suhas.KS/curriculum-spine2.md,59,bibliography_or_intro,e5d48779542d9fa88c4bcec15f46a07618fedcb144ef48a33cd328c9948d0388,yes,no,duplicate_bibliography_covered_elsewhere,* Mathematical Reasoning: Writing and Proof - Ted Sundstrom
structured,/Users/Suhas.KS/curriculum-spine2.md,60,bibliography_or_intro,fa581b8edd7d3a02885eaa5d0f444d12487377bbd6d43963b08620118b806e09,yes,no,duplicate_bibliography_covered_elsewhere,* Book of Proof - Richard Hammack
structured,/Users/Suhas.KS/curriculum-spine2.md,61,bibliography_or_intro,81bebf4f1f67ed4faf992573aadd1b254a5c930a7a6c427efd4fb23a69bd7d15,yes,no,duplicate_bibliography_covered_elsewhere,* An Inquiry-Based Approach to Abstract Algebra - Dana C. Ernst
structured,/Users/Suhas.KS/curriculum-spine2.md,62,bibliography_or_intro,00f1ccfbc8a8da8c78b5a0ba7a04a784a3b464626c293b5feb333693306c3d46,yes,no,duplicate_bibliography_covered_elsewhere,* Abstract Algebra: Theory and Applications - Tom Judson
structured,/Users/Suhas.KS/curriculum-spine2.md,63,bibliography_or_intro,3ea4d270691dfeaf15d5b5a257d14b7105ab3b8ffb404103d7bf7248a3e24021,yes,no,duplicate_bibliography_covered_elsewhere,* Introduction to Real Analysis - Dana C. Ernst
structured,/Users/Suhas.KS/curriculum-spine2.md,64,bibliography_or_intro,0abf9c98d9712be121cd0f5b85834a5a578b8764611f36ec46cfe10301e078b5,yes,no,duplicate_bibliography_covered_elsewhere,* Analysis - W. Ted Mahavier
structured,/Users/Suhas.KS/curriculum-spine2.md,65,bibliography_or_intro,436af2d5deb65e2725b95885b225b2e5b8dc8475c860e9cbb0ca0140689cea10,yes,no,duplicate_bibliography_covered_elsewhere,* How We Got from There to Here: A Story of Real Analysis - Eugene Boman & Robert Rogers
structured,/Users/Suhas.KS/curriculum-spine2.md,66,bibliography_or_intro,c1116b9b04929778cd8d538b840be55c67770e9e2d6c958d9ef0b662b83368e2,yes,no,duplicate_bibliography_covered_elsewhere,* Real Analysis - Gary Towsley
structured,/Users/Suhas.KS/curriculum-spine2.md,67,bibliography_or_intro,48528ff0836b2bfca44a1ef01b8b96e4ad904eecc9302b0c0a2ea7a575402ef3,yes,no,duplicate_bibliography_covered_elsewhere,* Analysis WebNotes - John Lindsay Orr
structured,/Users/Suhas.KS/curriculum-spine2.md,68,bibliography_or_intro,db2ed69b5469d8837f9d98043eb552cccae8e56f0e69cad4fbcfbc15afeefc22,yes,no,duplicate_bibliography_covered_elsewhere,"* Measure, Integration & Real Analysis - Sheldon Axler"
structured,/Users/Suhas.KS/curriculum-spine2.md,69,bibliography_or_intro,40c1fbed3e96b9ac1b7ae3d8992a745dd2076c9f49a9410ae02270e4d853e763,yes,no,duplicate_bibliography_covered_elsewhere,* Principles of Mathematical Analysis - Walter Rudin
structured,/Users/Suhas.KS/curriculum-spine2.md,70,bibliography_or_intro,3e0e4acae97432e3030326681c35aca045a1809f2c8826e5ef1097dee7a74606,yes,no,duplicate_bibliography_covered_elsewhere,* Introduction to Linear Algebra - Gilbert Strang
structured,/Users/Suhas.KS/curriculum-spine2.md,71,bibliography_or_intro,c6c71e95997a7770bf05e9f9f87b1becd994afdbef1fb968390e9c052b0fe9c6,yes,no,duplicate_bibliography_covered_elsewhere,* Statistical Inference - Casella & Berger
structured,/Users/Suhas.KS/curriculum-spine2.md,72,blank,e3b0c44298fc1c149afbf4c8996fb92427ae41e4649b934ca495991b7852b855,yes,no,blank_line,
structured,/Users/Suhas.KS/curriculum-spine2.md,73,blank,e3b0c44298fc1c149afbf4c8996fb92427ae41e4649b934ca495991b7852b855,yes,no,blank_line,
structured,/Users/Suhas.KS/curriculum-spine2.md,74,blank,e3b0c44298fc1c149afbf4c8996fb92427ae41e4649b934ca495991b7852b855,yes,no,blank_line,
structured,/Users/Suhas.KS/curriculum-spine2.md,75,blank,e3b0c44298fc1c149afbf4c8996fb92427ae41e4649b934ca495991b7852b855,yes,no,blank_line,
structured,/Users/Suhas.KS/curriculum-spine2.md,76,bibliography_heading,7c869fe842c4333e39a7d81a4f3cae0b9338fb2a8248797d7df367f185517717,yes,no,duplicate_bibliography_covered_elsewhere,6. GRADUATE APPLIED ENGINEERING PARADIGMS
structured,/Users/Suhas.KS/curriculum-spine2.md,77,blank,e3b0c44298fc1c149afbf4c8996fb92427ae41e4649b934ca495991b7852b855,yes,no,blank_line,
structured,/Users/Suhas.KS/curriculum-spine2.md,78,blank,e3b0c44298fc1c149afbf4c8996fb92427ae41e4649b934ca495991b7852b855,yes,no,blank_line,
structured,/Users/Suhas.KS/curriculum-spine2.md,79,bibliography_or_intro,0089bc28a049756327ca8fa4af58252c8698f14fb623fba8d33619ffa08024b1,yes,no,duplicate_bibliography_covered_elsewhere,* Higher Engineering Mathematics (44th/45th Edition) - B.S. Grewal
structured,/Users/Suhas.KS/curriculum-spine2.md,80,blank,e3b0c44298fc1c149afbf4c8996fb92427ae41e4649b934ca495991b7852b855,yes,no,blank_line,
structured,/Users/Suhas.KS/curriculum-spine2.md,81,blank,e3b0c44298fc1c149afbf4c8996fb92427ae41e4649b934ca495991b7852b855,yes,no,blank_line,
structured,/Users/Suhas.KS/curriculum-spine2.md,82,bibliography_heading,236415e0510c560b5d4f3df1a81ff5223eed2d01e2e12785e9c5c415e15448fc,yes,no,duplicate_bibliography_covered_elsewhere,"7. SIGNALS, COMMUNICATIONS, AND DIGITAL SIGNAL PROCESSING"
structured,/Users/Suhas.KS/curriculum-spine2.md,83,blank,e3b0c44298fc1c149afbf4c8996fb92427ae41e4649b934ca495991b7852b855,yes,no,blank_line,
structured,/Users/Suhas.KS/curriculum-spine2.md,84,blank,e3b0c44298fc1c149afbf4c8996fb92427ae41e4649b934ca495991b7852b855,yes,no,blank_line,
structured,/Users/Suhas.KS/curriculum-spine2.md,85,bibliography_or_intro,5d1ddc1b373b9b776a78b6340684d768a6040620f728e8578f7eb3fd0a623c35,yes,no,duplicate_bibliography_covered_elsewhere,* Signals and Systems - Alan V. Oppenheim & Alan S. Willsky
structured,/Users/Suhas.KS/curriculum-spine2.md,86,bibliography_or_intro,24a6a7b9f562d7d3f1a1358417c2122886096d7764d030685267ce4f1344a5e1,yes,no,duplicate_bibliography_covered_elsewhere,"* Digital Signal Processing: Principles, Algorithms, and Applications - John G. Proakis & Dimitris G. Manolakis"
structured,/Users/Suhas.KS/curriculum-spine2.md,87,bibliography_or_intro,99f966558996d7887a2c328ac996cc17d05f02fb7fc7f285478a19ca1f578a22,yes,no,duplicate_bibliography_covered_elsewhere,* Understanding Digital Signal Processing - Richard G. Lyons
structured,/Users/Suhas.KS/curriculum-spine2.md,88,bibliography_or_intro,a322d69d6d5152949cd59e17ed20397a9dcc39042436c31e543df55f3b3aae50,yes,no,duplicate_bibliography_covered_elsewhere,* Linear Systems and Signals - B.P. Lathi
structured,/Users/Suhas.KS/curriculum-spine2.md,89,bibliography_or_intro,a522ab7123ffc819d1e5bbf71a55680857fe09ac8e9afdf5f0e3fb3c5e94f5b3,yes,no,duplicate_bibliography_covered_elsewhere,* Discrete-Time Signal Processing - Alan V. Oppenheim & Ronald W. Schafer
structured,/Users/Suhas.KS/curriculum-spine2.md,90,bibliography_or_intro,82e0527f1fc856022d84cca6ccfd98e9684c2d7dac500dbe838e3fae3933e605,yes,no,duplicate_bibliography_covered_elsewhere,* Digital Communications - John G. Proakis & Masoud Salehi
structured,/Users/Suhas.KS/curriculum-spine2.md,91,bibliography_or_intro,76a1d81f47930f7e129eb99483140f26aecc0bbb876bfefabbf39f05cbc1d1ff,yes,no,duplicate_bibliography_covered_elsewhere,* Elements of Information Theory - Cover & Thomas
structured,/Users/Suhas.KS/curriculum-spine2.md,92,blank,e3b0c44298fc1c149afbf4c8996fb92427ae41e4649b934ca495991b7852b855,yes,no,blank_line,
structured,/Users/Suhas.KS/curriculum-spine2.md,93,blank,e3b0c44298fc1c149afbf4c8996fb92427ae41e4649b934ca495991b7852b855,yes,no,blank_line,
structured,/Users/Suhas.KS/curriculum-spine2.md,94,bibliography_heading,9c7f74bdc55643ad49cc06576ff16786939c1f80fb13a05b6919e5cc974c11ba,yes,no,duplicate_bibliography_covered_elsewhere,8. SPEECH AND WEIGHTED AUTOMATA SYSTEMS
structured,/Users/Suhas.KS/curriculum-spine2.md,95,blank,e3b0c44298fc1c149afbf4c8996fb92427ae41e4649b934ca495991b7852b855,yes,no,blank_line,
structured,/Users/Suhas.KS/curriculum-spine2.md,96,blank,e3b0c44298fc1c149afbf4c8996fb92427ae41e4649b934ca495991b7852b855,yes,no,blank_line,
structured,/Users/Suhas.KS/curriculum-spine2.md,97,bibliography_or_intro,7173f83c9ef3f186c68f65c8f12a1050919c134a6959eb38c61811c5f19f811a,yes,no,duplicate_bibliography_covered_elsewhere,* Fundamentals of Speech Recognition - Lawrence Rabiner & Biing-Hwang Juang
structured,/Users/Suhas.KS/curriculum-spine2.md,98,bibliography_or_intro,1c05cfd8d4fd48682dc38fd41728d3c4fdaa7c6e0d7891f39ae6d49dfa72d0ff,yes,no,duplicate_bibliography_covered_elsewhere,"* Spoken Language Processing - X. Huang, A. Acero, and H.W. Hon"
structured,/Users/Suhas.KS/curriculum-spine2.md,99,bibliography_or_intro,62034a0abf758cf1f5614232bfdd188cf089cfbd426a9d47ccb9e259061ecb2f,yes,no,duplicate_bibliography_covered_elsewhere,* Speech and Language Processing - Daniel Jurafsky & James H. Martin
structured,/Users/Suhas.KS/curriculum-spine2.md,100,bibliography_or_intro,2de5a8ebf7894ea6ad13a6546bb2e42727b7550cf6646e1c7bcbfc8e54be2c62,yes,no,duplicate_bibliography_covered_elsewhere,* OpenFst Toolkit documentation & Kaldi Graph Creation guidelines
structured,/Users/Suhas.KS/curriculum-spine2.md,101,blank,e3b0c44298fc1c149afbf4c8996fb92427ae41e4649b934ca495991b7852b855,yes,no,blank_line,
structured,/Users/Suhas.KS/curriculum-spine2.md,102,blank,e3b0c44298fc1c149afbf4c8996fb92427ae41e4649b934ca495991b7852b855,yes,no,blank_line,
structured,/Users/Suhas.KS/curriculum-spine2.md,103,blank,e3b0c44298fc1c149afbf4c8996fb92427ae41e4649b934ca495991b7852b855,yes,no,blank_line,
structured,/Users/Suhas.KS/curriculum-spine2.md,104,blank,e3b0c44298fc1c149afbf4c8996fb92427ae41e4649b934ca495991b7852b855,yes,no,blank_line,
structured,/Users/Suhas.KS/curriculum-spine2.md,105,bibliography_heading,d82cbb06bf53c3498afb385f8278bdac218277db7c2f071f874e6d611ba4968c,yes,no,duplicate_bibliography_covered_elsewhere,9. PRODUCTION MACHINE LEARNING & SOFTWARE ENGINEERING
structured,/Users/Suhas.KS/curriculum-spine2.md,106,blank,e3b0c44298fc1c149afbf4c8996fb92427ae41e4649b934ca495991b7852b855,yes,no,blank_line,
structured,/Users/Suhas.KS/curriculum-spine2.md,107,blank,e3b0c44298fc1c149afbf4c8996fb92427ae41e4649b934ca495991b7852b855,yes,no,blank_line,
structured,/Users/Suhas.KS/curriculum-spine2.md,108,bibliography_or_intro,90ef699deb842adfeee9b9052abf0b4ffad4cf1165ceafea3074e9887983eded,yes,no,duplicate_bibliography_covered_elsewhere,"* Machine Learning Design Patterns - Valliappa Lakshmanan, Sara Robinson, Michael Munn"
structured,/Users/Suhas.KS/curriculum-spine2.md,109,bibliography_or_intro,543f5f64e851fe9e32fb742fc92a28e0f9db045a6e377c28dea6a3d324228c9a,yes,no,duplicate_bibliography_covered_elsewhere,"* Software Engineering at Google - Titus Winters, Tom Manshreck, Hyrum Wright"
structured,/Users/Suhas.KS/curriculum-spine2.md,110,bibliography_or_intro,60d42d24ae953b04b58472a3173a769cbf4e7e3a94938ecb80a1f5a33a7c1ec8,yes,no,duplicate_bibliography_covered_elsewhere,* Effective Software Testing - Mauricio Aniche
structured,/Users/Suhas.KS/curriculum-spine2.md,111,bibliography_or_intro,f7982f45b3f7a107ef39607ba84e0263348cf21a664194d96a9725dea8fcb31f,yes,no,duplicate_bibliography_covered_elsewhere,* Fundamentals of Software Architecture - Mark Richards & Neal Ford
structured,/Users/Suhas.KS/curriculum-spine2.md,112,bibliography_or_intro,1ba0f60e7d0cf633eadca0b5494ab9cd8d58b77a3b92793037c542d37297b608,yes,no,duplicate_bibliography_covered_elsewhere,* Refactoring: Improving the Design of Existing Code - Martin Fowler
structured,/Users/Suhas.KS/curriculum-spine2.md,113,bibliography_or_intro,4754390cdda81bf2a5db3adc7cac2e84e9feeb9f945559610a4b3ddfc1583abc,yes,no,duplicate_bibliography_covered_elsewhere,* Google Professional Machine Learning Engineer Official Syllabus (2026 Update)
structured,/Users/Suhas.KS/curriculum-spine2.md,114,blank,e3b0c44298fc1c149afbf4c8996fb92427ae41e4649b934ca495991b7852b855,yes,no,blank_line,
structured,/Users/Suhas.KS/curriculum-spine2.md,115,blank,e3b0c44298fc1c149afbf4c8996fb92427ae41e4649b934ca495991b7852b855,yes,no,blank_line,
structured,/Users/Suhas.KS/curriculum-spine2.md,116,blank,e3b0c44298fc1c149afbf4c8996fb92427ae41e4649b934ca495991b7852b855,yes,no,blank_line,
structured,/Users/Suhas.KS/curriculum-spine2.md,117,blank,e3b0c44298fc1c149afbf4c8996fb92427ae41e4649b934ca495991b7852b855,yes,no,blank_line,
structured,/Users/Suhas.KS/curriculum-spine2.md,118,blank,e3b0c44298fc1c149afbf4c8996fb92427ae41e4649b934ca495991b7852b855,yes,no,blank_line,
structured,/Users/Suhas.KS/curriculum-spine2.md,119,structured_content,f85639906f5d21680536a9b32076bd709bb6a52a7843a7476ab8b9da135d3100,yes,yes,included_structured_spine,# ================================================================================
structured,/Users/Suhas.KS/curriculum-spine2.md,120,structured_content,077250d461f97481685214fef419d387e1e656159f4e7d88affcf7c2c1fa6e39,yes,yes,included_structured_spine,SECTION II: EIGHT-TIER FULL progresSIVE CURRICULUM ARCHITECTURE
structured,/Users/Suhas.KS/curriculum-spine2.md,121,blank,e3b0c44298fc1c149afbf4c8996fb92427ae41e4649b934ca495991b7852b855,yes,no,blank_line,
structured,/Users/Suhas.KS/curriculum-spine2.md,122,structured_content,cb3f91d54eee30e53e35b2b99905f70f169ed549fd78909d3dac2defc9ed8d3b,yes,yes,included_structured_spine,---
structured,/Users/Suhas.KS/curriculum-spine2.md,123,blank,e3b0c44298fc1c149afbf4c8996fb92427ae41e4649b934ca495991b7852b855,yes,no,blank_line,
structured,/Users/Suhas.KS/curriculum-spine2.md,124,tier_heading,49c0cb6e790e4e663939f342265332191a5c3fedfb070d4488169d59a5b5fd6f,yes,yes,included_structured_spine,## TIER 1: FOUNDATIONAL MATHEMATICS (ICSE Classes 6 to 10 Syllabus)
structured,/Users/Suhas.KS/curriculum-spine2.md,125,blank,e3b0c44298fc1c149afbf4c8996fb92427ae41e4649b934ca495991b7852b855,yes,no,blank_line,
structured,/Users/Suhas.KS/curriculum-spine2.md,126,blank,e3b0c44298fc1c149afbf4c8996fb92427ae41e4649b934ca495991b7852b855,yes,no,blank_line,
structured,/Users/Suhas.KS/curriculum-spine2.md,127,blank,e3b0c44298fc1c149afbf4c8996fb92427ae41e4649b934ca495991b7852b855,yes,no,blank_line,
structured,/Users/Suhas.KS/curriculum-spine2.md,128,module_heading,965c06d60cded3e6ac0db5fa3a238136f34be4470978eec76aa5829582f0ae3b,yes,yes,included_structured_spine,* Module M1: Foundational Arithmetic & Bases
structured,/Users/Suhas.KS/curriculum-spine2.md,129,concept_list,883fd935f50ede34cf377e7161ff61e0f9184e62eb4029c4023d6a049455019f,yes,yes,included_structured_spine,"* Concepts: Number systems, base transformations, place/local values, rounding/estimation, divisibility rules, prime factorization, GCD/HCF, LCM, BODMAS."
structured,/Users/Suhas.KS/curriculum-spine2.md,130,skill_list,d85f8e52d938cdc12e5305a4d859b04a3e36661439af77d582c659347fc080ac,yes,yes,included_structured_spine,"* Skills: Fast integer manipulation, prime factorization pipelines, base-10 to base-n representation."
structured,/Users/Suhas.KS/curriculum-spine2.md,131,blank,e3b0c44298fc1c149afbf4c8996fb92427ae41e4649b934ca495991b7852b855,yes,no,blank_line,
structured,/Users/Suhas.KS/curriculum-spine2.md,132,blank,e3b0c44298fc1c149afbf4c8996fb92427ae41e4649b934ca495991b7852b855,yes,no,blank_line,
structured,/Users/Suhas.KS/curriculum-spine2.md,133,module_heading,f64abdc29aada5be71f3a50e1d198063e95a57f4a6b195bb347b9f8e1de4f4ba,yes,yes,included_structured_spine,* Module M2: Rational Fields & Real Number Lines
structured,/Users/Suhas.KS/curriculum-spine2.md,134,concept_list,171e265a8008bbd0fb82ab93a1c3834d809edf43ab90acfd97d184201cfae0f1,yes,yes,included_structured_spine,"* Concepts: Field properties of rational numbers, conversion of fractions, non-terminating repeating decimals, absolute value bounds, negative numbers, real num"
structured,/Users/Suhas.KS/curriculum-spine2.md,135,skill_list,f456cb763000454a9558da84cae62e07307dd896cf9cfb16d914dfac4a55bf9b,yes,yes,included_structured_spine,"* Skills: Numerical operations over Q, mapping intervals on the real line."
structured,/Users/Suhas.KS/curriculum-spine2.md,136,blank,e3b0c44298fc1c149afbf4c8996fb92427ae41e4649b934ca495991b7852b855,yes,no,blank_line,
structured,/Users/Suhas.KS/curriculum-spine2.md,137,blank,e3b0c44298fc1c149afbf4c8996fb92427ae41e4649b934ca495991b7852b855,yes,no,blank_line,
structured,/Users/Suhas.KS/curriculum-spine2.md,138,module_heading,8cb22eded34b0979005583ae269c71c7d4c1b54a36a0ddb0c632c3f74c0df48c,yes,yes,included_structured_spine,* Module M3: Set Theoretic Foundations
structured,/Users/Suhas.KS/curriculum-spine2.md,139,concept_list,98018919edd1a2ad0565d28bf9ab152849c438756556fde7373ec2301ba4a9f5,yes,yes,included_structured_spine,"* Concepts: Set definition, membership notations, Roster vs. Set-Builder representations, empty/finite/infinite sets, Cartesian product of finite sets, set oper"
structured,/Users/Suhas.KS/curriculum-spine2.md,140,skill_list,440c4754316fe3b093205eb053e1a9bdae7d0aeccc52adcfbd2fec1e8af52d03,yes,yes,included_structured_spine,"* Skills: Venn diagram proofs, parsing set-builder notation in automated validation."
structured,/Users/Suhas.KS/curriculum-spine2.md,141,blank,e3b0c44298fc1c149afbf4c8996fb92427ae41e4649b934ca495991b7852b855,yes,no,blank_line,
structured,/Users/Suhas.KS/curriculum-spine2.md,142,blank,e3b0c44298fc1c149afbf4c8996fb92427ae41e4649b934ca495991b7852b855,yes,no,blank_line,
structured,/Users/Suhas.KS/curriculum-spine2.md,143,module_heading,ff0bbf9c4a302d72989803db469e558ae943f200cbd1602f873b5dc2b08ce245,yes,yes,included_structured_spine,"* Module M4: Ratios, Proportions & Scales"
structured,/Users/Suhas.KS/curriculum-spine2.md,144,concept_list,93a7d92bf8d975b7b741597433a8ecd641ef230eca2b8dfbbcf525b97cbc078e,yes,yes,included_structured_spine,"* Concepts: Unitary method, compounding ratios, continued proportions, direct/inverse variation, scale factors, properties of proportion (componendo, dividendo,"
structured,/Users/Suhas.KS/curriculum-spine2.md,145,skill_list,e88642a109b15e9246a1d0414f800bcc5a138baea0c087855e412366f0fab285,yes,yes,included_structured_spine,"* Skills: Mathematical modeling of scaling factors, solving multi-variable proportional systems."
structured,/Users/Suhas.KS/curriculum-spine2.md,146,blank,e3b0c44298fc1c149afbf4c8996fb92427ae41e4649b934ca495991b7852b855,yes,no,blank_line,
structured,/Users/Suhas.KS/curriculum-spine2.md,147,blank,e3b0c44298fc1c149afbf4c8996fb92427ae41e4649b934ca495991b7852b855,yes,no,blank_line,
structured,/Users/Suhas.KS/curriculum-spine2.md,148,module_heading,e18850419351c3ebf0e06b57031f8953f9bf0282ba9fb3c5289a2bdeef5cb765,yes,yes,included_structured_spine,* Module M5: Foundational Algebra & Expressions
structured,/Users/Suhas.KS/curriculum-spine2.md,149,concept_list,613311ad77dbca62fe974b6a6ac2172ed2739b0525d19e6ff81673a469ccdf22,yes,yes,included_structured_spine,"* Concepts: Polynomial expansion identities, algebraic substitution rules, framing algebraic expressions from word problems, solving linear equations in one var"
structured,/Users/Suhas.KS/curriculum-spine2.md,150,skill_list,20b1b3594012786ace4a8e8e46cf52788d05c1aaa05df47094cf7944c6fbb81f,yes,yes,included_structured_spine,"* Skills: Symbolic evaluation, simplifying complex algebraic structures."
structured,/Users/Suhas.KS/curriculum-spine2.md,151,blank,e3b0c44298fc1c149afbf4c8996fb92427ae41e4649b934ca495991b7852b855,yes,no,blank_line,
structured,/Users/Suhas.KS/curriculum-spine2.md,152,blank,e3b0c44298fc1c149afbf4c8996fb92427ae41e4649b934ca495991b7852b855,yes,no,blank_line,
structured,/Users/Suhas.KS/curriculum-spine2.md,153,module_heading,5f9eafcce7d1eae15b7a31a6dd0898293ddb9be2f7b79239885380ea19bbb798,yes,yes,included_structured_spine,* Module M6: Linear Inequations in One Variable
structured,/Users/Suhas.KS/curriculum-spine2.md,154,concept_list,7ac91a8ff7f5a024e71699862230bdc8d725128d758df69fc683a707a72720d4,yes,yes,included_structured_spine,"* Concepts: Representation of inequalities, properties of multiplication/division by negatives, interval mappings, combining multi-step inequalities, natural nu"
structured,/Users/Suhas.KS/curriculum-spine2.md,155,skill_list,846ebe354040bea136eee233bb9dd7dfe5c43d7a4b855b6e45ad09c0316a798a,yes,yes,included_structured_spine,"* Skills: Numerical range masking, graphing solution intervals on coordinate paths."
structured,/Users/Suhas.KS/curriculum-spine2.md,156,blank,e3b0c44298fc1c149afbf4c8996fb92427ae41e4649b934ca495991b7852b855,yes,no,blank_line,
structured,/Users/Suhas.KS/curriculum-spine2.md,157,blank,e3b0c44298fc1c149afbf4c8996fb92427ae41e4649b934ca495991b7852b855,yes,no,blank_line,
structured,/Users/Suhas.KS/curriculum-spine2.md,158,module_heading,ac381e2907b9a09a881a9ac6fdeab039bcfb04db95f3af098aa54f04d821e49b,yes,yes,included_structured_spine,* Module M7: Quadratic Equations & Roots
structured,/Users/Suhas.KS/curriculum-spine2.md,159,concept_list,caf1a9a9ece8bb7020e3620d89900621809f0ff6103d84503642323a5fba0471,yes,yes,included_structured_spine,"* Concepts: Standard form of quadratic equation ($ax^2+bx+c=0$), discriminant analysis ($\Delta=b^2-4ac$), nature of roots, factorization by splitting the middl"
structured,/Users/Suhas.KS/curriculum-spine2.md,160,skill_list,4b5d17710c6702c06a329bb87b497e9d05b98df09befff768b49ca16a1a0ff97,yes,yes,included_structured_spine,"* Skills: Root solver computation, mapping physical scenarios to quadratic variables."
structured,/Users/Suhas.KS/curriculum-spine2.md,161,blank,e3b0c44298fc1c149afbf4c8996fb92427ae41e4649b934ca495991b7852b855,yes,no,blank_line,
structured,/Users/Suhas.KS/curriculum-spine2.md,162,blank,e3b0c44298fc1c149afbf4c8996fb92427ae41e4649b934ca495991b7852b855,yes,no,blank_line,
structured,/Users/Suhas.KS/curriculum-spine2.md,163,module_heading,7615aa9d41d6e43e2f2cbefb9401a782907fe9c5cbc7d142fa4964b2825c0396,yes,yes,included_structured_spine,* Module M8: Polynomial Factors & Remainder Theorems
structured,/Users/Suhas.KS/curriculum-spine2.md,164,concept_list,0e46db1d4b27dd9bdaba5c6486207f8196b3f3cad97b32efd9d5a756f1b9a366,yes,yes,included_structured_spine,"* Concepts: Function definitions, Remainder Theorem, Factor Theorem, division algorithm for polynomials, synthetic division, factoring cubic polynomials."
structured,/Users/Suhas.KS/curriculum-spine2.md,165,skill_list,ef2f05c6270b595cc542286a748e8a70a4e8cad5b178b4292a95dea7df371ce5,yes,yes,included_structured_spine,"* Skills: Synthetic division factorization, algebraic proof systems."
structured,/Users/Suhas.KS/curriculum-spine2.md,166,blank,e3b0c44298fc1c149afbf4c8996fb92427ae41e4649b934ca495991b7852b855,yes,no,blank_line,
structured,/Users/Suhas.KS/curriculum-spine2.md,167,blank,e3b0c44298fc1c149afbf4c8996fb92427ae41e4649b934ca495991b7852b855,yes,no,blank_line,
structured,/Users/Suhas.KS/curriculum-spine2.md,168,module_heading,15958623a858c049b74e8d3fc227fdd4abcd7f5a17dbe52f768fafad8fce475e,yes,yes,included_structured_spine,* Module M9: Matrices & Linear Systems (2D)
structured,/Users/Suhas.KS/curriculum-spine2.md,169,concept_list,901391cc74621078a6a5ef90e4399b246b5df1defc22cf011955f79bffa90f5a,yes,yes,included_structured_spine,"* Concepts: Order of matrices, row/column vectors, identity and null matrices, matrix addition, scalar multiplication, matrix multiplication compatibility, dete"
structured,/Users/Suhas.KS/curriculum-spine2.md,170,skill_list,a428e5c935178f3eebb13529451a33303078bb868ac04a2cd501e73f8177c29b,yes,yes,included_structured_spine,"* Skills: Vectorized matrix multiply from scratch, linear equation systems in two variables."
structured,/Users/Suhas.KS/curriculum-spine2.md,171,blank,e3b0c44298fc1c149afbf4c8996fb92427ae41e4649b934ca495991b7852b855,yes,no,blank_line,
structured,/Users/Suhas.KS/curriculum-spine2.md,172,blank,e3b0c44298fc1c149afbf4c8996fb92427ae41e4649b934ca495991b7852b855,yes,no,blank_line,
structured,/Users/Suhas.KS/curriculum-spine2.md,173,module_heading,7b5ddaf710fb62ec702d1193e1ee780f5c5e8ffb31af416cc679e25ee7dbd353,yes,yes,included_structured_spine,* Module M10: Arithmetic Progressions
structured,/Users/Suhas.KS/curriculum-spine2.md,174,concept_list,43617a4e139dd26cb8f85204b0cea20df12d8f4e04e7672702dd2c400b5e27b8,yes,yes,included_structured_spine,"* Concepts: Sequence definition, general term formula ($a_n=a+(n-1)d$), sum of first $n$ terms ($S_n=\frac{n}{2}(2a+(n-1)d)$), arithmetic mean."
structured,/Users/Suhas.KS/curriculum-spine2.md,175,skill_list,ec5fcfd3c6b69d05b018f09abaa022e4f2c8256ead8e2433f410f8be2815cc78,yes,yes,included_structured_spine,"* Skills: Analytical sum derivations, dynamic sequence generation."
structured,/Users/Suhas.KS/curriculum-spine2.md,176,blank,e3b0c44298fc1c149afbf4c8996fb92427ae41e4649b934ca495991b7852b855,yes,no,blank_line,
structured,/Users/Suhas.KS/curriculum-spine2.md,177,blank,e3b0c44298fc1c149afbf4c8996fb92427ae41e4649b934ca495991b7852b855,yes,no,blank_line,
structured,/Users/Suhas.KS/curriculum-spine2.md,178,module_heading,f57cc5e905b1840aec617d07b46834161b41c7b444a78f510d5e6583bebc3bd9,yes,yes,included_structured_spine,* Module M11: Geometric Progressions
structured,/Users/Suhas.KS/curriculum-spine2.md,179,concept_list,b3bb7007929af22ad7f12b53114b6d2a0813ea60778905f17f51e36c1d76c886,yes,yes,included_structured_spine,"* Concepts: Definition of G.P., general term ($a_n=ar^{n-1}$), sum of finite G.P., convergence criteria ($|r|<1$), sum of infinite geometric series ($S_{\infty}"
structured,/Users/Suhas.KS/curriculum-spine2.md,180,skill_list,d2895e129f6f70f0318bf1b382bdd62b57d4585a246815eeded3c658faa2dbb3,yes,yes,included_structured_spine,"* Skills: Series evaluation, convergence boundary testing."
structured,/Users/Suhas.KS/curriculum-spine2.md,181,blank,e3b0c44298fc1c149afbf4c8996fb92427ae41e4649b934ca495991b7852b855,yes,no,blank_line,
structured,/Users/Suhas.KS/curriculum-spine2.md,182,blank,e3b0c44298fc1c149afbf4c8996fb92427ae41e4649b934ca495991b7852b855,yes,no,blank_line,
structured,/Users/Suhas.KS/curriculum-spine2.md,183,module_heading,9ae25d4d924452df006a3c10d2525e5e92cb4314568dcf7b12541a83ab69d101,yes,yes,included_structured_spine,* Module M12: Foundational Coordinate Geometry
structured,/Users/Suhas.KS/curriculum-spine2.md,184,concept_list,2a95ccdf115cf42fdc9cdf7021ff98730575365c5335dbe1cb5baa2acae34656,yes,yes,included_structured_spine,"* Concepts: Cartesian coordinate system, reflection of points across lines, section formula (internal division), mid-point formula, centroid of a triangle."
structured,/Users/Suhas.KS/curriculum-spine2.md,185,skill_list,2fbd1f353c067a99b7a381f7f74db3a1a3377844eb70c01c3227d7922eb18543,yes,yes,included_structured_spine,"* Skills: Plane transformations, coordinate mapping."
structured,/Users/Suhas.KS/curriculum-spine2.md,186,blank,e3b0c44298fc1c149afbf4c8996fb92427ae41e4649b934ca495991b7852b855,yes,no,blank_line,
structured,/Users/Suhas.KS/curriculum-spine2.md,187,blank,e3b0c44298fc1c149afbf4c8996fb92427ae41e4649b934ca495991b7852b855,yes,no,blank_line,
structured,/Users/Suhas.KS/curriculum-spine2.md,188,module_heading,398f3e63b417ae0b88793d2265fac1867efca73ed9786da62ff03dbabe1abb0f,yes,yes,included_structured_spine,* Module M13: Linear Equations in Two Variables
structured,/Users/Suhas.KS/curriculum-spine2.md,189,concept_list,07ae98487714280b8e990a3ba9c3fb48d67eccfb08351848084ce7fd299daf9b,yes,yes,included_structured_spine,"* Concepts: Gradient/slope of a line, angle of inclination, slope-intercept form, point-slope form, two-point form, intercept form, conditions for parallel and "
structured,/Users/Suhas.KS/curriculum-spine2.md,190,skill_list,adc9816ed435624c802a89dd58a6629224087e71ca3fd6412ad60cf85ed7590f,yes,yes,included_structured_spine,"* Skills: Vectorized slope evaluation, coordinate line intersection."
structured,/Users/Suhas.KS/curriculum-spine2.md,191,blank,e3b0c44298fc1c149afbf4c8996fb92427ae41e4649b934ca495991b7852b855,yes,no,blank_line,
structured,/Users/Suhas.KS/curriculum-spine2.md,192,blank,e3b0c44298fc1c149afbf4c8996fb92427ae41e4649b934ca495991b7852b855,yes,no,blank_line,
structured,/Users/Suhas.KS/curriculum-spine2.md,193,module_heading,8e692eb7c2a8f3ecb21677dcd2b9975beabc6506342866747a7b3def463d9d2e,yes,yes,included_structured_spine,* Module M14: Euclidean Geometry of Triangles
structured,/Users/Suhas.KS/curriculum-spine2.md,194,concept_list,a30e6539e3a8fae6685fa13d8c5b0284854e9d892ea6182851a529aab1f47cf4,yes,yes,included_structured_spine,"* Concepts: Congruency criteria, Similarity criteria (AAA, SAS, AA), Thales' Theorem (Basic Proportionality Theorem), Mid-Point Theorem, relationship between ar"
structured,/Users/Suhas.KS/curriculum-spine2.md,195,skill_list,afdf4b8d6be6a5b179d6ede56231f7e4a7abc1184ef47a175c6f8cf8043eea7f,yes,yes,included_structured_spine,"* Skills: Formal geometric proofs, scale transformation mappings."
structured,/Users/Suhas.KS/curriculum-spine2.md,196,blank,e3b0c44298fc1c149afbf4c8996fb92427ae41e4649b934ca495991b7852b855,yes,no,blank_line,
structured,/Users/Suhas.KS/curriculum-spine2.md,197,blank,e3b0c44298fc1c149afbf4c8996fb92427ae41e4649b934ca495991b7852b855,yes,no,blank_line,
structured,/Users/Suhas.KS/curriculum-spine2.md,198,module_heading,c40dafadc56e22d412c2a8e3808d7227ac26e9b966cf293fbdf748ede1eff799,yes,yes,included_structured_spine,* Module M15: Circle Geometry & Tangents
structured,/Users/Suhas.KS/curriculum-spine2.md,199,concept_list,ee96e83e45c83b5eb7f97f6b9142529d9b23fc8ebe49036d1506aca8ad093e50,yes,yes,included_structured_spine,"* Concepts: Chord properties, cyclic quadrilaterals, angle properties in a segment, tangent theorems, intersecting chord theorem, secant properties, concyclic p"
structured,/Users/Suhas.KS/curriculum-spine2.md,200,skill_list,6a3c5e56ad080ca2923eea52095cb287b14ad0982e6f81be6446a22647941ec6,yes,yes,included_structured_spine,"* Skills: Proof formulation for intersecting arcs, locus-based trajectory design."
structured,/Users/Suhas.KS/curriculum-spine2.md,201,blank,e3b0c44298fc1c149afbf4c8996fb92427ae41e4649b934ca495991b7852b855,yes,no,blank_line,
structured,/Users/Suhas.KS/curriculum-spine2.md,202,blank,e3b0c44298fc1c149afbf4c8996fb92427ae41e4649b934ca495991b7852b855,yes,no,blank_line,
structured,/Users/Suhas.KS/curriculum-spine2.md,203,module_heading,e7758bfd9c6c01ef313803092265645607e448a9dfcf4687d05f37f1ec7d438c,yes,yes,included_structured_spine,* Module M16: Classical Mensuration
structured,/Users/Suhas.KS/curriculum-spine2.md,204,concept_list,1794ba0cce20bf4bd5d70cce9277bf9f7b67ce9928262106089f0d2d771322ff,yes,yes,included_structured_spine,"* Concepts: Area of plane figures, surface area and volume of three-dimensional solids (cylinders, cones, spheres, hemispheres), combined shapes."
structured,/Users/Suhas.KS/curriculum-spine2.md,205,skill_list,eb43efb311daf243a04b1d0fbe6e57cd3849946116e117be911ca35481f09a6e,yes,yes,included_structured_spine,"* Skills: Multi-variable volume calculations, spatial boundary analysis."
structured,/Users/Suhas.KS/curriculum-spine2.md,206,blank,e3b0c44298fc1c149afbf4c8996fb92427ae41e4649b934ca495991b7852b855,yes,no,blank_line,
structured,/Users/Suhas.KS/curriculum-spine2.md,207,blank,e3b0c44298fc1c149afbf4c8996fb92427ae41e4649b934ca495991b7852b855,yes,no,blank_line,
structured,/Users/Suhas.KS/curriculum-spine2.md,208,module_heading,4285e990e7c7c46dac371282e63844c292d9286a67f8df16e8aa11a41435351c,yes,yes,included_structured_spine,* Module M17: Foundational Trigonometry
structured,/Users/Suhas.KS/curriculum-spine2.md,209,concept_list,f8fd5afdd4e39dac517a04bcfb67cc044b8bcb8d6daee02b700e8d945ef8839e,yes,yes,included_structured_spine,"* Concepts: Trigonometrical ratios (sine, cosine, tangent, secant, cosecant, cotangent), trigonometric identities ($\sin^2\theta+\cos^2\theta=1$), height and di"
structured,/Users/Suhas.KS/curriculum-spine2.md,210,skill_list,6f8872a35c2cd72cc2561f453420e9822527dfeb87697687bf60ddfc39c58fca,yes,yes,included_structured_spine,"* Skills: Triangulation algorithms, solving multi-point spatial projection."
structured,/Users/Suhas.KS/curriculum-spine2.md,211,blank,e3b0c44298fc1c149afbf4c8996fb92427ae41e4649b934ca495991b7852b855,yes,no,blank_line,
structured,/Users/Suhas.KS/curriculum-spine2.md,212,blank,e3b0c44298fc1c149afbf4c8996fb92427ae41e4649b934ca495991b7852b855,yes,no,blank_line,
structured,/Users/Suhas.KS/curriculum-spine2.md,213,module_heading,4f98c9cf90ce6c5db1b900161523d5b49db9b900877998c1801360ed4691c3b3,yes,yes,included_structured_spine,* Module M18: Commercial Arithmetic
structured,/Users/Suhas.KS/curriculum-spine2.md,214,concept_list,7651cccffbbf1b5db91c8e783b13a3d3ce84e454ab04071213774d7e4bb72f23,yes,yes,included_structured_spine,"* Concepts: Value Added Tax (VAT), Goods and Services Tax (GST) systems (CGST, SGST, IGST), Input Tax Credit (ITC) mechanism, Recurring Deposit (RD) accounts, m"
structured,/Users/Suhas.KS/curriculum-spine2.md,215,skill_list,10ff57a241566debb452fa20e3745ec045137594d37eec11650f6ef441f04dd1,yes,yes,included_structured_spine,"* Skills: Financial calculation pipeline engineering, ledger auditing rules."
structured,/Users/Suhas.KS/curriculum-spine2.md,216,blank,e3b0c44298fc1c149afbf4c8996fb92427ae41e4649b934ca495991b7852b855,yes,no,blank_line,
structured,/Users/Suhas.KS/curriculum-spine2.md,217,blank,e3b0c44298fc1c149afbf4c8996fb92427ae41e4649b934ca495991b7852b855,yes,no,blank_line,
structured,/Users/Suhas.KS/curriculum-spine2.md,218,blank,e3b0c44298fc1c149afbf4c8996fb92427ae41e4649b934ca495991b7852b855,yes,no,blank_line,
structured,/Users/Suhas.KS/curriculum-spine2.md,219,structured_content,cb3f91d54eee30e53e35b2b99905f70f169ed549fd78909d3dac2defc9ed8d3b,yes,yes,included_structured_spine,---
structured,/Users/Suhas.KS/curriculum-spine2.md,220,blank,e3b0c44298fc1c149afbf4c8996fb92427ae41e4649b934ca495991b7852b855,yes,no,blank_line,
structured,/Users/Suhas.KS/curriculum-spine2.md,221,tier_heading,9bbe375bfffbbb3d939a69417e9dbbdb031f8b3ed10cef1d4c72c03580b4dca5,yes,yes,included_structured_spine,## TIER 2: SENIOR SECONDARY & COMPETITIVE ENTRANCE LEVEL (Classes 11-12 & JEE)
structured,/Users/Suhas.KS/curriculum-spine2.md,222,blank,e3b0c44298fc1c149afbf4c8996fb92427ae41e4649b934ca495991b7852b855,yes,no,blank_line,
structured,/Users/Suhas.KS/curriculum-spine2.md,223,blank,e3b0c44298fc1c149afbf4c8996fb92427ae41e4649b934ca495991b7852b855,yes,no,blank_line,
structured,/Users/Suhas.KS/curriculum-spine2.md,224,blank,e3b0c44298fc1c149afbf4c8996fb92427ae41e4649b934ca495991b7852b855,yes,no,blank_line,
structured,/Users/Suhas.KS/curriculum-spine2.md,225,module_heading,b6ba10aad2685adaef4923672302325ea1503941742e55d0bcd0cae91786512c,yes,yes,included_structured_spine,"* Module M19: Relations, Equivalence & Function Maps"
structured,/Users/Suhas.KS/curriculum-spine2.md,226,concept_list,63701a16cd802c61678f61a1c4661adb6af49914eec1f9e000e2738a9e671ed1,yes,yes,included_structured_spine,"* Concepts: Cartesian products, equivalence relations, equivalence classes, domain, codomain, range, injective (one-to-one), surjective (onto), bijective, compo"
structured,/Users/Suhas.KS/curriculum-spine2.md,227,skill_list,5db764da2214ae9d49aae3898b29d9cd62aaf466cb1e4b332c8297243beb0112,yes,yes,included_structured_spine,"* Skills: Mapping operations, functional analysis, domain restriction proofs."
structured,/Users/Suhas.KS/curriculum-spine2.md,228,blank,e3b0c44298fc1c149afbf4c8996fb92427ae41e4649b934ca495991b7852b855,yes,no,blank_line,
structured,/Users/Suhas.KS/curriculum-spine2.md,229,blank,e3b0c44298fc1c149afbf4c8996fb92427ae41e4649b934ca495991b7852b855,yes,no,blank_line,
structured,/Users/Suhas.KS/curriculum-spine2.md,230,module_heading,13ac68267ea6ea93eff20e1418a9efb14e9f9ebc3e768f2787211f765a9764f9,yes,yes,included_structured_spine,* Module M20: Complex Fields & Roots of Unity
structured,/Users/Suhas.KS/curriculum-spine2.md,231,concept_list,3f42c0e5bad980031376e826a531db6bbdd035642ee09aa46b418f2a5f2ebcdf,yes,yes,included_structured_spine,"* Concepts: Complex numbers as an algebraic field, conjugate arithmetic, polar representation, Euler form ($e^{j\theta}$), properties of modulus and principal a"
structured,/Users/Suhas.KS/curriculum-spine2.md,232,skill_list,3a9267e32ec32512646e2a28f3dd4ce544524af3185d9daf99cfcbc118569d77,yes,yes,included_structured_spine,"* Skills: Solving complex polynomial equations, mapping geometric transformations in the complex plane."
structured,/Users/Suhas.KS/curriculum-spine2.md,233,blank,e3b0c44298fc1c149afbf4c8996fb92427ae41e4649b934ca495991b7852b855,yes,no,blank_line,
structured,/Users/Suhas.KS/curriculum-spine2.md,234,blank,e3b0c44298fc1c149afbf4c8996fb92427ae41e4649b934ca495991b7852b855,yes,no,blank_line,
structured,/Users/Suhas.KS/curriculum-spine2.md,235,module_heading,b04212baa3dc23eaebcf7a31a1cd7780aed1cb9c859b7624f15dca9a8bd22a16,yes,yes,included_structured_spine,* Module M21: Combinatorics & Permutations
structured,/Users/Suhas.KS/curriculum-spine2.md,236,concept_list,6605aa3f1e3bb61b55556722832894186d253644086d993c44f23f7202aac20c,yes,yes,included_structured_spine,"* Concepts: Fundamental counting principle, permutations with/without repetition, circular permutations, combinations, selection with constraints, partition of "
structured,/Users/Suhas.KS/curriculum-spine2.md,237,skill_list,78a82211ed798a53d9405385c214fa048a835d2b865ddd37db94be33638547ab,yes,yes,included_structured_spine,"* Skills: Rigorous selection analysis, combinatoric calculation."
structured,/Users/Suhas.KS/curriculum-spine2.md,238,blank,e3b0c44298fc1c149afbf4c8996fb92427ae41e4649b934ca495991b7852b855,yes,no,blank_line,
structured,/Users/Suhas.KS/curriculum-spine2.md,239,blank,e3b0c44298fc1c149afbf4c8996fb92427ae41e4649b934ca495991b7852b855,yes,no,blank_line,
structured,/Users/Suhas.KS/curriculum-spine2.md,240,module_heading,b94cf198dd6355ad8bac2768a6c3f3154b0123c832e61ab9b6c2b82156864aa5,yes,yes,included_structured_spine,* Module M22: Binomial & Multinomial Theorems
structured,/Users/Suhas.KS/curriculum-spine2.md,241,concept_list,fcd5c790504538a7394839a17427387b9a0965f439a472eda00e5ae9e14f4157,yes,yes,included_structured_spine,"* Concepts: Binomial expansion for a positive integral index, general term, middle terms, properties and relations of binomial coefficients, multinomial expansi"
structured,/Users/Suhas.KS/curriculum-spine2.md,242,skill_list,5167bb2c355e0ad3dd28b94f86faa6cab0abdf219a2e2bfcab764bf87db3b5d5,yes,yes,included_structured_spine,"* Skills: Polynomial expansion pipelines, binomial coefficient estimation."
structured,/Users/Suhas.KS/curriculum-spine2.md,243,blank,e3b0c44298fc1c149afbf4c8996fb92427ae41e4649b934ca495991b7852b855,yes,no,blank_line,
structured,/Users/Suhas.KS/curriculum-spine2.md,244,blank,e3b0c44298fc1c149afbf4c8996fb92427ae41e4649b934ca495991b7852b855,yes,no,blank_line,
structured,/Users/Suhas.KS/curriculum-spine2.md,245,module_heading,dd53ed763c0782b481ae0e4215ee985641e5339aff403b8888c6706f9c65b8e9,yes,yes,included_structured_spine,* Module M23: Plane Trigonometry & Equations
structured,/Users/Suhas.KS/curriculum-spine2.md,246,concept_list,3e94bae427817624c35f9e282810efbcfd323a1fbd327e23f98c2bb0da049563,yes,yes,included_structured_spine,"* Concepts: Periodic graphs of trigonometric functions, addition/subtraction formulas, multiple and sub-multiple angle equations, general solutions of trigonome"
structured,/Users/Suhas.KS/curriculum-spine2.md,247,skill_list,91b39e5eba7c90091aef5e35f79306ddf8c7ec87f0ac776a8e76564eaa82eec8,yes,yes,included_structured_spine,"* Skills: Solving complex trigonometric equations, phase modeling."
structured,/Users/Suhas.KS/curriculum-spine2.md,248,blank,e3b0c44298fc1c149afbf4c8996fb92427ae41e4649b934ca495991b7852b855,yes,no,blank_line,
structured,/Users/Suhas.KS/curriculum-spine2.md,249,blank,e3b0c44298fc1c149afbf4c8996fb92427ae41e4649b934ca495991b7852b855,yes,no,blank_line,
structured,/Users/Suhas.KS/curriculum-spine2.md,250,module_heading,89e9e0862e3f1f41af2fa60d9e7c9b76c5f290e7c0ce0ac37c00b8fe6773bc1b,yes,yes,included_structured_spine,* Module M24: Advanced Coordinate Geometry: Circle
structured,/Users/Suhas.KS/curriculum-spine2.md,251,concept_list,e7c8632c369e2f43c986d808e44248e0e55431cb127a02f7c82a8d36504b7371,yes,yes,included_structured_spine,"* Concepts: General second-degree equation, circle representation, parametric equations, tangent and normal equations, chord of contact, director circle, orthog"
structured,/Users/Suhas.KS/curriculum-spine2.md,252,skill_list,ff903aad304d097897d074a43ecbc6977323900e8ce5be0a1385023abccf1ef3,yes,yes,included_structured_spine,"* Skills: Conic intersection analysis, spatial distance checks."
structured,/Users/Suhas.KS/curriculum-spine2.md,253,blank,e3b0c44298fc1c149afbf4c8996fb92427ae41e4649b934ca495991b7852b855,yes,no,blank_line,
structured,/Users/Suhas.KS/curriculum-spine2.md,254,blank,e3b0c44298fc1c149afbf4c8996fb92427ae41e4649b934ca495991b7852b855,yes,no,blank_line,
structured,/Users/Suhas.KS/curriculum-spine2.md,255,module_heading,fbd680c4b6e436d8a2d2b2d22228c79c0729de650eb2d639c463917f2c1d6591,yes,yes,included_structured_spine,* Module M25: Conic Sections & Intersections
structured,/Users/Suhas.KS/curriculum-spine2.md,256,concept_list,3dfad7c0fa6ea2cc40172adc0526f953f769f5cdeaba09dadf63aac83945dbb5,yes,yes,included_structured_spine,"* Concepts: Eccentricity-focus-directrix definitions, standard equations and properties of parabola, ellipse, and hyperbola, auxiliary circles, asymptotes, tang"
structured,/Users/Suhas.KS/curriculum-spine2.md,257,skill_list,5ac43e4980fbe16d2d54593b273ec8ccef38d81d2d85bfc456b7c330fb6f515f,yes,yes,included_structured_spine,* Skills: Boundary tracking for conic trajectories.
structured,/Users/Suhas.KS/curriculum-spine2.md,258,blank,e3b0c44298fc1c149afbf4c8996fb92427ae41e4649b934ca495991b7852b855,yes,no,blank_line,
structured,/Users/Suhas.KS/curriculum-spine2.md,259,blank,e3b0c44298fc1c149afbf4c8996fb92427ae41e4649b934ca495991b7852b855,yes,no,blank_line,
structured,/Users/Suhas.KS/curriculum-spine2.md,260,module_heading,1eb38efc25b10bd3784a8dde018cc8222cad7124b0bbbb3298e916aab2835e7a,yes,yes,included_structured_spine,"* Module M26: Matrices, Determinants & Cramer's Rule"
structured,/Users/Suhas.KS/curriculum-spine2.md,261,concept_list,f75a268eb4050d675cf59a6e15500688525acd391eb9481cdf0c25058692be79,yes,yes,included_structured_spine,"* Concepts: Determinants of order 3, transpose of a matrix, adjoint of a matrix, inverse matrix calculations, row and column transformations, diagonal, symmetri"
structured,/Users/Suhas.KS/curriculum-spine2.md,262,skill_list,949a24b7dd6f760f4794850368580e5e0b65d5f3f575f1d174ac12e79ed06384,yes,yes,included_structured_spine,"* Skills: Solver execution, matrix property verification."
structured,/Users/Suhas.KS/curriculum-spine2.md,263,blank,e3b0c44298fc1c149afbf4c8996fb92427ae41e4649b934ca495991b7852b855,yes,no,blank_line,
structured,/Users/Suhas.KS/curriculum-spine2.md,264,blank,e3b0c44298fc1c149afbf4c8996fb92427ae41e4649b934ca495991b7852b855,yes,no,blank_line,
structured,/Users/Suhas.KS/curriculum-spine2.md,265,module_heading,4b32d554969a5dc916f96496cec68d131b01f9dd102d4a0c329258e1ffafc8d9,yes,yes,included_structured_spine,* Module M27: Vector Algebra & Triple Products
structured,/Users/Suhas.KS/curriculum-spine2.md,266,concept_list,ab56596099d2a999f58eff6e8ef963330d0e88b92cc6d6767ae0260ddd563e73,yes,yes,included_structured_spine,"* Concepts: Direction cosines and direction ratios, scalar (dot) and vector (cross) products of vectors, scalar triple product ($[a, b, c]$), vector triple prod"
structured,/Users/Suhas.KS/curriculum-spine2.md,267,skill_list,6c0dade77d889251778bcf493c28a921a25d9a624da3b452583b50d12699a8e3,yes,yes,included_structured_spine,"* Skills: Vectorized 3D space operations, geometric projection."
structured,/Users/Suhas.KS/curriculum-spine2.md,268,blank,e3b0c44298fc1c149afbf4c8996fb92427ae41e4649b934ca495991b7852b855,yes,no,blank_line,
structured,/Users/Suhas.KS/curriculum-spine2.md,269,blank,e3b0c44298fc1c149afbf4c8996fb92427ae41e4649b934ca495991b7852b855,yes,no,blank_line,
structured,/Users/Suhas.KS/curriculum-spine2.md,270,module_heading,bf238b3b29324b8b5e4f3d78a2a112fbe9e2d7cd82a78b485bc2387a895da74e,yes,yes,included_structured_spine,* Module M28: Three-Dimensional Coordinate Space
structured,/Users/Suhas.KS/curriculum-spine2.md,271,concept_list,1cf905e7915ad7e089d15ed90b8853a942e5704d0d5ea51ef1f20c9c9ce90985,yes,yes,included_structured_spine,"* Concepts: Shortest distance between skew lines, symmetrical/unsymmetrical forms of lines, equations of planes, angles between lines/planes, distance of a poin"
structured,/Users/Suhas.KS/curriculum-spine2.md,272,skill_list,d68ce5bb226428abda049eb61266416b210dff2594251ae9b364c956c354278e,yes,yes,included_structured_spine,"* Skills: 3D collision detection, coordinate projection mappings."
structured,/Users/Suhas.KS/curriculum-spine2.md,273,blank,e3b0c44298fc1c149afbf4c8996fb92427ae41e4649b934ca495991b7852b855,yes,no,blank_line,
structured,/Users/Suhas.KS/curriculum-spine2.md,274,blank,e3b0c44298fc1c149afbf4c8996fb92427ae41e4649b934ca495991b7852b855,yes,no,blank_line,
structured,/Users/Suhas.KS/curriculum-spine2.md,275,module_heading,befc2cb9a4fdb55add6c69d6424d1f745fcb0f5b57dc17381c859482db99a007,yes,yes,included_structured_spine,* Module M29: Real Limits & Continuity
structured,/Users/Suhas.KS/curriculum-spine2.md,276,concept_list,7127c0e73ca96254eebd5eb3ef8d5bdfea00e04705b5149109c9185885de7839,yes,yes,included_structured_spine,"* Concepts: Epsilon-delta ($\epsilon$-$\delta$) limit definitions, limit properties, continuous properties, Intermediate Value Theorem, indeterminate forms, L'H"
structured,/Users/Suhas.KS/curriculum-spine2.md,277,skill_list,e3e45b3e340ea46e1f74b00fc9f689af8fa3efb10bee2c494525ad38c0cc4258,yes,yes,included_structured_spine,"* Skills: Analytical convergence checks, handling boundary conditions."
structured,/Users/Suhas.KS/curriculum-spine2.md,278,blank,e3b0c44298fc1c149afbf4c8996fb92427ae41e4649b934ca495991b7852b855,yes,no,blank_line,
structured,/Users/Suhas.KS/curriculum-spine2.md,279,blank,e3b0c44298fc1c149afbf4c8996fb92427ae41e4649b934ca495991b7852b855,yes,no,blank_line,
structured,/Users/Suhas.KS/curriculum-spine2.md,280,module_heading,da2b8f6fc90580ed74788e89c3b14a95f08a58807dff6dc14b1861aaaa28ce60,yes,yes,included_structured_spine,* Module M30: Differential Calculus & Implicit Forms
structured,/Users/Suhas.KS/curriculum-spine2.md,281,concept_list,d43ce97669b71723bc2a97756d7dda3d162a2f3f43252b03e90cff51be9b8c28,yes,yes,included_structured_spine,"* Concepts: Derivative from first principles, derivative rules (product, quotient, chain rule), implicit differentiation, derivatives of implicit and parametric"
structured,/Users/Suhas.KS/curriculum-spine2.md,282,skill_list,f1431688d443ade17c7e717ea39e3acd120be2d0a8284ec639ffbc10800642ab,yes,yes,included_structured_spine,* Skills: Implementing custom numerical finite-difference gradient kernels.
structured,/Users/Suhas.KS/curriculum-spine2.md,283,blank,e3b0c44298fc1c149afbf4c8996fb92427ae41e4649b934ca495991b7852b855,yes,no,blank_line,
structured,/Users/Suhas.KS/curriculum-spine2.md,284,blank,e3b0c44298fc1c149afbf4c8996fb92427ae41e4649b934ca495991b7852b855,yes,no,blank_line,
structured,/Users/Suhas.KS/curriculum-spine2.md,285,module_heading,9a4f4f9fbc057c7cb674e9ee7e6c5daf20ed76aabed0459ea8638888d8a1d91a,yes,yes,included_structured_spine,* Module M31: Application of Derivatives
structured,/Users/Suhas.KS/curriculum-spine2.md,286,concept_list,8843660eaf9f47cfeb43f0978d70ec5765c5ae2ade3d3794c99cb3cc6a1b6869,yes,yes,included_structured_spine,"* Concepts: Rate of change, tangents and normals, Rolle's and Lagrange's Mean Value Theorems, monotonicity (increasing/decreasing), optimization (local/absolute"
structured,/Users/Suhas.KS/curriculum-spine2.md,287,skill_list,09e502594ec229cf90755e5b35e1a11f62078171e8bb754ea2d804130f2aaf7f,yes,yes,included_structured_spine,"* Skills: Single-variable optimization, numerical derivative tracking."
structured,/Users/Suhas.KS/curriculum-spine2.md,288,blank,e3b0c44298fc1c149afbf4c8996fb92427ae41e4649b934ca495991b7852b855,yes,no,blank_line,
structured,/Users/Suhas.KS/curriculum-spine2.md,289,blank,e3b0c44298fc1c149afbf4c8996fb92427ae41e4649b934ca495991b7852b855,yes,no,blank_line,
structured,/Users/Suhas.KS/curriculum-spine2.md,290,module_heading,ccdf02b1ddd0f6000d7db519c75569a3bdc6f76af7e82266d776ce9f7bb76070,yes,yes,included_structured_spine,* Module M32: Indefinite and Definite Integration
structured,/Users/Suhas.KS/curriculum-spine2.md,291,concept_list,e392ccf6b77ee00825b06ce2700e0b9cfb9295913548dbc34bf59b6b06629988,yes,yes,included_structured_spine,"* Concepts: Anti-derivatives, integration methods (substitution, by parts, partial fractions), definite integrals as limit of Riemann sums, fundamental theorems"
structured,/Users/Suhas.KS/curriculum-spine2.md,292,skill_list,d5ee7204525f38c4f9696edf148274609ed1ba158f6e6494e9fb389548f1a48b,yes,yes,included_structured_spine,"* Skills: Numerical integration engine design, symbolic integration mapping."
structured,/Users/Suhas.KS/curriculum-spine2.md,293,blank,e3b0c44298fc1c149afbf4c8996fb92427ae41e4649b934ca495991b7852b855,yes,no,blank_line,
structured,/Users/Suhas.KS/curriculum-spine2.md,294,blank,e3b0c44298fc1c149afbf4c8996fb92427ae41e4649b934ca495991b7852b855,yes,no,blank_line,
structured,/Users/Suhas.KS/curriculum-spine2.md,295,module_heading,a83cd9501e001d796eadedf60437df082076263ddec64f4977dcb16a09d7681e,yes,yes,included_structured_spine,* Module M33: Application of Integrals
structured,/Users/Suhas.KS/curriculum-spine2.md,296,concept_list,23f64da2c640f80263a3cd69d14f601a6cf0f259601bd9f7ba7f608fe81cb455,yes,yes,included_structured_spine,"* Concepts: Area bounded by standard curves, area between intersection of circles/conics, symmetric area evaluations."
structured,/Users/Suhas.KS/curriculum-spine2.md,297,skill_list,ae02b291f2fcd064886b7351421df99a5678ee4349184300d16fa0ba87d573b2,yes,yes,included_structured_spine,* Skills: High-precision area calculations via numerical quadratures.
structured,/Users/Suhas.KS/curriculum-spine2.md,298,blank,e3b0c44298fc1c149afbf4c8996fb92427ae41e4649b934ca495991b7852b855,yes,no,blank_line,
structured,/Users/Suhas.KS/curriculum-spine2.md,299,blank,e3b0c44298fc1c149afbf4c8996fb92427ae41e4649b934ca495991b7852b855,yes,no,blank_line,
structured,/Users/Suhas.KS/curriculum-spine2.md,300,module_heading,a4ba4ae14fe0db1352a78a9427978a9412ab8dfb0af7e3b37f66f5d59bdf60f5,yes,yes,included_structured_spine,* Module M34: Ordinary Differential Equations
structured,/Users/Suhas.KS/curriculum-spine2.md,301,concept_list,e4abe4564a961300a4e30387c4a6bbc406cee7026d8baefcbebb19fbd395063d,yes,yes,included_structured_spine,"* Concepts: Definition, order, degree, formation of ODEs, variables separable method, homogeneous first-order differential equations, linear first-order differe"
structured,/Users/Suhas.KS/curriculum-spine2.md,302,skill_list,291893eb2452f754c1565404c5ca84c03b2099d78179814d53cc381fef13e6f6,yes,yes,included_structured_spine,* Skills: Initial-value numerical solvers.
structured,/Users/Suhas.KS/curriculum-spine2.md,303,blank,e3b0c44298fc1c149afbf4c8996fb92427ae41e4649b934ca495991b7852b855,yes,no,blank_line,
structured,/Users/Suhas.KS/curriculum-spine2.md,304,blank,e3b0c44298fc1c149afbf4c8996fb92427ae41e4649b934ca495991b7852b855,yes,no,blank_line,
structured,/Users/Suhas.KS/curriculum-spine2.md,305,blank,e3b0c44298fc1c149afbf4c8996fb92427ae41e4649b934ca495991b7852b855,yes,no,blank_line,
structured,/Users/Suhas.KS/curriculum-spine2.md,306,structured_content,cb3f91d54eee30e53e35b2b99905f70f169ed549fd78909d3dac2defc9ed8d3b,yes,yes,included_structured_spine,---
structured,/Users/Suhas.KS/curriculum-spine2.md,307,blank,e3b0c44298fc1c149afbf4c8996fb92427ae41e4649b934ca495991b7852b855,yes,no,blank_line,
structured,/Users/Suhas.KS/curriculum-spine2.md,308,tier_heading,9bcf2eb7c92d1b38c7213f8afc9708ecc3aa050c34f6b84ec720bd8b4790bf8d,yes,yes,included_structured_spine,## TIER 3: UNDERGRADUATE ENGINEERING MATHEMATICS (B.S. Grewal Paradigm)
structured,/Users/Suhas.KS/curriculum-spine2.md,309,blank,e3b0c44298fc1c149afbf4c8996fb92427ae41e4649b934ca495991b7852b855,yes,no,blank_line,
structured,/Users/Suhas.KS/curriculum-spine2.md,310,blank,e3b0c44298fc1c149afbf4c8996fb92427ae41e4649b934ca495991b7852b855,yes,no,blank_line,
structured,/Users/Suhas.KS/curriculum-spine2.md,311,blank,e3b0c44298fc1c149afbf4c8996fb92427ae41e4649b934ca495991b7852b855,yes,no,blank_line,
structured,/Users/Suhas.KS/curriculum-spine2.md,312,module_heading,09126bccabced6771f5019db3197ed614e6e588332011bd6f1b4b9c263a0fd0f,yes,yes,included_structured_spine,* Module M35: Ordinary & Partial Differential Systems
structured,/Users/Suhas.KS/curriculum-spine2.md,313,concept_list,1a5fbe9f06d9e65804251f6fd89e0365291ff0b84f5632369b78e618a12727d3,yes,yes,included_structured_spine,"* Concepts: Linear ODEs with constant coefficients, series solutions of differential equations, Bessel and Legendre functions, special functions (Beta and Gamma"
structured,/Users/Suhas.KS/curriculum-spine2.md,314,skill_list,a35b17f89cddfd44767d4413e31891849aa31c8f104ad79ea1a3cda6f4717e56,yes,yes,included_structured_spine,"* Skills: Differential system modeling, series approximation calculations."
structured,/Users/Suhas.KS/curriculum-spine2.md,315,blank,e3b0c44298fc1c149afbf4c8996fb92427ae41e4649b934ca495991b7852b855,yes,no,blank_line,
structured,/Users/Suhas.KS/curriculum-spine2.md,316,blank,e3b0c44298fc1c149afbf4c8996fb92427ae41e4649b934ca495991b7852b855,yes,no,blank_line,
structured,/Users/Suhas.KS/curriculum-spine2.md,317,module_heading,79a6f5b565ef9d59dbd9b2c2cbbb5d5c8ea2fd90d8536e3387d6aa10f686cde1,yes,yes,included_structured_spine,* Module M36: Advanced Transform Calculus
structured,/Users/Suhas.KS/curriculum-spine2.md,318,concept_list,62d45e31b63653f3e9d0495662d4be855bf12d69c4a9d2f56aebc94e92a0b8b5,yes,yes,included_structured_spine,"* Concepts: Laplace transforms and properties, inverse Laplace transforms, Convolution Theorem, Fourier series, Fourier integrals, Fourier transforms, discrete "
structured,/Users/Suhas.KS/curriculum-spine2.md,319,skill_list,402748042ced475747b7fc3c8030da932acf1c6938ce24106c4296d2d888cd4a,yes,yes,included_structured_spine,"* Skills: Frequency-domain analysis, system transfer function calculations."
structured,/Users/Suhas.KS/curriculum-spine2.md,320,blank,e3b0c44298fc1c149afbf4c8996fb92427ae41e4649b934ca495991b7852b855,yes,no,blank_line,
structured,/Users/Suhas.KS/curriculum-spine2.md,321,blank,e3b0c44298fc1c149afbf4c8996fb92427ae41e4649b934ca495991b7852b855,yes,no,blank_line,
structured,/Users/Suhas.KS/curriculum-spine2.md,322,module_heading,381ca44cdc0081ecf9d12e06a875cddd0bf7b49420fef31995386d0d13b88124,yes,yes,included_structured_spine,* Module M37: Numerical Methods & Difference Equations
structured,/Users/Suhas.KS/curriculum-spine2.md,323,concept_list,d5e6ec97abb053de76ea84aa06eac315fd3e28c425fbe687637c7a56db0ae19f,yes,yes,included_structured_spine,"* Concepts: Curve-fitting, finite differences, interpolation formulas, numerical differentiation/integration, numerical solvers for ODEs/PDEs (Euler, Runge-Kutt"
structured,/Users/Suhas.KS/curriculum-spine2.md,324,skill_list,e9beaf816e3ef582762c69cd87429cb080a7464bef7f79ef1c9f90b0472b7a78,yes,yes,included_structured_spine,"* Skills: Matrix-free numerical computation, error propagation modeling."
structured,/Users/Suhas.KS/curriculum-spine2.md,325,blank,e3b0c44298fc1c149afbf4c8996fb92427ae41e4649b934ca495991b7852b855,yes,no,blank_line,
structured,/Users/Suhas.KS/curriculum-spine2.md,326,blank,e3b0c44298fc1c149afbf4c8996fb92427ae41e4649b934ca495991b7852b855,yes,no,blank_line,
structured,/Users/Suhas.KS/curriculum-spine2.md,327,blank,e3b0c44298fc1c149afbf4c8996fb92427ae41e4649b934ca495991b7852b855,yes,no,blank_line,
structured,/Users/Suhas.KS/curriculum-spine2.md,328,structured_content,cb3f91d54eee30e53e35b2b99905f70f169ed549fd78909d3dac2defc9ed8d3b,yes,yes,included_structured_spine,---
structured,/Users/Suhas.KS/curriculum-spine2.md,329,blank,e3b0c44298fc1c149afbf4c8996fb92427ae41e4649b934ca495991b7852b855,yes,no,blank_line,
structured,/Users/Suhas.KS/curriculum-spine2.md,330,tier_heading,92802c50fc9b3793cf11fb1c55a0bf96841df59fd72924692c20d56f56e0feda,yes,yes,included_structured_spine,## TIER 4: GRADUATE-LEVEL RIGOR & ALGORITHMIC VALIDATION (Proof to Python Track)
structured,/Users/Suhas.KS/curriculum-spine2.md,331,blank,e3b0c44298fc1c149afbf4c8996fb92427ae41e4649b934ca495991b7852b855,yes,no,blank_line,
structured,/Users/Suhas.KS/curriculum-spine2.md,332,blank,e3b0c44298fc1c149afbf4c8996fb92427ae41e4649b934ca495991b7852b855,yes,no,blank_line,
structured,/Users/Suhas.KS/curriculum-spine2.md,333,blank,e3b0c44298fc1c149afbf4c8996fb92427ae41e4649b934ca495991b7852b855,yes,no,blank_line,
structured,/Users/Suhas.KS/curriculum-spine2.md,334,module_heading,26ec590cb7de9024ba48ac1f1f5b3657b07392a6ad735274915ad6fd432c40e0,yes,yes,included_structured_spine,* Module M38: Topological Real Analysis
structured,/Users/Suhas.KS/curriculum-spine2.md,335,concept_list,24638c175d77167c7bb40122e6d0fe578881090d7b38dffce737a9610b16eb1b,yes,yes,included_structured_spine,"* Concepts: Metric spaces, open/closed sets, limit points, Cauchy sequences, completeness, compactness (Heine-Borel theorem), continuous mappings on metric spac"
structured,/Users/Suhas.KS/curriculum-spine2.md,336,skill_list,014ef40cda64ad58903a91e30d1721a3302db248e47eda1b43f2bcc8bf1b0364,yes,yes,included_structured_spine,"* Skills: Constructive proofs, formal validation of metric boundaries in Python."
structured,/Users/Suhas.KS/curriculum-spine2.md,337,blank,e3b0c44298fc1c149afbf4c8996fb92427ae41e4649b934ca495991b7852b855,yes,no,blank_line,
structured,/Users/Suhas.KS/curriculum-spine2.md,338,blank,e3b0c44298fc1c149afbf4c8996fb92427ae41e4649b934ca495991b7852b855,yes,no,blank_line,
structured,/Users/Suhas.KS/curriculum-spine2.md,339,module_heading,fd57fa6cc9d0c06807c8e0533e858d9ac7f4767e7b687c85fdc24f93c992dc17,yes,yes,included_structured_spine,* Module M39: Spectral Theory & Matrix Decompositions
structured,/Users/Suhas.KS/curriculum-spine2.md,340,concept_list,cf35e5077853abbc3e14b18ddf7035aad1076b0fad28e1b18bb356ba66d22013,yes,yes,included_structured_spine,"* Concepts: Inner product spaces, Hilbert spaces, orthonormal bases, Gram-Schmidt orthogonalization, self-adjoint operators, Spectral Theorem, Singular Value De"
structured,/Users/Suhas.KS/curriculum-spine2.md,341,skill_list,751bd8b8daf6b22f622ebbdff8e5f40d5fcf33f7b090ea88913bde7909c4b71a,yes,yes,included_structured_spine,* Skills: Coding SVD from scratch using Power Iteration and Hotelling deflation in NumPy.
structured,/Users/Suhas.KS/curriculum-spine2.md,342,blank,e3b0c44298fc1c149afbf4c8996fb92427ae41e4649b934ca495991b7852b855,yes,no,blank_line,
structured,/Users/Suhas.KS/curriculum-spine2.md,343,blank,e3b0c44298fc1c149afbf4c8996fb92427ae41e4649b934ca495991b7852b855,yes,no,blank_line,
structured,/Users/Suhas.KS/curriculum-spine2.md,344,module_heading,61a836adee897dfc5e3588c561c873eab339ff764429a76461491029eb5eaf24,yes,yes,included_structured_spine,* Module M40: Mathematical Statistics & Inference
structured,/Users/Suhas.KS/curriculum-spine2.md,345,concept_list,5a98ca2a5f246d1473dff59b67c3890dc2f04f1f93e4777c3944405718da5598,yes,yes,included_structured_spine,"* Concepts: Joint, marginal, and conditional distributions, parameter estimation, Maximum Likelihood Estimation (MLE), Fisher information, Cramér-Rao lower boun"
structured,/Users/Suhas.KS/curriculum-spine2.md,346,blank,e3b0c44298fc1c149afbf4c8996fb92427ae41e4649b934ca495991b7852b855,yes,no,blank_line,
structured,/Users/Suhas.KS/curriculum-spine2.md,347,blank,e3b0c44298fc1c149afbf4c8996fb92427ae41e4649b934ca495991b7852b855,yes,no,blank_line,
structured,/Users/Suhas.KS/curriculum-spine2.md,348,skill_list,071ae2d886461e837da8f8de00753e3425f6815e47dc33ee46227ccf1705d911,yes,yes,included_structured_spine,"* Skills: Vectorized statistical simulation, MLE optimization."
structured,/Users/Suhas.KS/curriculum-spine2.md,349,blank,e3b0c44298fc1c149afbf4c8996fb92427ae41e4649b934ca495991b7852b855,yes,no,blank_line,
structured,/Users/Suhas.KS/curriculum-spine2.md,350,blank,e3b0c44298fc1c149afbf4c8996fb92427ae41e4649b934ca495991b7852b855,yes,no,blank_line,
structured,/Users/Suhas.KS/curriculum-spine2.md,351,blank,e3b0c44298fc1c149afbf4c8996fb92427ae41e4649b934ca495991b7852b855,yes,no,blank_line,
structured,/Users/Suhas.KS/curriculum-spine2.md,352,structured_content,cb3f91d54eee30e53e35b2b99905f70f169ed549fd78909d3dac2defc9ed8d3b,yes,yes,included_structured_spine,---
structured,/Users/Suhas.KS/curriculum-spine2.md,353,blank,e3b0c44298fc1c149afbf4c8996fb92427ae41e4649b934ca495991b7852b855,yes,no,blank_line,
structured,/Users/Suhas.KS/curriculum-spine2.md,354,tier_heading,33c2174cdfc7a7c2ff588c7ff8aa3fb6cc6a8943ea1c2ffece46987430fd1a89,yes,yes,included_structured_spine,## TIER 5: SIGNAL & IMAGE PROCESSING (NumPy-Primitive Pipelines)
structured,/Users/Suhas.KS/curriculum-spine2.md,355,blank,e3b0c44298fc1c149afbf4c8996fb92427ae41e4649b934ca495991b7852b855,yes,no,blank_line,
structured,/Users/Suhas.KS/curriculum-spine2.md,356,blank,e3b0c44298fc1c149afbf4c8996fb92427ae41e4649b934ca495991b7852b855,yes,no,blank_line,
structured,/Users/Suhas.KS/curriculum-spine2.md,357,blank,e3b0c44298fc1c149afbf4c8996fb92427ae41e4649b934ca495991b7852b855,yes,no,blank_line,
structured,/Users/Suhas.KS/curriculum-spine2.md,358,module_heading,2003a06dda7ca6282e92de8070c0cd1f64e03a5f5d75beccfdd3f5834af37ce5,yes,yes,included_structured_spine,* Module M41: Digital Signal Processing
structured,/Users/Suhas.KS/curriculum-spine2.md,359,concept_list,3e1f5fa162d7db79ed6e072d16c4fe6fe0a19c6c258e6aea6cb11e442f88bd53,yes,yes,included_structured_spine,"* Concepts: Sampling Theorem, aliasing, discrete-time LTI systems, z-transform, Discrete Fourier Transform (DFT), Fast Fourier Transform (FFT) algorithms, digit"
structured,/Users/Suhas.KS/curriculum-spine2.md,360,skill_list,5b3a51b4ddf0787f6bc0723fc57dfa495fe6b54585c2daf29ce1104e9b0b21fb,yes,yes,included_structured_spine,* Skills: 1D FFT and convolution implementation from scratch in NumPy.
structured,/Users/Suhas.KS/curriculum-spine2.md,361,blank,e3b0c44298fc1c149afbf4c8996fb92427ae41e4649b934ca495991b7852b855,yes,no,blank_line,
structured,/Users/Suhas.KS/curriculum-spine2.md,362,blank,e3b0c44298fc1c149afbf4c8996fb92427ae41e4649b934ca495991b7852b855,yes,no,blank_line,
structured,/Users/Suhas.KS/curriculum-spine2.md,363,module_heading,ba7050f11f341e3cba3c494f4e7c496f636ca474672f9430a1a0d757e30bd3dc,yes,yes,included_structured_spine,* Module M42: Digital Image Processing
structured,/Users/Suhas.KS/curriculum-spine2.md,364,blank,e3b0c44298fc1c149afbf4c8996fb92427ae41e4649b934ca495991b7852b855,yes,no,blank_line,
structured,/Users/Suhas.KS/curriculum-spine2.md,365,blank,e3b0c44298fc1c149afbf4c8996fb92427ae41e4649b934ca495991b7852b855,yes,no,blank_line,
structured,/Users/Suhas.KS/curriculum-spine2.md,366,concept_list,d61ceb28a733aea6735d452c189d3e8cdecc8660af949c9fdd088b34d1e952ef,yes,yes,included_structured_spine,"* Concepts: 2D sampling and quantization, 2D discrete convolution, spatial filters (smoothing, sharpening, Sobel edge detectors, Laplacian of Gaussian), frequen"
structured,/Users/Suhas.KS/curriculum-spine2.md,367,skill_list,a040922b71e44ffbff0bd932739ae5645e842811d4d37e2d625b76adb022b517,yes,yes,included_structured_spine,* Skills: Coding 2D image convolution and spatial filtering from scratch in NumPy.
structured,/Users/Suhas.KS/curriculum-spine2.md,368,blank,e3b0c44298fc1c149afbf4c8996fb92427ae41e4649b934ca495991b7852b855,yes,no,blank_line,
structured,/Users/Suhas.KS/curriculum-spine2.md,369,blank,e3b0c44298fc1c149afbf4c8996fb92427ae41e4649b934ca495991b7852b855,yes,no,blank_line,
structured,/Users/Suhas.KS/curriculum-spine2.md,370,blank,e3b0c44298fc1c149afbf4c8996fb92427ae41e4649b934ca495991b7852b855,yes,no,blank_line,
structured,/Users/Suhas.KS/curriculum-spine2.md,371,structured_content,cb3f91d54eee30e53e35b2b99905f70f169ed549fd78909d3dac2defc9ed8d3b,yes,yes,included_structured_spine,---
structured,/Users/Suhas.KS/curriculum-spine2.md,372,blank,e3b0c44298fc1c149afbf4c8996fb92427ae41e4649b934ca495991b7852b855,yes,no,blank_line,
structured,/Users/Suhas.KS/curriculum-spine2.md,373,tier_heading,11ceb544ced563a96b094eae26874583d29aa6ef5e7fcc3c7dacd53621c9622e,yes,yes,included_structured_spine,## TIER 6: DEEP LEARNING & KALDI-LEVEL AUTOMATIC SPEECH RECOGNITION (ASR)
structured,/Users/Suhas.KS/curriculum-spine2.md,374,blank,e3b0c44298fc1c149afbf4c8996fb92427ae41e4649b934ca495991b7852b855,yes,no,blank_line,
structured,/Users/Suhas.KS/curriculum-spine2.md,375,blank,e3b0c44298fc1c149afbf4c8996fb92427ae41e4649b934ca495991b7852b855,yes,no,blank_line,
structured,/Users/Suhas.KS/curriculum-spine2.md,376,blank,e3b0c44298fc1c149afbf4c8996fb92427ae41e4649b934ca495991b7852b855,yes,no,blank_line,
structured,/Users/Suhas.KS/curriculum-spine2.md,377,module_heading,1b37861469dd917492d1fa1aa2acfab82b9febaa4fd88bcb3c849bf04a34f7c7,yes,yes,included_structured_spine,* Module M43: Kaldi-Level Acoustic Modeling
structured,/Users/Suhas.KS/curriculum-spine2.md,378,blank,e3b0c44298fc1c149afbf4c8996fb92427ae41e4649b934ca495991b7852b855,yes,no,blank_line,
structured,/Users/Suhas.KS/curriculum-spine2.md,379,blank,e3b0c44298fc1c149afbf4c8996fb92427ae41e4649b934ca495991b7852b855,yes,no,blank_line,
structured,/Users/Suhas.KS/curriculum-spine2.md,380,concept_list,4cfbde89037bb62c17f0179717b8ff6e677d0bd792d4ccfde8d19924ab247781,yes,yes,included_structured_spine,"* Concepts: Speech production and hearing, MFCC/PLP feature extraction, i-vectors, Hidden Markov Models (HMMs), Gaussian Mixture Models (GMMs), diagonal GMMs, E"
structured,/Users/Suhas.KS/curriculum-spine2.md,381,skill_list,c74bffb9ce4f5d11fe9500b1733688412cb0d53bcdda6b7a29284846fc067f5b,yes,yes,included_structured_spine,* Skills: GMM-EM training loops coded from scratch in NumPy.
structured,/Users/Suhas.KS/curriculum-spine2.md,382,blank,e3b0c44298fc1c149afbf4c8996fb92427ae41e4649b934ca495991b7852b855,yes,no,blank_line,
structured,/Users/Suhas.KS/curriculum-spine2.md,383,blank,e3b0c44298fc1c149afbf4c8996fb92427ae41e4649b934ca495991b7852b855,yes,no,blank_line,
structured,/Users/Suhas.KS/curriculum-spine2.md,384,module_heading,e05699c7fd461eed98003f06e55fa801ab773b516b6ca0d8c51e87a48aff2537,yes,yes,included_structured_spine,* Module M44: OpenFst-Based Automata Systems
structured,/Users/Suhas.KS/curriculum-spine2.md,385,blank,e3b0c44298fc1c149afbf4c8996fb92427ae41e4649b934ca495991b7852b855,yes,no,blank_line,
structured,/Users/Suhas.KS/curriculum-spine2.md,386,blank,e3b0c44298fc1c149afbf4c8996fb92427ae41e4649b934ca495991b7852b855,yes,no,blank_line,
structured,/Users/Suhas.KS/curriculum-spine2.md,387,concept_list,651e90935c975e926c48be7ed12b7eb24320cbc0a59ed18e47cef6894a205a29,yes,yes,included_structured_spine,"* Concepts: Weighted Finite-State Transducers (WFSTs), symbol tables (words.txt, phones.txt), transducers ($H$, $C$, $L$, $G$), composition ($H \circ C \circ L "
structured,/Users/Suhas.KS/curriculum-spine2.md,388,skill_list,ed71503908bfd9a6adda699c6f0221ffecd6024e0662fb5c04e85a3df468fad6,yes,yes,included_structured_spine,* Skills: OpenFst composition simulation and decoding graph parsing.
structured,/Users/Suhas.KS/curriculum-spine2.md,389,blank,e3b0c44298fc1c149afbf4c8996fb92427ae41e4649b934ca495991b7852b855,yes,no,blank_line,
structured,/Users/Suhas.KS/curriculum-spine2.md,390,blank,e3b0c44298fc1c149afbf4c8996fb92427ae41e4649b934ca495991b7852b855,yes,no,blank_line,
structured,/Users/Suhas.KS/curriculum-spine2.md,391,blank,e3b0c44298fc1c149afbf4c8996fb92427ae41e4649b934ca495991b7852b855,yes,no,blank_line,
structured,/Users/Suhas.KS/curriculum-spine2.md,392,structured_content,cb3f91d54eee30e53e35b2b99905f70f169ed549fd78909d3dac2defc9ed8d3b,yes,yes,included_structured_spine,---
structured,/Users/Suhas.KS/curriculum-spine2.md,393,blank,e3b0c44298fc1c149afbf4c8996fb92427ae41e4649b934ca495991b7852b855,yes,no,blank_line,
structured,/Users/Suhas.KS/curriculum-spine2.md,394,tier_heading,e65b62fb5990ddc3a9695b3565cabb911b1ffc845b284cf341758d970697d667,yes,yes,included_structured_spine,## TIER 7: SEQUENCE MODELS & TRANSFORMER ARCHITECTURES (First Principles)
structured,/Users/Suhas.KS/curriculum-spine2.md,395,blank,e3b0c44298fc1c149afbf4c8996fb92427ae41e4649b934ca495991b7852b855,yes,no,blank_line,
structured,/Users/Suhas.KS/curriculum-spine2.md,396,blank,e3b0c44298fc1c149afbf4c8996fb92427ae41e4649b934ca495991b7852b855,yes,no,blank_line,
structured,/Users/Suhas.KS/curriculum-spine2.md,397,blank,e3b0c44298fc1c149afbf4c8996fb92427ae41e4649b934ca495991b7852b855,yes,no,blank_line,
structured,/Users/Suhas.KS/curriculum-spine2.md,398,module_heading,b8007e0b94e719def65a11a071ce5101164934830f2e2a38adfe099f90d9bde6,yes,yes,included_structured_spine,* Module M45: Attention Mechanisms & Transformers
structured,/Users/Suhas.KS/curriculum-spine2.md,399,blank,e3b0c44298fc1c149afbf4c8996fb92427ae41e4649b934ca495991b7852b855,yes,no,blank_line,
structured,/Users/Suhas.KS/curriculum-spine2.md,400,blank,e3b0c44298fc1c149afbf4c8996fb92427ae41e4649b934ca495991b7852b855,yes,no,blank_line,
structured,/Users/Suhas.KS/curriculum-spine2.md,401,concept_list,833f7bf090f5679633c6ea8dcd8b3a5d69a76a74a4023a8f6c810bfef23fa524,yes,yes,included_structured_spine,"* Concepts: Tokenization dynamics (BPE, WordPiece), word embeddings, positional encoding, scaled dot-product attention math ($S = QK^T / \sqrt{d_k}$, $A = softm"
structured,/Users/Suhas.KS/curriculum-spine2.md,402,skill_list,2cf43965b82e43a25276d6f224b566180bdc4ca4b6909995337fb67cdc3047bc,yes,yes,included_structured_spine,* Skills: Multi-Head Self-Attention layer and backpropagation gradient formulas coded from scratch in NumPy.
structured,/Users/Suhas.KS/curriculum-spine2.md,403,blank,e3b0c44298fc1c149afbf4c8996fb92427ae41e4649b934ca495991b7852b855,yes,no,blank_line,
structured,/Users/Suhas.KS/curriculum-spine2.md,404,blank,e3b0c44298fc1c149afbf4c8996fb92427ae41e4649b934ca495991b7852b855,yes,no,blank_line,
structured,/Users/Suhas.KS/curriculum-spine2.md,405,blank,e3b0c44298fc1c149afbf4c8996fb92427ae41e4649b934ca495991b7852b855,yes,no,blank_line,
structured,/Users/Suhas.KS/curriculum-spine2.md,406,structured_content,cb3f91d54eee30e53e35b2b99905f70f169ed549fd78909d3dac2defc9ed8d3b,yes,yes,included_structured_spine,---
structured,/Users/Suhas.KS/curriculum-spine2.md,407,blank,e3b0c44298fc1c149afbf4c8996fb92427ae41e4649b934ca495991b7852b855,yes,no,blank_line,
structured,/Users/Suhas.KS/curriculum-spine2.md,408,tier_heading,44be260c5d80e978a6a088bc82f15cebe47a796fb941194c10f63c1a58447522,yes,yes,included_structured_spine,## TIER 8: PRODUCTION ENGINEERING & CLOUD DEPLOYMENT (GCP-Vertex AI MLOps)
structured,/Users/Suhas.KS/curriculum-spine2.md,409,blank,e3b0c44298fc1c149afbf4c8996fb92427ae41e4649b934ca495991b7852b855,yes,no,blank_line,
structured,/Users/Suhas.KS/curriculum-spine2.md,410,blank,e3b0c44298fc1c149afbf4c8996fb92427ae41e4649b934ca495991b7852b855,yes,no,blank_line,
structured,/Users/Suhas.KS/curriculum-spine2.md,411,blank,e3b0c44298fc1c149afbf4c8996fb92427ae41e4649b934ca495991b7852b855,yes,no,blank_line,
structured,/Users/Suhas.KS/curriculum-spine2.md,412,module_heading,122adfb63e42b05e41fb99a03df0c6686d414f6087d4241a46d3e7883a8f98d4,yes,yes,included_structured_spine,* Module M46: Enterprise Production MLOps
structured,/Users/Suhas.KS/curriculum-spine2.md,413,blank,e3b0c44298fc1c149afbf4c8996fb92427ae41e4649b934ca495991b7852b855,yes,no,blank_line,
structured,/Users/Suhas.KS/curriculum-spine2.md,414,blank,e3b0c44298fc1c149afbf4c8996fb92427ae41e4649b934ca495991b7852b855,yes,no,blank_line,
structured,/Users/Suhas.KS/curriculum-spine2.md,415,concept_list,c2129b99bc9a136801f51bd9100fbb11bf3a13870569bfd531dbcdd87f92a503,yes,yes,included_structured_spine,* Concepts:
structured,/Users/Suhas.KS/curriculum-spine2.md,416,structured_content,e65688e4e2f7eeb9f7a0784bc5710ed053aa660f69b506ed5207dd8cb8e3c4fb,yes,yes,included_structured_spine,"* Data Ingestion & Feature Engineering: BigQuery ML, Vertex AI Feature Store (low-latency online serving, offline point-in-time queries), TFX, Apache Beam on Da"
structured,/Users/Suhas.KS/curriculum-spine2.md,417,structured_content,f29ec553606779daafc4f4ff90342f750386374ad8669c057be888c311e7ad24,yes,yes,included_structured_spine,"* Model Training at Scale: Distributed training strategies, hyperparameter tuning on Vertex AI, AutoML, Preemptible VMs."
structured,/Users/Suhas.KS/curriculum-spine2.md,418,structured_content,e655dd901b3e0d5250fd870fefa38b52ac10b9030f9627621cb5bf3f18541feb,yes,yes,included_structured_spine,"* Model Serving & Deployment: Real-time serving endpoints (Vertex AI Endpoints), batch prediction pipelines, custom containers, multi-model endpoints."
structured,/Users/Suhas.KS/curriculum-spine2.md,419,structured_content,9b05a0c767e2fd11504d1a97ad0cb38fd063e4e33fd6fb44eab389f4ecd2a274,yes,yes,included_structured_spine,"* Orchestration & CI/CD: Vertex AI Pipelines, Kubeflow Pipelines, Cloud Composer (Airflow), Cloud Build integration for automated model building and deployment."
structured,/Users/Suhas.KS/curriculum-spine2.md,420,structured_content,7c12fdb1e65c376d3ed13926006e32ebad8a5ce53c9e1179cfbfb63ef3502b3f,yes,yes,included_structured_spine,"* Model Monitoring & Drift: Vertex AI Model Monitoring (drift/skew alerts), Population Stability Index (PSI), continuous evaluation, TensorFlow Data Validation "
structured,/Users/Suhas.KS/curriculum-spine2.md,421,structured_content,338e127ae503c305ff3519ba92e2ccd43556416ddfcc2a2a8c4f097234e28c5a,yes,yes,included_structured_spine,"* Responsible AI & Interpretability: Vertex Explainable AI (Integrated Gradients, SHAP), bias and fairness mitigation (Fairness Lens), safety guardrails."
structured,/Users/Suhas.KS/curriculum-spine2.md,422,blank,e3b0c44298fc1c149afbf4c8996fb92427ae41e4649b934ca495991b7852b855,yes,no,blank_line,
structured,/Users/Suhas.KS/curriculum-spine2.md,423,blank,e3b0c44298fc1c149afbf4c8996fb92427ae41e4649b934ca495991b7852b855,yes,no,blank_line,
structured,/Users/Suhas.KS/curriculum-spine2.md,424,skill_list,26bf76ef8b818d61999225066e316c3c8bb78d7fca94673ac3a6602c09eefa93,yes,yes,included_structured_spine,"* Skills: Building end-to-end Vertex AI pipelines, setting up Cloud Build triggers, configuring PSI-based automated retraining triggers, writing serving endpoin"
structured,/Users/Suhas.KS/curriculum-spine2.md,425,blank,e3b0c44298fc1c149afbf4c8996fb92427ae41e4649b934ca495991b7852b855,yes,no,blank_line,
structured,/Users/Suhas.KS/curriculum-spine2.md,426,blank,e3b0c44298fc1c149afbf4c8996fb92427ae41e4649b934ca495991b7852b855,yes,no,blank_line,
structured,/Users/Suhas.KS/curriculum-spine2.md,427,blank,e3b0c44298fc1c149afbf4c8996fb92427ae41e4649b934ca495991b7852b855,yes,no,blank_line,
structured,/Users/Suhas.KS/curriculum-spine2.md,428,policy_instruction,842dd18dbf71618218210422b6c43353f0641270bbaa8727bab242672721a857,yes,no,excluded_policy_instruction,### Operational Execution Strategy
structured,/Users/Suhas.KS/curriculum-spine2.md,429,blank,e3b0c44298fc1c149afbf4c8996fb92427ae41e4649b934ca495991b7852b855,yes,no,blank_line,
structured,/Users/Suhas.KS/curriculum-spine2.md,430,policy_instruction,047b0030fcf35c3a04b04874fec4a0f329dc7f526ecb477fe22b710c534c054d,yes,no,excluded_policy_instruction,This curriculum establishes a rigorous dual-track dependency where students are mathematically and programmatically prohibited from using abstraction frameworks
structured,/Users/Suhas.KS/curriculum-spine2.md,431,blank,e3b0c44298fc1c149afbf4c8996fb92427ae41e4649b934ca495991b7852b855,yes,no,blank_line,
structured,/Users/Suhas.KS/curriculum-spine2.md,432,policy_instruction,1a37e5a651d0d82626d96ab8b5acd895812d304dd1be870c6225ed9a4bc98d96,yes,no,excluded_policy_instruction,* **Sequential Transition Policy (Pure Mathematics First):** All **18 unified modules of Bucket 1 (Tier 1)** must be successfully completed and verified before 
structured,/Users/Suhas.KS/curriculum-spine2.md,433,blank,e3b0c44298fc1c149afbf4c8996fb92427ae41e4649b934ca495991b7852b855,yes,no,blank_line,
structured,/Users/Suhas.KS/curriculum-spine2.md,434,blank,e3b0c44298fc1c149afbf4c8996fb92427ae41e4649b934ca495991b7852b855,yes,no,blank_line,
structured,/Users/Suhas.KS/curriculum-spine2.md,435,policy_instruction,58894c9a44b518ae1d9cec9eef4fed77829a398b16e7482cfe98bb14dc1a16ad,yes,no,excluded_policy_instruction,* **Thematic Consolidation:** Spiral topics (such as starting with simple $2\times2$ matrix determinants in Tier 1 and advancing to high-dimensional SVD vector 
master,/Users/Suhas.KS/master-curriculum.md,1,blank,e3b0c44298fc1c149afbf4c8996fb92427ae41e4649b934ca495991b7852b855,yes,no,blank_line,
master,/Users/Suhas.KS/master-curriculum.md,2,composite_duplicate,1a9bb1b49c42b91560f21bade98d618d71223f1ba3551bff2890ab8b7750a581,yes,no,composite_preserved_in_lossless_archive,Comprehensive Analysis of Advanced Computational and Mathematical Curricula
master,/Users/Suhas.KS/master-curriculum.md,3,composite_duplicate,a5a78fd21b525a0779674f0e7c37e0e19247f7032f0cbbab1592a4d093370d79,yes,no,composite_preserved_in_lossless_archive,"The rapid evolution of artificial intelligence, machine learning, and digital signal processing demands an exceptionally rigorous pedagogical foundation. The tr"
master,/Users/Suhas.KS/master-curriculum.md,4,composite_duplicate,ce6c5b8fb1c3f452b3429eb9a4c7a310c3a5d5e6cad5cbeec6937f8a1deba85c,yes,no,composite_preserved_in_lossless_archive,"In strict adherence to the parameters of this analysis, the narrative prose provides the qualitative reasoning, historical context, and mechanistic implications"
master,/Users/Suhas.KS/master-curriculum.md,5,composite_duplicate,bbfa3625f0f1c2c205472de842583dc9124d2d85bf8c53612e8538f8fe96d14a,yes,no,composite_preserved_in_lossless_archive,Initial Assimilation and Inventory Verification
master,/Users/Suhas.KS/master-curriculum.md,6,composite_duplicate,bb46b550ab1b5ff77b0044ee1afa596ab4f6eb066872d8b5f7a142bcfbf96468,yes,no,composite_preserved_in_lossless_archive,"Before initiating the comprehensive deconstruction of subject domains, the following core academic texts and frameworks have been assimilated to form the basis "
master,/Users/Suhas.KS/master-curriculum.md,7,composite_duplicate,e899c5c629cc26716b19a52177424b08c545fda3e50c8aa1fca5cda3028f5f24,yes,no,composite_preserved_in_lossless_archive,Foundational Mathematics and Continuous Analysis
master,/Users/Suhas.KS/master-curriculum.md,8,composite_duplicate,6191a16de2e132866c6c794a903789b2a492dd391f2b6a3081a781252b11fe8f,yes,no,composite_preserved_in_lossless_archive,Mathematical analysis and linear algebra provide the absolute structural underpinnings required to manipulate high-dimensional data arrays and understand the co
master,/Users/Suhas.KS/master-curriculum.md,9,composite_duplicate,6feb0f5ab682f597395338c0d97fd0f3239aee374228d5439fc1c2c36b965bfb,yes,no,composite_preserved_in_lossless_archive,"Similarly, Strang’s exposition on vector spaces and orthogonal projections serves as the mechanistic precursor to principal component analysis (PCA), singular v"
master,/Users/Suhas.KS/master-curriculum.md,10,composite_duplicate,c7524a7341d5ff18f6f8b04452da3f8405995fa8cb7374250d8d86982156d366,yes,no,composite_preserved_in_lossless_archive,Textbook Deconstruction: Calculus (Michael Spivak)
master,/Users/Suhas.KS/master-curriculum.md,11,composite_duplicate,c9ba99ce95eeccdfd9eeb9364551383b65067773e8e54f158d61347b3cf0c236,yes,no,composite_preserved_in_lossless_archive,"Categorization	Exhaustive List of Topics, Concepts, Chapters, Modules, Exercises, and Problems"
master,/Users/Suhas.KS/master-curriculum.md,12,composite_duplicate,be4085409caf163e21adfd3757428380d3b9138149ca05d55295f085188373c6,yes,no,composite_preserved_in_lossless_archive,"Prologue	1. Basic Properties of Numbers, 2. Numbers of Various Sorts."
master,/Users/Suhas.KS/master-curriculum.md,13,composite_duplicate,884add081645ddfa5c600a1a95a5428de433f30df76c19a045e062aead636d12,yes,no,composite_preserved_in_lossless_archive,"Foundations	3. Functions, Appendix: Ordered Pairs, 4. Graphs, Appendix 1: Vectors, Appendix 2: The Conic Sections, Appendix 3: Polar Coordinates, 5. Limits, 6. "
master,/Users/Suhas.KS/master-curriculum.md,14,composite_duplicate,48d828d80ccdfa2b26a5e834b613eb778b51608a85f6a4a9d154da524277f4c9,yes,no,composite_preserved_in_lossless_archive,"Derivatives and Integrals	9. Derivatives, 10. Differentiation, 11. Significance of the Derivative, Appendix: Convexity and Concavity, 12. Inverse Functions, App"
master,/Users/Suhas.KS/master-curriculum.md,15,composite_duplicate,3c1f8b358a5b3decc8c9d57e0a5553391f647e4993ec3d9c2b9b0748b70d622c,yes,no,composite_preserved_in_lossless_archive,"Sequences and Series	20. Approximation by Polynomial Functions, 21. e is Transcendental, 22. Infinite Sequences, 23. Infinite Series, 24. Uniform Convergence an"
master,/Users/Suhas.KS/master-curriculum.md,16,composite_duplicate,f30a22e05ff102b0e9320244a60b1e7b895bf1cb4558ed454dd07137b71219d5,yes,no,composite_preserved_in_lossless_archive,"Epilogue	28. Fields, 29. Construction of the Real Numbers, 30. Uniqueness of the Real Numbers."
master,/Users/Suhas.KS/master-curriculum.md,17,composite_duplicate,36c0f99d33fead950892a6f72d258cb407e1660811104b5af83dcabfaa15a04e,yes,no,composite_preserved_in_lossless_archive,"Exercises & Addenda	Answers to Selected Problems, Glossary of Symbols, Suggested Reading."
master,/Users/Suhas.KS/master-curriculum.md,18,composite_duplicate,821cf41ce7b91ecc5790adf35b91467e91a1756a175d53eb0b867594f2b928e6,yes,no,composite_preserved_in_lossless_archive,Textbook Deconstruction: Principles of Mathematical Analysis (Walter Rudin)
master,/Users/Suhas.KS/master-curriculum.md,19,composite_duplicate,c9ba99ce95eeccdfd9eeb9364551383b65067773e8e54f158d61347b3cf0c236,yes,no,composite_preserved_in_lossless_archive,"Categorization	Exhaustive List of Topics, Concepts, Chapters, Modules, Exercises, and Problems"
master,/Users/Suhas.KS/master-curriculum.md,20,composite_duplicate,b374ddb75bc9c98bc147712409534290799fa18ac0ceb2f0428675bf432bf273,yes,no,composite_preserved_in_lossless_archive,"Foundational Systems	Chapter 1: The Real and Complex Number Systems (Ordered Sets, Fields, The Real Field, Extended Real Number System, The Complex Field, Eucli"
master,/Users/Suhas.KS/master-curriculum.md,21,composite_duplicate,ea0b7565444913d07bc00bd399549778e10c4adcbc915bfee096ee83f4508731,yes,no,composite_preserved_in_lossless_archive,"Topology & Convergence	Chapter 2: Basic Topology (Finite/Countable/Uncountable Sets, Metric Spaces, Compact Sets, Perfect Sets, Connected Sets). Chapter 3: Nume"
master,/Users/Suhas.KS/master-curriculum.md,22,composite_duplicate,a9e1eeea00cdbbef872d2c62cd78aad6bdb028b3133c5a1d0d9fe46aebdecaca,yes,no,composite_preserved_in_lossless_archive,"Continuity & Derivatives	Chapter 4: Continuity (Limits of Functions, Continuous Functions, Continuity and Compactness, Continuity and Connectedness, Discontinui"
master,/Users/Suhas.KS/master-curriculum.md,23,composite_duplicate,fcce1ca1a9591d529c7d6be9964be4c38280d785590d1bc953ad62346090685c,yes,no,composite_preserved_in_lossless_archive,"Integration & Functions	Chapter 6: The Riemann-Stieltjes Integral. Chapter 7: Sequences and Series of Functions (Uniform Convergence, Uniform Convergence and Co"
master,/Users/Suhas.KS/master-curriculum.md,24,composite_duplicate,1d7e70e869f818d0fdf571e8cfffa5ca064eef6612589667e61b553dcc4c60d9,yes,no,composite_preserved_in_lossless_archive,"Multivariate & Measure Theory	Chapter 9: Functions of Several Variables (Linear Transformations, The Contraction Principle, The Inverse Function Theorem, The Im"
master,/Users/Suhas.KS/master-curriculum.md,25,composite_duplicate,79c34f62de720f49eb6eacca104dc371371dd082b166bb5b263b780f4ccf3382,yes,no,composite_preserved_in_lossless_archive,"Exercises & Addenda	End-of-chapter exercises (Chapters 1-11), Bibliography, List of Special Symbols."
master,/Users/Suhas.KS/master-curriculum.md,26,composite_duplicate,88e67ee18cb055d519379efadbe5fb30b090acad680ce85e5957da1dc2dcf894,yes,no,composite_preserved_in_lossless_archive,Textbook Deconstruction: Linear Algebra and Its Applications (Gilbert Strang)
master,/Users/Suhas.KS/master-curriculum.md,27,composite_duplicate,c9ba99ce95eeccdfd9eeb9364551383b65067773e8e54f158d61347b3cf0c236,yes,no,composite_preserved_in_lossless_archive,"Categorization	Exhaustive List of Topics, Concepts, Chapters, Modules, Exercises, and Problems"
master,/Users/Suhas.KS/master-curriculum.md,28,composite_duplicate,f8d70178587d593e8244fe42f373fe3f4c6b8d36bf3b3409065a19088a65edfd,yes,no,composite_preserved_in_lossless_archive,"Linear Systems	1. Matrices and Gaussian Elimination, 1.1 Introduction, 1.2 The Geometry of Linear Equations, 1.3 An Example of Gaussian Elimination. 2. Vector S"
master,/Users/Suhas.KS/master-curriculum.md,29,composite_duplicate,bd6b0d94be229764680c7e2c4d95e5f1c2506267a33d7b30d1fdf7c44e37c13f,yes,no,composite_preserved_in_lossless_archive,"Orthogonality & Determinants	3. Orthogonality, 3.1 Perpendicular Vectors and Orthogonal Subspaces. 4. Determinants, 4.1 Introduction."
master,/Users/Suhas.KS/master-curriculum.md,30,composite_duplicate,d243f3ad04be8cb31e0bafc532a211bd358b1d75eac1d360b7a00c0a29596c30,yes,no,composite_preserved_in_lossless_archive,"Eigen Theory	5. Eigenvalues and Eigenvectors, 5.1 Introduction, 5.2 Diagonalization of a Matrix, 5.3 Difference Equations and Powers A^k, 5.4 Differential Equat"
master,/Users/Suhas.KS/master-curriculum.md,31,composite_duplicate,8df470a6f02829d5aee012ed393efcfbc87578c659228ba9de014c30338865c1,yes,no,composite_preserved_in_lossless_archive,"Advanced Applications	6. Positive Definite Matrices, 6.1 Minima, Maxima, and Saddle Points. 7. Computations with Matrices, 7.1 Introduction. 8. Linear Programmi"
master,/Users/Suhas.KS/master-curriculum.md,32,composite_duplicate,9ba0415a3ad042c806a03096b2fb5e3a64b8cd69a1ad8c5adf7f55f1aa839fd5,yes,no,composite_preserved_in_lossless_archive,"Exercises & Addenda	End-of-chapter Review Exercises (e.g., Review Exercises: Chapter 5)."
master,/Users/Suhas.KS/master-curriculum.md,33,composite_duplicate,134bae43c9ded660b2767c1f23cdaf3f1ecafad5bd33c1dcf2bc5eb201be9b84,yes,no,composite_preserved_in_lossless_archive,"Audit Checkpoint 1: The inventory has successfully verified coverage of Spivak, Rudin, and Strang. The topical lists exhaustively represent chapter structures a"
master,/Users/Suhas.KS/master-curriculum.md,34,composite_duplicate,75ecd5f0085738d710741ea91d0ab977db65e874c3b9b12ebf502f5393d92c83,yes,no,composite_preserved_in_lossless_archive,"Probability, Statistics, and Inference Theory"
master,/Users/Suhas.KS/master-curriculum.md,35,composite_duplicate,cb4a01d26d099a23f33a160e50bd58ed4409c5c524bcaa2f14f34b9e6a6cac0b,yes,no,composite_preserved_in_lossless_archive,"The formalization of uncertainty is the linchpin connecting static datasets to predictive modeling. Statistical inference moves beyond descriptive metrics, prov"
master,/Users/Suhas.KS/master-curriculum.md,36,composite_duplicate,8641ea8a81e176a469fa00b71d8e7b143d10de26dbcc7f277bd6432f33779bb3,yes,no,composite_preserved_in_lossless_archive,"Wasserman accelerates the implementation phase, transitioning rapidly to data mining and non-parametric modeling, indicating a shift from pure mathematics to ap"
master,/Users/Suhas.KS/master-curriculum.md,37,composite_duplicate,9fb4314608bc964f4f655b44a17ebbd17fec14567d72532a6d9359f6e3ef2a43,yes,no,composite_preserved_in_lossless_archive,Textbook Deconstruction: Probability Theory: The Logic of Science (E.T. Jaynes)
master,/Users/Suhas.KS/master-curriculum.md,38,composite_duplicate,c9ba99ce95eeccdfd9eeb9364551383b65067773e8e54f158d61347b3cf0c236,yes,no,composite_preserved_in_lossless_archive,"Categorization	Exhaustive List of Topics, Concepts, Chapters, Modules, Exercises, and Problems"
master,/Users/Suhas.KS/master-curriculum.md,39,composite_duplicate,8082f2d86a237aad9fde1e840b9dd0e2cbd0d393efdb854b31fc8dd60013abfd,yes,no,composite_preserved_in_lossless_archive,"Principles & Logic	Part I: Principles and elementary applications. 1. Plausible reasoning (Deductive and plausible reasoning, Analogies with physical theories, "
master,/Users/Suhas.KS/master-curriculum.md,40,composite_duplicate,63add354351079456daf210028061782939b1b1f878a03864d2328c6acc64d27,yes,no,composite_preserved_in_lossless_archive,"Sampling & Testing	3. Elementary sampling theory (Sampling without replacement, Logic vs. propensity, Reasoning from less precise information, Expectations, Pro"
master,/Users/Suhas.KS/master-curriculum.md,41,composite_duplicate,01ec5ce9a26e10239ccb5093c6522791c72db7926890ef459fec388e0f135454,yes,no,composite_preserved_in_lossless_archive,"Estimation & Physics	5. Queer uses for probability theory (Extrasensory perception, Mrs Stewart's telepathic powers, Converging and diverging views, Visual perc"
master,/Users/Suhas.KS/master-curriculum.md,42,composite_duplicate,b67dfc89c7a243fab17dcf6f4acb531980fa1025eba69f80fab088f631693cc8,yes,no,composite_preserved_in_lossless_archive,"Advanced Inference	8. Sufficiency, ancillarity, and all that (Fisher sufficiency, Blackwell-Rao theorem, Generalized sufficiency, The likelihood principle, Anci"
master,/Users/Suhas.KS/master-curriculum.md,43,composite_duplicate,fc3d2883c7b2be56f6468ad13cc4a64813f92ddcb22252ff5cfe91eeed8dc657,yes,no,composite_preserved_in_lossless_archive,"Advanced Applications	Part II: Advanced applications. 11. Discrete prior probabilities: the entropy principle (Shannon's theorem, Wallis derivation, Maximum ent"
master,/Users/Suhas.KS/master-curriculum.md,44,composite_duplicate,d3d4f0bd74901d1be06535234703f5ad62c7b20e65f1c3fed2ff028cf48e847d,yes,no,composite_preserved_in_lossless_archive,"Orthodox Methods	16. Orthodox methods: historical background (Ronald Fisher, Harold Jeffreys, Jerzy Neyman, Pro-causal/Anti-causal bias). 17. Principles and pat"
master,/Users/Suhas.KS/master-curriculum.md,45,composite_duplicate,a2498591938555f70b3eeb0f61511f48dfc2e5dff093944dbfbb69a66e4b0399,yes,no,composite_preserved_in_lossless_archive,Appendices & Addenda	Appendix A: Other approaches to probability theory. Appendix B: Mathematical formalities and style. Appendix C: Convolutions and cumulants.
master,/Users/Suhas.KS/master-curriculum.md,46,composite_duplicate,4bc46c39f893b913c1d858e307501e1a39633bb3e10c4db5868b6a580b29f2d7,yes,no,composite_preserved_in_lossless_archive,Textbook Deconstruction: All of Statistics (Larry Wasserman)
master,/Users/Suhas.KS/master-curriculum.md,47,composite_duplicate,c9ba99ce95eeccdfd9eeb9364551383b65067773e8e54f158d61347b3cf0c236,yes,no,composite_preserved_in_lossless_archive,"Categorization	Exhaustive List of Topics, Concepts, Chapters, Modules, Exercises, and Problems"
master,/Users/Suhas.KS/master-curriculum.md,48,composite_duplicate,d0a98f753e37915933d3676f9a7646d8230073aab3a08b6c3d966666dfe98179,yes,no,composite_preserved_in_lossless_archive,"Probability	Part I: Probability. 1. Probability (Introduction, Sample Spaces and Events, Probability). Random Variables, Probability Distributions, Expectations"
master,/Users/Suhas.KS/master-curriculum.md,49,composite_duplicate,2d174a701fa536d7db894d7537ca1630affc6e716a4dd33227177be0805fb0be,yes,no,composite_preserved_in_lossless_archive,"Statistical Inference	Part II: Statistical Inference. Estimation, Hypothesis Testing, Confidence Intervals, The Method of Moments. 9. Parametric Inference (Para"
master,/Users/Suhas.KS/master-curriculum.md,50,composite_duplicate,97fa44d9634ab60eaedd51333f74e73b904ea3ccea842301176b28b0cadc2938,yes,no,composite_preserved_in_lossless_archive,"Models & Nonparametric Inference	Nonparametric Inference, Nonparametric Curve Estimation, Density Estimation, Graphical Exploratory Data Analysis, Classificatio"
master,/Users/Suhas.KS/master-curriculum.md,51,composite_duplicate,2095cdc5e8213984d64f2ba1c867f459a97627abba8395ca6ce4517c123478af,yes,no,composite_preserved_in_lossless_archive,"Exercises & Addenda	End-of-chapter Exercises (e.g., Chapter 8 Exercises, Chapter 9 Exercises)."
master,/Users/Suhas.KS/master-curriculum.md,52,composite_duplicate,571b586a5c2b11b305892bf1058a636ccab1f180200bc9db6ee66136c74faaf9,yes,no,composite_preserved_in_lossless_archive,"Textbook Deconstruction: Statistical Inference (George Casella, Roger L. Berger)"
master,/Users/Suhas.KS/master-curriculum.md,53,composite_duplicate,c9ba99ce95eeccdfd9eeb9364551383b65067773e8e54f158d61347b3cf0c236,yes,no,composite_preserved_in_lossless_archive,"Categorization	Exhaustive List of Topics, Concepts, Chapters, Modules, Exercises, and Problems"
master,/Users/Suhas.KS/master-curriculum.md,54,composite_duplicate,cf87d08afbf7f8f19fddf74b6ce0154db596ab35d9f9bca4dd9ac08e979b50b4,yes,no,composite_preserved_in_lossless_archive,"Probability & Distributions	1. Probability Theory (Set Theory). 2. Transformations and Expectations (Distribution of Functions of a Random Variable, Expected Va"
master,/Users/Suhas.KS/master-curriculum.md,55,composite_duplicate,fd5cc276675c447f3207fd1f59fc204a1a26a78191da7ce3bee5488fe4604b90,yes,no,composite_preserved_in_lossless_archive,"Sampling & Data Reduction	5. Properties of a Random Sample (Basic Concepts of Random Samples, Sampling from the Normal Distribution, Properties of the Sample Me"
master,/Users/Suhas.KS/master-curriculum.md,56,composite_duplicate,a74468de641ad999a94687b024368af64021deeecfef7fb2b1b1cae478ed8646,yes,no,composite_preserved_in_lossless_archive,Estimation & Hypothesis Testing	7. Point Estimation (Properties of Estimators). 8. Hypothesis Testing. 9. Interval Estimation. 10. Asymptotic Evaluations (Point
master,/Users/Suhas.KS/master-curriculum.md,57,composite_duplicate,58c14e8d4ef5f94bcadc2a495263359d8ec43681c756fee38ceba27b8e519783,yes,no,composite_preserved_in_lossless_archive,"Regression Models	11. Analysis of Variance and Regression. 12. Regression Models (Functional and Structural Relationships, A Least Squares Solution, Maximum Lik"
master,/Users/Suhas.KS/master-curriculum.md,58,composite_duplicate,0c43f567f414faba9dc3b9f26e12a6019816d075c3a34659239c7bc34ed22df6,yes,no,composite_preserved_in_lossless_archive,"Exercises & Addenda	502 Examples, 625 Exercises (e.g., 12.5 Exercises, 12.6 Miscellanea). Appendix: Computer Algebra. Table of Common Distributions. References."
master,/Users/Suhas.KS/master-curriculum.md,59,composite_duplicate,020100274210adc34a25f64450dbfd360576b7bfe9a8d467e9773479b3d18c07,yes,no,composite_preserved_in_lossless_archive,"Audit Checkpoint 2: The analysis correctly incorporates Jaynes, Wasserman, and Casella & Berger. The tables explicitly identify the presence of exercises, probl"
master,/Users/Suhas.KS/master-curriculum.md,60,composite_duplicate,79a128f869596282fecb55c073b364836e8a9feed6d80ab36f96f21edba72f4c,yes,no,composite_preserved_in_lossless_archive,"Algorithms, Optimization, and Engineering Computation"
master,/Users/Suhas.KS/master-curriculum.md,61,composite_duplicate,769d5d4180bc488dbe0166dfe7e695598700b4e02e4a211ff4e6edaaccbdee61,yes,no,composite_preserved_in_lossless_archive,"Optimization processes govern the convergence vectors of nearly all training paradigms. When executing backpropagation across millions of parameters, the comput"
master,/Users/Suhas.KS/master-curriculum.md,62,composite_duplicate,5cbcef082c2e92b6cf378da07dfcd2eadbfd35317d51f017d8d499aab7487214,yes,no,composite_preserved_in_lossless_archive,Kreyszig’s exhaustive engineering mathematics and Proakis’s signal processing lay the foundation for interacting with continuous physical data in discrete digit
master,/Users/Suhas.KS/master-curriculum.md,63,composite_duplicate,277903a4f9029d0a7e6a61f8253b870cbdfdd311e8bd3e0ffaad713926076cbb,yes,no,composite_preserved_in_lossless_archive,"Textbook Deconstruction: Introduction to Algorithms (Cormen, Leiserson, Rivest, Stein)"
master,/Users/Suhas.KS/master-curriculum.md,64,composite_duplicate,c9ba99ce95eeccdfd9eeb9364551383b65067773e8e54f158d61347b3cf0c236,yes,no,composite_preserved_in_lossless_archive,"Categorization	Exhaustive List of Topics, Concepts, Chapters, Modules, Exercises, and Problems"
master,/Users/Suhas.KS/master-curriculum.md,65,composite_duplicate,85bafa11a1613bf70235400f705df150c00893c774b7e7dd5827a4f4ba35b212,yes,no,composite_preserved_in_lossless_archive,"Foundations	1. The Role of Algorithms in Computing. 2. Getting Started (Insertion Sort, Analyzing Algorithms, Designing Algorithms). 3. Characterizing Running T"
master,/Users/Suhas.KS/master-curriculum.md,66,composite_duplicate,c37f1159647dbf84abb74852ab74601d891d99caf839e60e11733baf2767bb6d,yes,no,composite_preserved_in_lossless_archive,"Sorting and Order Statistics	6. Heapsort (Priority Queues). 7. Quicksort. 8. Sorting in Linear Time (Counting Sort, Radix Sort, Bucket Sort). 9. Medians and Ord"
master,/Users/Suhas.KS/master-curriculum.md,67,composite_duplicate,faf13d019d5e6def7483b971ccff5d45daaeb9ce9de58d54055b7a499363e00a,yes,no,composite_preserved_in_lossless_archive,"Data Structures	10. Elementary Data Structures (Stacks, Queues, Linked Lists). 11. Hash Tables (Open Addressing). 12. Binary Search Trees. 13. Red-Black Trees. "
master,/Users/Suhas.KS/master-curriculum.md,68,composite_duplicate,de10d9a1b3d89c306de0971b857f4f7c77a14fe3d350934ce0f56a933adb537b,yes,no,composite_preserved_in_lossless_archive,Advanced Design & Analysis	14. Dynamic Programming. 15. Greedy Algorithms. 16. Amortized Analysis.
master,/Users/Suhas.KS/master-curriculum.md,69,composite_duplicate,4003d47afa4b5f9c10467bdd7e9b74f5a64d1f03a4a71f4446d5030373a0301f,yes,no,composite_preserved_in_lossless_archive,"Graph Algorithms	20. Elementary Graph Algorithms (Graph Representations, Traversal Algorithms). 21. Minimum Spanning Trees (Prim's Algorithm, Kruskal's Algorith"
master,/Users/Suhas.KS/master-curriculum.md,70,composite_duplicate,549f1333db09e92df82e91517cb009c4dd132979dde1c2f1eaac2336c6f630fa,yes,no,composite_preserved_in_lossless_archive,"Advanced Topics	31. Number-Theoretic Algorithms (Elementary number-theoretic notions, Greatest common divisor, Modular arithmetic, Solving modular linear equati"
master,/Users/Suhas.KS/master-curriculum.md,71,composite_duplicate,cfeb8f59f46b09ebd5eb166831b0788f2df99d9ece69fab34e55055cb3cd7fed,yes,no,composite_preserved_in_lossless_archive,"Appendices & Exercises	Appendix C: Counting and Probability (C.1 Counting, C.2 Probability, C.3 Discrete random variables, C.4 The geometric and binomial distri"
master,/Users/Suhas.KS/master-curriculum.md,72,composite_duplicate,07a7bd827d659d425e07ab67351ec1fcd4a976776a8ceedb5f405f5556289942,yes,no,composite_preserved_in_lossless_archive,Textbook Deconstruction: Optimization by Vector Space Methods (David G. Luenberger)
master,/Users/Suhas.KS/master-curriculum.md,73,composite_duplicate,c9ba99ce95eeccdfd9eeb9364551383b65067773e8e54f158d61347b3cf0c236,yes,no,composite_preserved_in_lossless_archive,"Categorization	Exhaustive List of Topics, Concepts, Chapters, Modules, Exercises, and Problems"
master,/Users/Suhas.KS/master-curriculum.md,74,composite_duplicate,37e2c8a7f8e7a364af49ea6bd901b41240251479d7549ec6b2062149f2843e20,yes,no,composite_preserved_in_lossless_archive,Linear & Hilbert Spaces	1. Introduction (The Main Principles). 2. Linear Spaces. 3. Hilbert Space. 4. Approximation (Approximation and Fourier Series). 5. Least
master,/Users/Suhas.KS/master-curriculum.md,75,composite_duplicate,cc15868a12390a1d3b0e49c3b44ec3de8169f56641902db7edfeb24fc6e0ecb6,yes,no,composite_preserved_in_lossless_archive,Operators & Functionals	7. Linear Operators and Adjoints. 8. Optimization of Functionals.
master,/Users/Suhas.KS/master-curriculum.md,76,composite_duplicate,878746d29b972e99124291d1afc5738f68847c6df2bf3e69f985c66f51491f77,yes,no,composite_preserved_in_lossless_archive,Constrained Optimization	9. Global Theory of Constrained Optimization. Local Theory of Constrained Optimization. Inequality Constraints (Kuhn-Tucker Theorem).
master,/Users/Suhas.KS/master-curriculum.md,77,composite_duplicate,71eeae468de3f6c2f21a6d3040972e07fa07be0be8e82f892c4bdaeb683bdc01,yes,no,composite_preserved_in_lossless_archive,"Optimal Control & Iterative Methods	10. Optimal Control Theory (Basic Necessary Conditions, Pontryagin Maximum Principle). 11. Iterative Methods of Optimization"
master,/Users/Suhas.KS/master-curriculum.md,78,composite_duplicate,a0ceae4b135a85caa0cf6c7382628e653533a499b55e42130c085bc0d86cc748,yes,no,composite_preserved_in_lossless_archive,"Exercises & Addenda	End-of-chapter optimization problems, mathematical problems and proofs. Symbol Index, Indexes."
master,/Users/Suhas.KS/master-curriculum.md,79,composite_duplicate,32f26b81e3756dd18cb5aec4c6678ab24f8cda8638a46022118d10487c21f4cd,yes,no,composite_preserved_in_lossless_archive,Textbook Deconstruction: Advanced Engineering Mathematics (Erwin Kreyszig)
master,/Users/Suhas.KS/master-curriculum.md,80,composite_duplicate,c9ba99ce95eeccdfd9eeb9364551383b65067773e8e54f158d61347b3cf0c236,yes,no,composite_preserved_in_lossless_archive,"Categorization	Exhaustive List of Topics, Concepts, Chapters, Modules, Exercises, and Problems"
master,/Users/Suhas.KS/master-curriculum.md,81,composite_duplicate,96592b56a2efc3c54aa217b3978cfc5575d64cb6ec930a84fa4cf129554d2e12,yes,no,composite_preserved_in_lossless_archive,Ordinary Differential Equations	Part A: Ordinary Differential Equations (ODEs). Chapter 1: First-Order ODEs. Chapter 2: Second-Order Linear ODEs. Chapter 3: Hig
master,/Users/Suhas.KS/master-curriculum.md,82,composite_duplicate,608718cbebde1e479f1f3e495d8c4f87d25c21ff557dbf7bbf69bdcf5d9cb129,yes,no,composite_preserved_in_lossless_archive,"Linear Algebra & Vector Calculus	Part B: Linear Algebra. Chapter 7: Linear Algebra: Matrices, Vectors, Determinants. Chapter 8: Linear Algebra: Matrix Eigenvalu"
master,/Users/Suhas.KS/master-curriculum.md,83,composite_duplicate,5d1cfe065136146bcb5fee44879b55ca6937714836250d3f4f0dd39e2ac43fbf,yes,no,composite_preserved_in_lossless_archive,Fourier Analysis & PDEs	Part C: Fourier Analysis. Chapter 11: Fourier Analysis. Part D: Partial Differential Equations (PDEs). Chapter 12: Partial Differential 
master,/Users/Suhas.KS/master-curriculum.md,84,composite_duplicate,d530c171e2ebec9b6de2079f3a93787744b53d9f7074d726ce3f36dca92895a9,yes,no,composite_preserved_in_lossless_archive,"Complex Analysis	Part E: Complex Analysis. Chapter 13. Chapter 14: Complex Integration (Line Integral in the Complex Plane, Cauchy's Integral Theorem, Cauchy's "
master,/Users/Suhas.KS/master-curriculum.md,85,composite_duplicate,eff3e1927ef08f30f87df0ae71d217d5bff6450f8b3cb851ba8b7799d89dfeba,yes,no,composite_preserved_in_lossless_archive,"Numeric Analysis & Statistics	Part F: Numeric Analysis. Chapter 19-20. Chapter 21: Numerics for ODEs and PDEs (Methods for First-Order ODEs, Multistep Methods, "
master,/Users/Suhas.KS/master-curriculum.md,86,composite_duplicate,67cec65cfd86905ed4c7e6ee358ba9637f6dcab5962d104eaf24da625153c88f,yes,no,composite_preserved_in_lossless_archive,"Exercises & Addenda	Review Questions and Problems (End of chapters 14, 18, 21), Summary sections, CAS projects, CAS problems, CAS experiments, Routine drill exe"
master,/Users/Suhas.KS/master-curriculum.md,87,composite_duplicate,b8ed7c90b3e9bb14a51376d247ba07945c0cf9430ecacd0338f4f2470978ae77,yes,no,composite_preserved_in_lossless_archive,"Textbook Deconstruction: Digital Signal Processing (John G. Proakis, Dimitris G. Manolakis)"
master,/Users/Suhas.KS/master-curriculum.md,88,composite_duplicate,c9ba99ce95eeccdfd9eeb9364551383b65067773e8e54f158d61347b3cf0c236,yes,no,composite_preserved_in_lossless_archive,"Categorization	Exhaustive List of Topics, Concepts, Chapters, Modules, Exercises, and Problems"
master,/Users/Suhas.KS/master-curriculum.md,89,composite_duplicate,2a7bef21d6dffc6c96818633c053e85fd32ff848c1ebe6011682fe9e52881878,yes,no,composite_preserved_in_lossless_archive,"Signals & LTI Systems	1. Introduction (Signals, Systems, and Signal Processing, Basic Elements of a DSP System, Advantages of Digital over Analog, Classificatio"
master,/Users/Suhas.KS/master-curriculum.md,90,composite_duplicate,6a2b226f2ecfa68e8ce108f0e708f50218aacfa7d4ffad9b19ca72f6dfcc8b26,yes,no,composite_preserved_in_lossless_archive,"z-Transforms	3. The z-Transform and Its Application to the Analysis of LTI Systems (The Direct z-Transform, The Inverse z-Transform, Properties of the z-Transfo"
master,/Users/Suhas.KS/master-curriculum.md,91,composite_duplicate,15c47db955b48f9604c511ced6a7442d212078d51095555d8cb06924d401c4dd,yes,no,composite_preserved_in_lossless_archive,"Frequency Analysis	4. Frequency Analysis of Signals and Systems (Frequency Analysis of Continuous-Time Signals, Concept of Frequency, Continuous-Time/Discrete-T"
master,/Users/Suhas.KS/master-curriculum.md,92,composite_duplicate,bc70adbffc0804dd5654a81ae43f2153e5052dacffd5cc50fbd132277f7cc40d,yes,no,composite_preserved_in_lossless_archive,"Frequency-Domain Analysis	5. Frequency-Domain Analysis of LTI Systems (Frequency-Domain Characteristics, Frequency Response Function, Frequency Response of a Sy"
master,/Users/Suhas.KS/master-curriculum.md,93,composite_duplicate,14184ac8e2176473279eef92b7ccc91269c3a514ce6a4f749986451ab46bd611,yes,no,composite_preserved_in_lossless_archive,"Sampling, Reconstruction & DFT	6. Sampling and Reconstruction of Signals (Ideal Sampling and Reconstruction, Discrete-Time Processing of Continuous-Time Signals"
master,/Users/Suhas.KS/master-curriculum.md,94,composite_duplicate,3201f42f1f80c8bab1b0adbc5472c80831d1414bad98565544a8ce3436b38775,yes,no,composite_preserved_in_lossless_archive,"Implementation & Quantization	8. Implementation of Discrete-Time Systems (Structures for FIR Systems: Direct-Form, Cascade-Form, Frequency-Sampling, Fixed-Point"
master,/Users/Suhas.KS/master-curriculum.md,95,composite_duplicate,67f19e3e5c5ac59321b3905864902b0710249be5ba6fe30182fc9b53aa7e41b6,yes,no,composite_preserved_in_lossless_archive,"Exercises & Addenda	Over 500 end-of-chapter problems, computer problems using MATLAB, References, Summary sections."
master,/Users/Suhas.KS/master-curriculum.md,96,composite_duplicate,bebb20c4072e7c35879306184f5cc7e6de89bb1fb239aad53f1d875edb478b22,yes,no,composite_preserved_in_lossless_archive,"Audit Checkpoint 3: Covered CLRS, Luenberger, Kreyszig, and Proakis. Explicit extraction of exercise volumes (e.g., CLRS's 140 new exercises, Proakis's 500 prob"
master,/Users/Suhas.KS/master-curriculum.md,97,composite_duplicate,edef06b2e04a15214004385474e5eab3d49035a12444d0ad910b28db778266b9,yes,no,composite_preserved_in_lossless_archive,Machine Learning and Artificial Intelligence Architectures
master,/Users/Suhas.KS/master-curriculum.md,98,composite_duplicate,f30a63d3461859dbe6aa33f730179c0d16b62825f39c51e19a535077e90a098d,yes,no,composite_preserved_in_lossless_archive,"The subsequent texts represent the convergence of probabilistic theories, calculus, and discrete mathematics into formalized artificial intelligence engines. Ha"
master,/Users/Suhas.KS/master-curriculum.md,99,composite_duplicate,ef585630e6f80d9735ee5dc0bca9f4c1d2ffc5c505aa0b1e5ba05730bd3275b5,yes,no,composite_preserved_in_lossless_archive,"Goodfellow defines the precise mathematical and operational parameters for contemporary deep learning, while Russell and Norvig encapsulate the entirety of arti"
master,/Users/Suhas.KS/master-curriculum.md,100,composite_duplicate,fd04126f1d2bda6510cb0adefb6e9874ba34aa9454dc520014cb08793b9b29ee,yes,no,composite_preserved_in_lossless_archive,Textbook Deconstruction: Pattern Recognition and Machine Learning (Christopher Bishop)
master,/Users/Suhas.KS/master-curriculum.md,101,composite_duplicate,c9ba99ce95eeccdfd9eeb9364551383b65067773e8e54f158d61347b3cf0c236,yes,no,composite_preserved_in_lossless_archive,"Categorization	Exhaustive List of Topics, Concepts, Chapters, Modules, Exercises, and Problems"
master,/Users/Suhas.KS/master-curriculum.md,102,composite_duplicate,12e8aea00f0a5b8182b0db865e684ec228da702dc4788dc86eadebe17c3454cd,yes,no,composite_preserved_in_lossless_archive,Foundations & Linear Models	1. Introduction (Polynomial Curve Fitting). 2. Probability Distributions (Binary Variables). 3. Linear Models for Regression. 4. Lin
master,/Users/Suhas.KS/master-curriculum.md,103,composite_duplicate,c65d851bcb543973913c4d5dc235d7aed70be1bae2a0bd663028e67b12d565b5,yes,no,composite_preserved_in_lossless_archive,Neural & Kernel Methods	5. Neural Networks. 6. Kernel Methods. 7. Sparse Kernel Machines.
master,/Users/Suhas.KS/master-curriculum.md,104,composite_duplicate,f0dd81c1ed2334ca812e9eaa6637e01c12a039978d871f152059a7e4ced4d5bb,yes,no,composite_preserved_in_lossless_archive,Probabilistic Graphical Models	8. Graphical Models. 9. Mixture Models and EM. 10. Approximate Inference. 11. Sampling Methods. 12. Continuous Latent Variables. 
master,/Users/Suhas.KS/master-curriculum.md,105,composite_duplicate,5f18307e8b0e95aa84890cd5f0537a9c66bfa336c4f2fec2279d661fc17f67a2,yes,no,composite_preserved_in_lossless_archive,"Exercises & Addenda	431 graded exercises, Solutions manual, Complete set of Figures, Errata."
master,/Users/Suhas.KS/master-curriculum.md,106,composite_duplicate,344de970e9a2e4f36b8dc8199436f5bc98800c7639978954564fe544b73fef12,yes,no,composite_preserved_in_lossless_archive,"Textbook Deconstruction: The Elements of Statistical Learning (Trevor Hastie, Robert Tibshirani, Jerome Friedman)"
master,/Users/Suhas.KS/master-curriculum.md,107,composite_duplicate,c9ba99ce95eeccdfd9eeb9364551383b65067773e8e54f158d61347b3cf0c236,yes,no,composite_preserved_in_lossless_archive,"Categorization	Exhaustive List of Topics, Concepts, Chapters, Modules, Exercises, and Problems"
master,/Users/Suhas.KS/master-curriculum.md,108,composite_duplicate,fc07259abf7cdb1fe4cbe067cad8478cb0c08fdd18925069f4707eb4d6e2cf73,yes,no,composite_preserved_in_lossless_archive,Supervised Learning Fundamentals	1. Introduction. 2. Overview of Supervised Learning. 3. Linear Methods for Regression. 4. Linear Methods for Classification. 5.
master,/Users/Suhas.KS/master-curriculum.md,109,composite_duplicate,5c8e2b625db29bccb1320647edc762548a4f0f8966ea3ed1a34499385dba7bcb,yes,no,composite_preserved_in_lossless_archive,"Assessment, Inference & Trees	6. Kernel Smoothing Methods. 7. Model Assessment and Selection. 8. Model Inference and Averaging. 9. Additive Models, Trees, and R"
master,/Users/Suhas.KS/master-curriculum.md,110,composite_duplicate,1d50b0b70cf24fd5645895c2233cab407d780c99d5530e43005baf969936818d,yes,no,composite_preserved_in_lossless_archive,Advanced Architectures	11. Neural Networks (Bayesian neural nets). 12. Support Vector Machines and Flexible Discriminants (Path algorithm for SVM classifier). 1
master,/Users/Suhas.KS/master-curriculum.md,111,composite_duplicate,b1410a7414db8be1509d5fe97a4d3ebb6eeae4d66588f430309b1aeb64b735eb,yes,no,composite_preserved_in_lossless_archive,"Textbook Deconstruction: Deep Learning (Ian Goodfellow, Yoshua Bengio, Aaron Courville)"
master,/Users/Suhas.KS/master-curriculum.md,112,composite_duplicate,c9ba99ce95eeccdfd9eeb9364551383b65067773e8e54f158d61347b3cf0c236,yes,no,composite_preserved_in_lossless_archive,"Categorization	Exhaustive List of Topics, Concepts, Chapters, Modules, Exercises, and Problems"
master,/Users/Suhas.KS/master-curriculum.md,113,composite_duplicate,62d8e7238002d4a759a3f14b19eec9e624ccb0eada94024f44deea5d24a266de,yes,no,composite_preserved_in_lossless_archive,Applied Math & Basics	Part I: Applied Math and Machine Learning Basics. 1. Introduction. 2. Linear Algebra. 3. Probability and Information Theory. 4. Numerical 
master,/Users/Suhas.KS/master-curriculum.md,114,composite_duplicate,61664db3fe22336c02a526305515772e480bfd4589a4cee69dfb157f7a06eb92,yes,no,composite_preserved_in_lossless_archive,Deep Networks	Part II: Deep Networks: Modern Practices. 6. Deep Feedforward Networks. 7. Regularization for Deep Learning. 8. Optimization for Training Deep Mod
master,/Users/Suhas.KS/master-curriculum.md,115,composite_duplicate,78a9bf43bbaae3e11aa299a775ae514275930f5aee37e36d6a6c0233d6ad772c,yes,no,composite_preserved_in_lossless_archive,Advanced Research & Generative Models	Part III: Deep Learning Research. 13. Linear Factor Models. 14. Autoencoders. 15. Representation Learning. 16. Structured 
master,/Users/Suhas.KS/master-curriculum.md,116,composite_duplicate,b2e37c2f5704891af7079ae75f480cfd64b314fbcdfd35cf3dcee67dc7a3551f,yes,no,composite_preserved_in_lossless_archive,"Textbook Deconstruction: Artificial Intelligence: A Modern Approach (Stuart Russell, Peter Norvig)"
master,/Users/Suhas.KS/master-curriculum.md,117,composite_duplicate,c9ba99ce95eeccdfd9eeb9364551383b65067773e8e54f158d61347b3cf0c236,yes,no,composite_preserved_in_lossless_archive,"Categorization	Exhaustive List of Topics, Concepts, Chapters, Modules, Exercises, and Problems"
master,/Users/Suhas.KS/master-curriculum.md,118,composite_duplicate,1e2badc7aeb24b8a065b8266bbdb757a3b32ec92ce67552ca03c152f512afcb5,yes,no,composite_preserved_in_lossless_archive,Artificial Intelligence & Problem-Solving	Part I: Artificial Intelligence. 1. Introduction. 2. Intelligent Agents. Part II: Problem-solving. 3. Solving Problems
master,/Users/Suhas.KS/master-curriculum.md,119,composite_duplicate,2529e321f47a974582b2e3c22ccd23196207e1db52f1bb414f6bbf235e83ebaf,yes,no,composite_preserved_in_lossless_archive,"Knowledge, Reasoning, and Planning	Part III: Knowledge, reasoning, and planning. 7. Logical Agents. 8. First-Order Logic. 9. Inference in First-Order Logic. 10."
master,/Users/Suhas.KS/master-curriculum.md,120,composite_duplicate,a60134f56eb05d02c859f63ad90a6d8419ded0809bde520121b6b27d12349f15,yes,no,composite_preserved_in_lossless_archive,Uncertain Knowledge & Reasoning	Part IV: Uncertain knowledge and reasoning. 12. Quantifying Uncertainty. 13. Probabilistic Reasoning. 14. Probabilistic Reasonin
master,/Users/Suhas.KS/master-curriculum.md,121,composite_duplicate,563f524fcbcfc919dee44282d1678cb7728cac06efea14893584073224a2b0cb,yes,no,composite_preserved_in_lossless_archive,Machine Learning	Part V: Machine Learning. 19. Learning from Examples. 20. Knowledge in Learning. 21. Learning Probabilistic Models. 22. Deep Learning. 23. Rein
master,/Users/Suhas.KS/master-curriculum.md,122,composite_duplicate,581f4a2c772f218f174033e384238638277d99ac00d9743352bec10f39275127,yes,no,composite_preserved_in_lossless_archive,"Perception, Action & Conclusions	Part VI: Communicating, perceiving, and acting. 24. Natural Language Processing. 25. Deep Learning for Natural Language Process"
master,/Users/Suhas.KS/master-curriculum.md,123,composite_duplicate,a36719409c90b363bcbb00c7918d20f2e339dbdc51809fd561d2c55074aac74b,yes,no,composite_preserved_in_lossless_archive,Exercises & Addenda	Appendix A: Mathematical Background. Appendix B: Notes on Languages and Algorithms. Bibliography. Index. Interactive and website-based exerc
master,/Users/Suhas.KS/master-curriculum.md,124,composite_duplicate,ebb8464ff1e6c62e2a2c7d746e4e7ccb317b0c8243a4f264cc5f5544be87b869,yes,no,composite_preserved_in_lossless_archive,"Audit Checkpoint 4: All prominent ML/AI texts (Bishop, Hastie, Goodfellow, Russell & Norvig) are fully audited. Explicitly listed aimacode repositories and spec"
master,/Users/Suhas.KS/master-curriculum.md,125,composite_duplicate,91c73d20bbc90e1106e5f0879aca1b7f949256caf8dfe5d60bb897e04d76b01e,yes,no,composite_preserved_in_lossless_archive,"Applied Domains: Natural Language, Speech, and Render Pipelines"
master,/Users/Suhas.KS/master-curriculum.md,126,composite_duplicate,ae986bd54200d8c4aaa7f2b7cc800003b05bc7600169c817d9029f88e7cf668d,yes,no,composite_preserved_in_lossless_archive,"Once the mathematical optimization and deep network architectures are theoretically defined, their applied domains expose the intricacies of sequential data mod"
master,/Users/Suhas.KS/master-curriculum.md,127,composite_duplicate,1d843ccd2c68eb4cae82decb91a7ec204ca1f601e36bc59af1c49a4fde5ae091,yes,no,composite_preserved_in_lossless_archive,"Gregory and Akenine-Möller define the simulation environment parameters, illustrating how algorithmic efficiency and multi-threading architectures enable real-t"
master,/Users/Suhas.KS/master-curriculum.md,128,composite_duplicate,aee060bf8c21b6484b993b34e9368be1fa30f0dec13191e535aaecf9dd479287,yes,no,composite_preserved_in_lossless_archive,"Textbook Deconstruction: Speech and Language Processing (Dan Jurafsky, James H. Martin)"
master,/Users/Suhas.KS/master-curriculum.md,129,composite_duplicate,c9ba99ce95eeccdfd9eeb9364551383b65067773e8e54f158d61347b3cf0c236,yes,no,composite_preserved_in_lossless_archive,"Categorization	Exhaustive List of Topics, Concepts, Chapters, Modules, Exercises, and Problems"
master,/Users/Suhas.KS/master-curriculum.md,130,composite_duplicate,f928344b7589baf18c755cf602eda69b691f820ef35e5d821ffc15534c8901c8,yes,no,composite_preserved_in_lossless_archive,"Large Language Models & Text Processing	Volume I: Large Language Models. 1. Introduction. 2. Words and Tokens (Unicode, Regular Expressions, Text Normalization,"
master,/Users/Suhas.KS/master-curriculum.md,131,composite_duplicate,38500c0be9288530d1fd1901f61b89c6c6d6f834f6d9a8c4da1b90b26bb7d30a,yes,no,composite_preserved_in_lossless_archive,Speech & Translation Processing	12. Machine Translation and Encoder-Decoder Models. 13. RNNs and LSTMs. 14. Phonetics and Speech Feature Extraction. 15. Automat
master,/Users/Suhas.KS/master-curriculum.md,132,composite_duplicate,cb92884f5a087e4c7a7755a8953be9852787b781d4b092d0eccfb06f568abec9,yes,no,composite_preserved_in_lossless_archive,"Annotating Linguistic Structure	Volume II: Annotating Linguistic Structure. 17. Sequence Labeling for Parts of Speech and Named Entities (English Word Classes, "
master,/Users/Suhas.KS/master-curriculum.md,133,composite_duplicate,be6b5b25b14ce26ff380cb5cac86db400456728467ecaa546e440f9b5d87c06b,yes,no,composite_preserved_in_lossless_archive,Web-Only Supplements & Exercises	Appendix A: Hidden Markov Models. Appendix B: Naive Bayes Classification. Appendix C: Kneser-Ney Smoothing. Appendix D: Spellin
master,/Users/Suhas.KS/master-curriculum.md,134,composite_duplicate,fee89fbfd697a944ef9b8803374aa4bbe7e0db5d2fc5e4181798107ff1f3f050,yes,no,composite_preserved_in_lossless_archive,Textbook Deconstruction: Game Engine Architecture (Jason Gregory)
master,/Users/Suhas.KS/master-curriculum.md,135,composite_duplicate,c9ba99ce95eeccdfd9eeb9364551383b65067773e8e54f158d61347b3cf0c236,yes,no,composite_preserved_in_lossless_archive,"Categorization	Exhaustive List of Topics, Concepts, Chapters, Modules, Exercises, and Problems"
master,/Users/Suhas.KS/master-curriculum.md,136,composite_duplicate,f9e27fe9836ea46953905abb3f630e6a1d29c493186ad7060ad42069698c30f7,yes,no,composite_preserved_in_lossless_archive,"Foundations & Tools	Section I: Foundations. 1. Introduction (Structure of a Typical Game Team, What Is a Game?, What Is a Game Engine?, Engine Differences acros"
master,/Users/Suhas.KS/master-curriculum.md,137,composite_duplicate,813dff59a3755220b6550437c84ebf11897947ef0de25b57dbd1620016c06a83,yes,no,composite_preserved_in_lossless_archive,"Low-Level Engine Systems	Section II: Low-Level Engine Systems. 6. Engine Support Systems (Subsystem Start-Up and Shut-Down, Memory Management). 7. Resources and"
master,/Users/Suhas.KS/master-curriculum.md,138,composite_duplicate,a2d91482f967867002e657b48b16f9d959be2c976edd86945d1a57fddbdf3ab8,yes,no,composite_preserved_in_lossless_archive,"Graphics, Motion and Sound	Section III: Graphics, Motion and Sound. 11. The Rendering Engine. 12. Animation Systems. 13. Collision and Rigid Body Dynamics. 14. "
master,/Users/Suhas.KS/master-curriculum.md,139,composite_duplicate,978056ee3ab6ff0a3019e7092d606490797d2d931cc09e8f47b2f537bdb64dfb,yes,no,composite_preserved_in_lossless_archive,"Gameplay Systems	Section IV: Gameplay. 14. Introduction to Gameplay Systems (Anatomy of a Game World, Implementing Dynamic Elements: Game Objects, Data-Driven G"
master,/Users/Suhas.KS/master-curriculum.md,140,composite_duplicate,00c18a1cdb970a0e7aed951a70c55764f08e391b4a8ba78326b09ac741bb386d,yes,no,composite_preserved_in_lossless_archive,Conclusions	Section V: Conclusion. 17. You Mean There's More?.
master,/Users/Suhas.KS/master-curriculum.md,141,composite_duplicate,d2d5a8842236d2db273e5592af803ac75ec00fe07eceeb94cd0bb59ceb7276ae,yes,no,composite_preserved_in_lossless_archive,Textbook Deconstruction: Real-Time Rendering (Tomas Akenine-Möller et al.)
master,/Users/Suhas.KS/master-curriculum.md,142,composite_duplicate,c9ba99ce95eeccdfd9eeb9364551383b65067773e8e54f158d61347b3cf0c236,yes,no,composite_preserved_in_lossless_archive,"Categorization	Exhaustive List of Topics, Concepts, Chapters, Modules, Exercises, and Problems"
master,/Users/Suhas.KS/master-curriculum.md,143,composite_duplicate,f72afca0867bc29d1f2cb1a8f01246b33cd5b4debaa5eb0f069eee75daf8ce57,yes,no,composite_preserved_in_lossless_archive,"Pipeline & Hardware	1. Introduction (Contents Overview, Notation and Definitions). 2. The Graphics Rendering Pipeline (Architecture, The Application Stage, Geom"
master,/Users/Suhas.KS/master-curriculum.md,144,composite_duplicate,e63d158ad3c5afa5b8f514b8bbc1417da33b1db13fe82033065a60ebd4c2773a,yes,no,composite_preserved_in_lossless_archive,Shading & Illumination	5. Shading Basics. 6. Texturing. 7. Shadows. 8. Light and Color. 9. Physically Based Shading. 10. Local Illumination. 11. Global Illumina
master,/Users/Suhas.KS/master-curriculum.md,145,composite_duplicate,f5250b80c5d7634d745fd492bc5c27018688e37a9e459dbc48fb2ceef12e7d9b,yes,no,composite_preserved_in_lossless_archive,"Advanced Effects & Manipulation	12. Image-Space Effects (Depth of Field, Tone Mapping, Motion Blur). 13. Beyond Polygons (Particle Systems, Fluid particles, Poi"
master,/Users/Suhas.KS/master-curriculum.md,146,composite_duplicate,3accba9e9f84d65cca1198ad3e4d4bb3e2a85c2caa76bdc3c5ba0086586fab5c,yes,no,composite_preserved_in_lossless_archive,Optimization & Future Outlook	18. Pipeline Optimization. 19. Acceleration Algorithms. 20. Efficient Shading. 21. Virtual and Augmented Reality. 22. Intersection
master,/Users/Suhas.KS/master-curriculum.md,147,composite_duplicate,e1baf8d006be4bfffbd5e9812bc041a9067dc6e5208620feebb97af208e2742a,yes,no,composite_preserved_in_lossless_archive,Web-Only Chapters & Appendices	25. Collision Detection (Available online only). 26. Real-Time Ray Tracing (Available online only). Appendices: Linear Algebra an
master,/Users/Suhas.KS/master-curriculum.md,148,composite_duplicate,88e12016be86fe9d3a31203f55e4650a83aed5cfaf1923c0641b7f13468c1e8c,yes,no,composite_preserved_in_lossless_archive,"Audit Checkpoint 5: Completion of the final domain texts. Jurafsky, Gregory, and Akenine-Möller have been strictly audited for full coverage of the provided doc"
master,/Users/Suhas.KS/master-curriculum.md,149,composite_duplicate,b7dff54f90bd0fafd5cfda9918713ad13ec6525eda48f07eee12b2cf0fec22ec,yes,no,composite_preserved_in_lossless_archive,Deep Learning and Neural Networks Curriculum Topics List
master,/Users/Suhas.KS/master-curriculum.md,150,composite_duplicate,b30be0a1930982abc27d155d4b695d06de3b502f0b952bc827d470573ba0497c,yes,no,composite_preserved_in_lossless_archive,"The pedagogical structure below consolidates curricula parameters from elite institutions (e.g., Harvard's deep learning applications, IIT Madras's deep learnin"
master,/Users/Suhas.KS/master-curriculum.md,151,composite_duplicate,e7eada45362f2ac44468d92272b43d016e570f65d02631f5c9298c8275c9f066,yes,no,composite_preserved_in_lossless_archive,Deep Learning and Neural Networks: Comprehensive Curriculum
master,/Users/Suhas.KS/master-curriculum.md,152,composite_duplicate,044ea61d90ac25c34a444b86c2b70289fb12125ce060f3a319e410f35b1d0c51,yes,no,composite_preserved_in_lossless_archive,MODULE 1: Mathematical Foundations and Machine Learning Primitives
master,/Users/Suhas.KS/master-curriculum.md,153,composite_duplicate,04c96565b3fe84fead61c4c25f9a54f8567230ccc41dbbd34f98acabdcb2019b,yes,no,composite_preserved_in_lossless_archive,"1.1 Linear Algebra for Deep Learning (Tensors, Eigendecomposition, PCA)"
master,/Users/Suhas.KS/master-curriculum.md,154,composite_duplicate,39f2f3215760c08b1df6b962b2c3cd2097fa719e7c119cc2fb1bb1dd8440bd03,yes,no,composite_preserved_in_lossless_archive,"1.2 Calculus and Optimization Theory (Partial Derivatives, Chain Rule, Hessians)"
master,/Users/Suhas.KS/master-curriculum.md,155,composite_duplicate,502dba0d746d5ea97fb6290483eb6c243a09565b2e4188202ec7e5edf1a24d48,yes,no,composite_preserved_in_lossless_archive,"1.3 Probability Theory and Information Theory (Distributions, Cross-Entropy, KL Divergence)"
master,/Users/Suhas.KS/master-curriculum.md,156,composite_duplicate,5a2217d4e6fc3e06acd517302a1ba7930e00db4448788a7c51ea99c2e66ee80f,yes,no,composite_preserved_in_lossless_archive,"1.4 Machine Learning Basics (Capacity, Overfitting, Underfitting, Bias-Variance Tradeoff)"
master,/Users/Suhas.KS/master-curriculum.md,157,composite_duplicate,a61a0d830443e5b87dab53f47301584ae3ef4286519b0cf235499621732172e7,yes,no,composite_preserved_in_lossless_archive,1.5 Maximum Likelihood Estimation and Bayesian Statistics
master,/Users/Suhas.KS/master-curriculum.md,158,composite_duplicate,7403ce9c489ed4f4577f63f4a73080bf2c364d443aeb5e90f4aa9a814ae95201,yes,no,composite_preserved_in_lossless_archive,"1.6 Support Vector Machines, Logistic Regression, and Shallow Classifiers"
master,/Users/Suhas.KS/master-curriculum.md,159,composite_duplicate,6db546a47a2993cbbc2e947bc19db07563926d4adfbf6f658436cc7a92c0db61,yes,no,composite_preserved_in_lossless_archive,MODULE 2: Core Neural Network Architectures
master,/Users/Suhas.KS/master-curriculum.md,160,composite_duplicate,c8448194df9bd481817173581c1d1fc2c41a0323ba68f5278aff2fb1de068629,yes,no,composite_preserved_in_lossless_archive,2.1 The Perceptron and Feedforward Neural Networks
master,/Users/Suhas.KS/master-curriculum.md,161,composite_duplicate,07df00c4cf900d23d685b3d1e375e50c14789b39ddb3c5daa459e211e2920583,yes,no,composite_preserved_in_lossless_archive,"2.2 Activation Functions (Sigmoid, Tanh, ReLU, Leaky ReLU, GELU, Swish)"
master,/Users/Suhas.KS/master-curriculum.md,162,composite_duplicate,01d0906e503b2fa116907406fcb8a0cb118155ca9defce86fb9e49d7554492bf,yes,no,composite_preserved_in_lossless_archive,2.3 Cost Functions and Output Units
master,/Users/Suhas.KS/master-curriculum.md,163,composite_duplicate,a33352b7627b246f51801426e0f6ee768a92e7fc32d1e49c15c375d782ff462b,yes,no,composite_preserved_in_lossless_archive,2.4 Backpropagation and Computational Graphs (Forward and Backward passes)
master,/Users/Suhas.KS/master-curriculum.md,164,composite_duplicate,d9cb9b76ac813f2d26daa8c872677826213d0f1927daee6304d807ab962e6275,yes,no,composite_preserved_in_lossless_archive,"2.5 Architecture Design (Depth vs. Width, Universal Approximation Theorem)"
master,/Users/Suhas.KS/master-curriculum.md,165,composite_duplicate,cc4ad73f875132a18e75d9263e67f9ca5dbc722b081eeda42717225b1a424f5e,yes,no,composite_preserved_in_lossless_archive,MODULE 3: Optimization and Regularization in Deep Models
master,/Users/Suhas.KS/master-curriculum.md,166,composite_duplicate,e0604ee7a5d040b2bf0777831fb9f3ded37d43369849dc36e0fa17c97d1c027b,yes,no,composite_preserved_in_lossless_archive,3.1 Parameter Norm Penalties (L1/L2 Regularization)
master,/Users/Suhas.KS/master-curriculum.md,167,composite_duplicate,52742cfe36de783601d9327f5ea90497b3c5f687377c1a771aa476608a36c26f,yes,no,composite_preserved_in_lossless_archive,3.2 Dataset Augmentation and Noise Injection
master,/Users/Suhas.KS/master-curriculum.md,168,composite_duplicate,5d944fe0727409d9da2f553ae35dcf6efbb6aafbf05575239f8a7574fd749c12,yes,no,composite_preserved_in_lossless_archive,3.3 Early Stopping and Parameter Tying
master,/Users/Suhas.KS/master-curriculum.md,169,composite_duplicate,0195eaa9eca1bd2f2a787d2d9008fa65027ff19fee7f2e150d52c380b815e4e9,yes,no,composite_preserved_in_lossless_archive,3.4 Dropout and Ensemble Methods
master,/Users/Suhas.KS/master-curriculum.md,170,composite_duplicate,ff3b8cea594ad4705dbca6ace6a37b8e0de5930bbaa13a4eb55b3b11d774d67a,yes,no,composite_preserved_in_lossless_archive,"3.5 Gradient Descent Variants (Stochastic GD, Mini-batch GD)"
master,/Users/Suhas.KS/master-curriculum.md,171,composite_duplicate,1b25e902af7d4cac9a58727ba6161b562ad20d4efc782467b1c376d0c65cf2a6,yes,no,composite_preserved_in_lossless_archive,"3.6 Adaptive Learning Rates (Momentum, Nesterov, AdaGrad, RMSProp, Adam)"
master,/Users/Suhas.KS/master-curriculum.md,172,composite_duplicate,f153f225c7a3771d8bbbc01b9c9e1fe0eed1eab1f7b0e2e2d45e94c6689e3209,yes,no,composite_preserved_in_lossless_archive,3.7 Batch Normalization and Layer Normalization
master,/Users/Suhas.KS/master-curriculum.md,173,composite_duplicate,dcdff3e5f1a4e8991f30f069bd4a0c3298fbfccf2e5ce1b6be0ae15d4d0b51e5,yes,no,composite_preserved_in_lossless_archive,MODULE 4: Convolutional Neural Networks (CNNs)
master,/Users/Suhas.KS/master-curriculum.md,174,composite_duplicate,7a07340b1edae1eb6d19e7af62028c97d019085db8f54c870bdfb0bf3b654058,yes,no,composite_preserved_in_lossless_archive,"4.1 The Convolution Operation (Padding, Stride, Dilation)"
master,/Users/Suhas.KS/master-curriculum.md,175,composite_duplicate,f0dff6dd89f571eebba45cf9fb299572a03bfc7854a6f2516ccc9e34515e0f7c,yes,no,composite_preserved_in_lossless_archive,"4.2 Pooling Mechanisms (Max, Average) and Translation Invariance"
master,/Users/Suhas.KS/master-curriculum.md,176,composite_duplicate,eb80f671ad1595a27356455351aae8330d1b7b2d7399ef80e25e184ed4e47d98,yes,no,composite_preserved_in_lossless_archive,"4.3 Classic CNN Architectures (LeNet, AlexNet, VGG, Inception, ResNet)"
master,/Users/Suhas.KS/master-curriculum.md,177,composite_duplicate,379cf87b13f83c8a3fbae939fde819692646945d68f5bfcc1ac9065b656b931c,yes,no,composite_preserved_in_lossless_archive,"4.4 Applications in Computer Vision (Object Detection, Segmentation, YOLO)"
master,/Users/Suhas.KS/master-curriculum.md,178,composite_duplicate,c62816f87630f07ad339d1165d4ae8c8e840ea79a8edc49a763e27902abebf1b,yes,no,composite_preserved_in_lossless_archive,4.5 Visualizing and Understanding CNN Representations
master,/Users/Suhas.KS/master-curriculum.md,179,composite_duplicate,ffd4191ca23dcdf65bb71365095053e24ced901379c0f53edb001a8d9070dccd,yes,no,composite_preserved_in_lossless_archive,MODULE 5: Sequence Modeling and Recurrent Architectures
master,/Users/Suhas.KS/master-curriculum.md,180,composite_duplicate,aeb120208a0cf7e4cd559dcb0dd4d5c2cef8e5f6a8e8db9ecad0a7804bce736a,yes,no,composite_preserved_in_lossless_archive,5.1 Recurrent Neural Networks (RNNs) and Unrolling
master,/Users/Suhas.KS/master-curriculum.md,181,composite_duplicate,c7f8a4e6664ee89abd7ccd0c93c3fc1542c6207182179bd5cefdb291e4d88c68,yes,no,composite_preserved_in_lossless_archive,5.2 The Vanishing and Exploding Gradient Problem
master,/Users/Suhas.KS/master-curriculum.md,182,composite_duplicate,a2fad550ed9d496571215cb5576dd5bf2b34a573cd200caa93ef53b5834d5349,yes,no,composite_preserved_in_lossless_archive,5.3 Long Short-Term Memory Networks (LSTMs) and Gated Recurrent Units (GRUs)
master,/Users/Suhas.KS/master-curriculum.md,183,composite_duplicate,334c1b11b3fc3753f15ef2f668b2db76485e784cf09904e3c0df7ab00326090d,yes,no,composite_preserved_in_lossless_archive,5.4 Bidirectional RNNs and Deep Recurrent Networks
master,/Users/Suhas.KS/master-curriculum.md,184,composite_duplicate,052d7ab4c3b03670a3ce703624de99241b669ece3f0b70725aba7bd238d4da5b,yes,no,composite_preserved_in_lossless_archive,5.5 Encoder-Decoder Sequence-to-Sequence Architectures
master,/Users/Suhas.KS/master-curriculum.md,185,composite_duplicate,9eedaf415a6179ea33bd5898c1068efa6ffa9b66616464fa09ba06002b3cd759,yes,no,composite_preserved_in_lossless_archive,5.6 Applications in NLP and Time-Series Forecasting
master,/Users/Suhas.KS/master-curriculum.md,186,composite_duplicate,00c1f9ba4ff79f96cd1943b3cfbc9b061feae5199088a377e59f3fca71cf6097,yes,no,composite_preserved_in_lossless_archive,MODULE 6: Attention Mechanisms and Transformers
master,/Users/Suhas.KS/master-curriculum.md,187,composite_duplicate,32f0b2ad4cf757d4f1952b91884210e2351995c6c3a899b5a97739fd3b8e4e2b,yes,no,composite_preserved_in_lossless_archive,"6.1 The Motivation for Attention (Self-Attention, Cross-Attention)"
master,/Users/Suhas.KS/master-curriculum.md,188,composite_duplicate,b1d8f1a8deda2859a0f7aae4d8a22946d6932744ec40f63df6460c814792b217,yes,no,composite_preserved_in_lossless_archive,"6.2 The Transformer Architecture (Scaled Dot-Product Attention, Multi-Head Attention)"
master,/Users/Suhas.KS/master-curriculum.md,189,composite_duplicate,824afb174eea032a15f105e60d7de182db09165fe8ead18b19fbc5c7314e4753,yes,no,composite_preserved_in_lossless_archive,6.3 Positional Encoding Mechanisms
master,/Users/Suhas.KS/master-curriculum.md,190,composite_duplicate,33d0da9c4153fbcfe83d68d4527a83787fcde88bda52a29f1a355e269dee458d,yes,no,composite_preserved_in_lossless_archive,"6.4 Large Language Models (LLMs) architectures (BERT, GPT, T5)"
master,/Users/Suhas.KS/master-curriculum.md,191,composite_duplicate,7ebcad15e8300f547e404ca2f04cc23ee8d08c6f243695d9548f316462016a64,yes,no,composite_preserved_in_lossless_archive,"6.5 Fine-tuning Strategies (Instruction Tuning, RLHF, DPO)"
master,/Users/Suhas.KS/master-curriculum.md,192,composite_duplicate,3de5b45063625a4744ddae0559aeeb6a0461c6efa8809b32d19cb665a41aeeb4,yes,no,composite_preserved_in_lossless_archive,MODULE 7: Advanced Deep Learning and Generative Models
master,/Users/Suhas.KS/master-curriculum.md,193,composite_duplicate,2751ff5efc19772598387bc735759eef4bcd40bbfa89f8ec86a66f7635087c89,yes,no,composite_preserved_in_lossless_archive,"7.1 Autoencoders (Undercomplete, Regularized, Sparse, Denoising)"
master,/Users/Suhas.KS/master-curriculum.md,194,composite_duplicate,9511f40997583c13bb90927197b49bd1b9f29b38af3bfaf19f7bd3ae11028bd4,yes,no,composite_preserved_in_lossless_archive,7.2 Representation Learning and Manifold Learning
master,/Users/Suhas.KS/master-curriculum.md,195,composite_duplicate,573fe8065125ee8603c58599578c5a1ed52d2c593be6fe2dd26049d13cbbafe3,yes,no,composite_preserved_in_lossless_archive,7.3 Variational Autoencoders (VAEs) and Approximate Inference
master,/Users/Suhas.KS/master-curriculum.md,196,composite_duplicate,860a0ad0be37d7b5205116909ac8a68089ca2548597d8e4c2c1a094b7c5b5e0a,yes,no,composite_preserved_in_lossless_archive,7.4 Generative Adversarial Networks (GANs) and Minimax Games
master,/Users/Suhas.KS/master-curriculum.md,197,composite_duplicate,c28db4bcdaeefcb9f9b9bf2627b896680f13932da1deaab4d0e064f8574685b0,yes,no,composite_preserved_in_lossless_archive,7.5 Diffusion Models and Normalizing Flows
master,/Users/Suhas.KS/master-curriculum.md,198,composite_duplicate,a45b0a89c515d5cc314355c078dcf44eba2a8a0924d38ccfda8850ff0e405fef,yes,no,composite_preserved_in_lossless_archive,7.6 Graph Neural Networks (GNNs)
master,/Users/Suhas.KS/master-curriculum.md,199,composite_duplicate,449873687a094f53df951b8f1ef82a42a88b19de082f741c9491291727fcec61,yes,no,composite_preserved_in_lossless_archive,MODULE 8: Applied Systems and MLOps
master,/Users/Suhas.KS/master-curriculum.md,200,composite_duplicate,7dab63343c4415cab37d02ef56931dc070ea5b363cc807bc6d09591cf49b2570,yes,no,composite_preserved_in_lossless_archive,"8.1 Hardware Accelerators (GPUs, TPUs) and Parallelization Strategies"
master,/Users/Suhas.KS/master-curriculum.md,201,composite_duplicate,2a6145b59cab0d46cc9a2d262969ba1932518abef9fdaefb538c8fe6e8a0bc4d,yes,no,composite_preserved_in_lossless_archive,"8.2 Deep Learning Frameworks (TensorFlow, PyTorch)"
master,/Users/Suhas.KS/master-curriculum.md,202,composite_duplicate,1d27c9820a75fc3e7b4a1144f72305a7c8dcd58dfdd190403ba7d88d2dd04adf,yes,no,composite_preserved_in_lossless_archive,"8.3 Model Deployment Strategies, APIs, and Edge Computing"
master,/Users/Suhas.KS/master-curriculum.md,203,composite_duplicate,ca2d3a65f32db48d66b3b85f1e941dbbeb6ddffb37837b95aaf9951db7308588,yes,no,composite_preserved_in_lossless_archive,"8.4 Model Compression (Pruning, Quantization, Knowledge Distillation)"
master,/Users/Suhas.KS/master-curriculum.md,204,composite_duplicate,9c4ac78e1bef32815377421cf3495258e0b6eaa264e2f2597436e03dea73240b,yes,no,composite_preserved_in_lossless_archive,Kaldi ASR Toolkit: Secondary Curriculum Spine Document
master,/Users/Suhas.KS/master-curriculum.md,205,composite_duplicate,be787cc73d54047eaefc99e1a1cabc29778d1723fd1f914787f95ea0207c3860,yes,no,composite_preserved_in_lossless_archive,"The development of Automatic Speech Recognition (ASR) systems requires traversing audio signal processing, probabilistic sequence modeling, and deep network arc"
master,/Users/Suhas.KS/master-curriculum.md,206,composite_duplicate,f16c34fe3e53a01c8b5f7c4d04a8d070d98ba31e50c15a45fdda831161cbc2ff,yes,no,composite_preserved_in_lossless_archive,"To master the theories, algorithms, and implementations surrounding Kaldi, the following academic curriculum has been established as a secondary spine document."
master,/Users/Suhas.KS/master-curriculum.md,207,composite_duplicate,c0e507afe75f84783c73c38bc554b73fed0d4c5aee68b53b8830fcf07bdf8e09,yes,no,composite_preserved_in_lossless_archive,Phase I: Acoustic Fundamentals and Signal Processing Dependencies
master,/Users/Suhas.KS/master-curriculum.md,208,composite_duplicate,0ce049452f64f1e2843e565adb88cd1a4c2e8b5405664e80c06c17cb54d9aea0,yes,no,composite_preserved_in_lossless_archive,"Before engaging with Kaldi's implementation, the underlying digital signal processing theories must be formalized. Kaldi's matrix library wrappers for BLAS and "
master,/Users/Suhas.KS/master-curriculum.md,209,composite_duplicate,6cc48c4e247bed82e295a5f738e5650a7f825c773ae73d2200cfe044753bec8f,yes,no,composite_preserved_in_lossless_archive,Phase II: Probabilistic Sequence Modeling and Hidden Markov Models
master,/Users/Suhas.KS/master-curriculum.md,210,composite_duplicate,2a9f7af90e0ab045cd09487f32dd9a09015d8d48811c95364495196cf8172a57,yes,no,composite_preserved_in_lossless_archive,"The historical architecture of Kaldi relies on the HMM-GMM framework, demanding a strict understanding of probability. The likelihood of an acoustic frame match"
master,/Users/Suhas.KS/master-curriculum.md,211,composite_duplicate,bb9b3aa27acfed5a8416fc2e132c4605844db63e77a98f6493397b2bd6298c0f,yes,no,composite_preserved_in_lossless_archive,Phase III: The Decoding Graph and Weighted Finite-State Transducers (WFSTs)
master,/Users/Suhas.KS/master-curriculum.md,212,composite_duplicate,8ab67c6481d62d6c7239643c6e2ec413225547d447f3ab04b34020ddae0e9238,yes,no,composite_preserved_in_lossless_archive,Kaldi uniquely relies on compiling against the OpenFst toolkit to handle the massive search space of continuous speech recognition. Without a deep understanding
master,/Users/Suhas.KS/master-curriculum.md,213,composite_duplicate,d073285ede81bbc748360d9ff50930b40145eff7dc4b085915be7807e23ac14a,yes,no,composite_preserved_in_lossless_archive,"1.	Automata Theory and Transducers: Acceptors vs. Transducers, determinization, minimization, and composition operations."
master,/Users/Suhas.KS/master-curriculum.md,214,composite_duplicate,5591ef3b7ce8d86b255c78b3b0b3185c3414967f01702f148db4513b4dfa4ba8,yes,no,composite_preserved_in_lossless_archive,"2.	The Lexicon and Language Models: Constructing n-gram language models, perplexity, and smoothing techniques (such as Kneser-Ney). The language model serves as"
master,/Users/Suhas.KS/master-curriculum.md,215,composite_duplicate,998788f0366207b3ae52e3fa7b470c97e27f3f19e585bd595ef5b660eccb17ab,yes,no,composite_preserved_in_lossless_archive,3.	The HCLG Graph Architecture (Kaldi Implementation):
master,/Users/Suhas.KS/master-curriculum.md,216,composite_duplicate,ed4101c3198c4bbc122bb7f2e9e52a64b14a060464b1fcda850fbb3f21756e43,yes,no,composite_preserved_in_lossless_archive,• G: The Language Model Acceptor (encoding probabilities of word sequences).
master,/Users/Suhas.KS/master-curriculum.md,217,composite_duplicate,ed73f3152e34a59036e41414f7c1904911bfa37ae2b93c7b426ee1fa563b7c3f,yes,no,composite_preserved_in_lossless_archive,• L: The Lexicon Transducer (mapping context-independent phones to words).
master,/Users/Suhas.KS/master-curriculum.md,218,composite_duplicate,9940bb5d1b2a30cf848381760fd73e28e89213f6cb88a60ff86e16717bf4eec1,yes,no,composite_preserved_in_lossless_archive,• C: The Context-Dependency Transducer (mapping context-dependent phones to context-independent phones). [1][2][3][4][5][6][7]
master,/Users/Suhas.KS/master-curriculum.md,219,composite_duplicate,e6c13e6608f8053964362b602daafd73b35978609c50b2e9331459bb53872556,yes,no,composite_preserved_in_lossless_archive,• H: The HMM Transducer (mapping HMM states to transition-ids). [1][2][3][4][5][6][7]
master,/Users/Suhas.KS/master-curriculum.md,220,composite_duplicate,d7aea13003227f6f417cd06fec3b8336219c3123a84ddcc1a5faa14a0c16abb7,yes,no,composite_preserved_in_lossless_archive,"4.	Graph Optimization: Performing H \circ C \circ L \circ G compositions. Determinization, minimization, and weight pushing applied to the decoding graph to max"
master,/Users/Suhas.KS/master-curriculum.md,221,composite_duplicate,32a0aa742a1e8c6a26898b88a7b53720c4317e60d6ee2096db66d6eb32cbcecc,yes,no,composite_preserved_in_lossless_archive,Phase IV: Deep Neural Network (DNN) Acoustic Modeling
master,/Users/Suhas.KS/master-curriculum.md,222,composite_duplicate,45cf3287331682ec50b22d5c0a7a750633e582c4523d5d7c869e35c36232cf3b,yes,no,composite_preserved_in_lossless_archive,"Modern Kaldi implementations rely on replacing GMM emission probabilities with DNN posteriors, utilizing a Hybrid DNN-HMM paradigm."
master,/Users/Suhas.KS/master-curriculum.md,223,composite_duplicate,bd6db36953c5a47ccf1aae90c60b8010481a1e9744187ad05009464939e0611e,yes,no,composite_preserved_in_lossless_archive,"Phase V: Practical Kaldi Implementation, Scripting, and Deployment"
master,/Users/Suhas.KS/master-curriculum.md,224,composite_duplicate,3defb1379644b592079c911580d4056c2c960caa18fd2ffad601fd0f647160cc,yes,no,composite_preserved_in_lossless_archive,"The final module shifts from theory to computational deployment, mirroring the workflow utilized in production and academic labs."
master,/Users/Suhas.KS/master-curriculum.md,225,composite_duplicate,2b66eb4d8c8c5da121d41663ed674044daa8d2b252cbb64d69eddb3fbc0f5e83,yes,no,composite_preserved_in_lossless_archive,Forensic Audit Verification
master,/Users/Suhas.KS/master-curriculum.md,226,composite_duplicate,0bcd478d6869d86177e2520940c1bed456a47b6356a924a2122df39d6b028e09,yes,no,composite_preserved_in_lossless_archive,"To satisfy the strict requirement for exhaustive verification, this forensic mechanism demonstrates the absolute assimilation and coverage of every requested do"
master,/Users/Suhas.KS/master-curriculum.md,227,composite_duplicate,3a5e768ee334d027c382566860e7d9d442c81838d17fb64c3fdd831a0fc7ab33,yes,no,composite_preserved_in_lossless_archive,"The audit guarantees zero omissions across the specified repository, confirming the complete integration of the source documentation and ensuring absolute compl"
master,/Users/Suhas.KS/master-curriculum.md,228,blank,e3b0c44298fc1c149afbf4c8996fb92427ae41e4649b934ca495991b7852b855,yes,no,blank_line,
master,/Users/Suhas.KS/master-curriculum.md,229,composite_duplicate,b043e3e68cf8fcf9428b66ec7b7136b8105e680529a38744e7312b51e3b2c36f,yes,no,composite_preserved_in_lossless_archive,1. https://matematicas.unex.es/~navarro/algebralineal/lax.pdf (Linear Algebra and Its Applications)
master,/Users/Suhas.KS/master-curriculum.md,230,composite_duplicate,f8d5e979f834913861314823564c41c727eb8d975e85d8ddad560ae5e85cee2b,yes,no,composite_preserved_in_lossless_archive,2. https://ftp.math.utah.edu/pub/tex/bib/toc/linala2000.html (Linear Algebra and its Applications)
master,/Users/Suhas.KS/master-curriculum.md,231,composite_duplicate,ca0fb123c3dc913f1a27fa8d826ca5a943dfe2a74d7d1db72ff300bc7a2ac4ab,yes,no,composite_preserved_in_lossless_archive,3. https://rksmvv.ac.in/wp-content/uploads/2021/04/Gilbert_Strang_Linear_Algebra_and_Its_Applicatio_230928_225121.pdf (Linear Algebra and Its Applications by Gi
master,/Users/Suhas.KS/master-curriculum.md,232,composite_duplicate,3bb8aea86fd813dce30a1fb31b288d9c3f1d594125427612d20ac0b406deac07,yes,no,composite_preserved_in_lossless_archive,4. https://broman.dev/download/Linear%20Algebra%20and%20its%20Applications%205th%20Edition.pdf (Linear Algebra - and Its Applications)
master,/Users/Suhas.KS/master-curriculum.md,233,composite_duplicate,2f65dcc5cc7832b6de0ea5098cdcea8c90b9f4ba7fe2dab7e7c4177cd7da878e,yes,no,composite_preserved_in_lossless_archive,5. https://www.researchgate.net/profile/Tadeusz-Ostrowski/post/Dear-researchers-Can-any-one-suggest-to-me-good-books-in-matrix-analysis-random-matrix-theory-lin
master,/Users/Suhas.KS/master-curriculum.md,234,composite_duplicate,b054f1353b26578315ee063d2159dee54ef635b8bd2a2d4f8cabfe917fb0c16f,yes,no,composite_preserved_in_lossless_archive,6. https://vf-tropi.com/linearalgebraanditsapplications.pdf (linearalgebraanditsapplications.pdf - vf-tropi.com)
master,/Users/Suhas.KS/master-curriculum.md,235,composite_duplicate,9f8e1ee449e3f58d3dd5201c76cd4431d3a9f08fc97ccf692d3df2c8ddb772fd,yes,no,composite_preserved_in_lossless_archive,7. https://media.catboy.camp/books/Principles%20of%20Mathematical%20Analysis%20%28Walter%20Rudin%29%20%28z-lib.org%29.pdf (PRINCIPLES OF MATHEMATICAL ANALYSIS)
master,/Users/Suhas.KS/master-curriculum.md,236,composite_duplicate,a4fb550002a4008dddcc5570518a16567ff74b7c8b30d6805c0ee73a21e013d0,yes,no,composite_preserved_in_lossless_archive,8. https://ia601308.us.archive.org/6/items/math_analysis_books/Principles%20of%20Mathematical%20Analysis%20-%20W.%20Rudin_text.pdf (Mathematical Analysis Books)
master,/Users/Suhas.KS/master-curriculum.md,237,composite_duplicate,24345a20e72bcaa5207c11ce9ce06c17b8d5e8fcaff9db3d8d7ff11b5b71b5de,yes,no,composite_preserved_in_lossless_archive,9. https://www.scribd.com/doc/113510392/Luenberger-optimzation-by-Vector-Space-Methods (Luenberger - Optimzation by Vector Space Methods | PDF | Linear Subspace
master,/Users/Suhas.KS/master-curriculum.md,238,composite_duplicate,95b90fa04d6b8fdc4196bf7c8f83a0460aafea671a7c139da3fbfd94b1a07419,yes,no,composite_preserved_in_lossless_archive,"10. https://web.stanford.edu/class/msande311/000311.pdf (MS&E 311 Handout No. 1 Optimization January 7, 2004 Prof. RW Cottle Page 1 of 8 - Stanford University)"
master,/Users/Suhas.KS/master-curriculum.md,239,blank,e3b0c44298fc1c149afbf4c8996fb92427ae41e4649b934ca495991b7852b855,yes,no,blank_line,
master,/Users/Suhas.KS/master-curriculum.md,240,composite_duplicate,d70e671a9b0ea2c4ac0787d5af51fa7af10a5493c130d5a849c66e4e10aa61c4,yes,no,composite_preserved_in_lossless_archive,Comprehensive Forensic Audit of Mathematical and Engineering CurriculaAssimilated File InventoryPrior to the initiation of the deep research and the execution o
master,/Users/Suhas.KS/master-curriculum.md,241,composite_duplicate,ada367956821ab1e95357fd22ff81d5868ca7a6a458796828944c6a9387db1b5,yes,no,composite_preserved_in_lossless_archive,"The curriculum transitions to national standards, encompassing Sets, Induction, Complex Numbers, Binomial Theorem, Conic Sections, 3D Geometry, and Mathematical"
master,/Users/Suhas.KS/master-curriculum.md,242,composite_duplicate,80bb0ba3533e1d0266b0850bcf5efffbae7b5f36b9b28b9975a49500a02fead9,yes,no,composite_preserved_in_lossless_archive,"Below is the complete, high-fidelity distillation of the technical and mathematical curriculum architecture. This deconstruction consolidates all textbooks, mat"
master,/Users/Suhas.KS/master-curriculum.md,243,blank,e3b0c44298fc1c149afbf4c8996fb92427ae41e4649b934ca495991b7852b855,yes,no,blank_line,
master,/Users/Suhas.KS/master-curriculum.md,244,composite_duplicate,d8e6ad4e7685197d0a974acf84c0dfde6a21530a4e766c196226d3a5d4492ae1,yes,no,composite_preserved_in_lossless_archive,# UNIFIED MATHEMATICAL AND TECHNICAL CURRICULUM ARCHITECTURE REFERENCE
master,/Users/Suhas.KS/master-curriculum.md,245,blank,e3b0c44298fc1c149afbf4c8996fb92427ae41e4649b934ca495991b7852b855,yes,no,blank_line,
master,/Users/Suhas.KS/master-curriculum.md,246,composite_duplicate,f85639906f5d21680536a9b32076bd709bb6a52a7843a7476ab8b9da135d3100,yes,no,composite_preserved_in_lossless_archive,# ================================================================================
master,/Users/Suhas.KS/master-curriculum.md,247,composite_duplicate,5c1f23ee0e5df0e1918b57564b8e873fc47cf0863ed6ed10ce4c7113ccb0d6cc,yes,no,composite_preserved_in_lossless_archive,SECTION I: PRIMARY CORE TEXTBOOKS & LITERATURE REFERENCE BIBLIOGRAPHY
master,/Users/Suhas.KS/master-curriculum.md,248,blank,e3b0c44298fc1c149afbf4c8996fb92427ae41e4649b934ca495991b7852b855,yes,no,blank_line,
master,/Users/Suhas.KS/master-curriculum.md,249,composite_duplicate,d99251995d84e49e72aa2938fe2a3fefd3f0e1f54d87eafa711ec95fde0ce497,yes,no,composite_preserved_in_lossless_archive,1. FOUNDATIONAL MATHEMATICS SERIES (ICSE Classes 6 to 10)
master,/Users/Suhas.KS/master-curriculum.md,250,blank,e3b0c44298fc1c149afbf4c8996fb92427ae41e4649b934ca495991b7852b855,yes,no,blank_line,
master,/Users/Suhas.KS/master-curriculum.md,251,blank,e3b0c44298fc1c149afbf4c8996fb92427ae41e4649b934ca495991b7852b855,yes,no,blank_line,
master,/Users/Suhas.KS/master-curriculum.md,252,composite_duplicate,c9e82c87b5986e509ddc16465814697cfe18bb63b0075eba6778b1deeaa4441f,yes,no,composite_preserved_in_lossless_archive,* Concise Mathematics Series (Selina Publishers) - R.K. Bansal
master,/Users/Suhas.KS/master-curriculum.md,253,composite_duplicate,63624a1619fe3b24a9ec186123ed63637452b23d90cee8f46fd791247387084a,yes,no,composite_preserved_in_lossless_archive,* Understanding ICSE Mathematics - M.L. Aggarwal
master,/Users/Suhas.KS/master-curriculum.md,254,composite_duplicate,b864265e6fc6ac6e3bf333b7e020688ab3bafd1ef1afa6278676a62ae8d4135c,yes,no,composite_preserved_in_lossless_archive,"* S. Chand’s ICSE Mathematics - O.P. Malhotra, S.K. Gupta, Anubhuti Gangal"
master,/Users/Suhas.KS/master-curriculum.md,255,composite_duplicate,137813a86c00958f8bde9a89a65e23073c48c0b305792f5f20a9284a7a2537e7,yes,no,composite_preserved_in_lossless_archive,* Frank Modern Certificate Mathematics - Nirmala Shastry
master,/Users/Suhas.KS/master-curriculum.md,256,composite_duplicate,e5170051b9858fee552007a15fe89d7ec2222bdca09f9cf0503e17fa01fa026b,yes,no,composite_preserved_in_lossless_archive,* Together With ICSE Mathematics - Rachna Sagar
master,/Users/Suhas.KS/master-curriculum.md,257,composite_duplicate,1399791aace4841e1eb823628185d165155dedf6ef726c2b4af493afe9747e65,yes,no,composite_preserved_in_lossless_archive,* Foundation Mathematics (ICSE Edition) - R.S. Aggarwal
master,/Users/Suhas.KS/master-curriculum.md,258,blank,e3b0c44298fc1c149afbf4c8996fb92427ae41e4649b934ca495991b7852b855,yes,no,blank_line,
master,/Users/Suhas.KS/master-curriculum.md,259,blank,e3b0c44298fc1c149afbf4c8996fb92427ae41e4649b934ca495991b7852b855,yes,no,blank_line,
master,/Users/Suhas.KS/master-curriculum.md,260,composite_duplicate,19b9927b41e11df928d2f965095b99347092592cfdd208f6d5c5a65d3f8a884f,yes,no,composite_preserved_in_lossless_archive,2. NCERT MATHEMATICS EDITIONS (Official 2025–2026 Academic Year)
master,/Users/Suhas.KS/master-curriculum.md,261,blank,e3b0c44298fc1c149afbf4c8996fb92427ae41e4649b934ca495991b7852b855,yes,no,blank_line,
master,/Users/Suhas.KS/master-curriculum.md,262,blank,e3b0c44298fc1c149afbf4c8996fb92427ae41e4649b934ca495991b7852b855,yes,no,blank_line,
master,/Users/Suhas.KS/master-curriculum.md,263,composite_duplicate,12ea508461091eaa298bffebb70da902373b44694ebee21c10f43917b6571757,yes,no,composite_preserved_in_lossless_archive,* Mathematics Textbook for Class XI
master,/Users/Suhas.KS/master-curriculum.md,264,composite_duplicate,afcdac6eb101f61e16318f18ecd8dd2bb8f8a4c2d10e606d72ca644db74be7a4,yes,no,composite_preserved_in_lossless_archive,* Mathematics Textbook for Class XII – Part I
master,/Users/Suhas.KS/master-curriculum.md,265,composite_duplicate,e2de3efd7813f308a56d987acf9562af2098c752569e202f90916ba18d9aaeed,yes,no,composite_preserved_in_lossless_archive,* Mathematics Textbook for Class XII – Part II
master,/Users/Suhas.KS/master-curriculum.md,266,blank,e3b0c44298fc1c149afbf4c8996fb92427ae41e4649b934ca495991b7852b855,yes,no,blank_line,
master,/Users/Suhas.KS/master-curriculum.md,267,blank,e3b0c44298fc1c149afbf4c8996fb92427ae41e4649b934ca495991b7852b855,yes,no,blank_line,
master,/Users/Suhas.KS/master-curriculum.md,268,composite_duplicate,56bd75539c797b986149bbc5b6ae4f991ffa39e7363c721ee010ae08cb718a27,yes,no,composite_preserved_in_lossless_archive,3. COMPETITIVE ENTRANCE & ADVANCED CLASSICS (JEE Main & Advanced)
master,/Users/Suhas.KS/master-curriculum.md,269,blank,e3b0c44298fc1c149afbf4c8996fb92427ae41e4649b934ca495991b7852b855,yes,no,blank_line,
master,/Users/Suhas.KS/master-curriculum.md,270,blank,e3b0c44298fc1c149afbf4c8996fb92427ae41e4649b934ca495991b7852b855,yes,no,blank_line,
master,/Users/Suhas.KS/master-curriculum.md,271,composite_duplicate,1eb331e5d54599d058e7d53467280a71a7035002f7d37852b65d081d6f1c1908,yes,no,composite_preserved_in_lossless_archive,* Higher Algebra - Hall & Knight
master,/Users/Suhas.KS/master-curriculum.md,272,composite_duplicate,9f9da415d4dd93106405962df8168deb081100d150499304f3619ebf193ff619,yes,no,composite_preserved_in_lossless_archive,* Plane Trigonometry (Part 1) - S.L. Loney
master,/Users/Suhas.KS/master-curriculum.md,273,composite_duplicate,e3d2087f5dbebb7647ff3c164213b4ab9b1e05003e145b35da53643168b8d06c,yes,no,composite_preserved_in_lossless_archive,* The Elements of Coordinate Geometry (Part 1) - S.L. Loney
master,/Users/Suhas.KS/master-curriculum.md,274,composite_duplicate,f1cd51778ed69eef2bfad7c5efe54d8a96ba7c1d197fce3519b6430b09f1cd30,yes,no,composite_preserved_in_lossless_archive,* Problems in Calculus of One Variable - I.A. Maron
master,/Users/Suhas.KS/master-curriculum.md,275,composite_duplicate,8d8f3554b267a137bfac1030f3f50c036d3a8a56497ad2e8d2566c11fc4ded32,yes,no,composite_preserved_in_lossless_archive,* Advanced Problems in Mathematics for JEE Main & Advanced - Vikas Gupta & Pankaj Joshi
master,/Users/Suhas.KS/master-curriculum.md,276,composite_duplicate,49872d2a06dfa108ad299d30828e91de6d5911812b35d674a0ffebcd078a969c,yes,no,composite_preserved_in_lossless_archive,"* Cengage Mathematics Series (5 Volumes: Algebra, Trigonometry, Coordinate Geometry, Calculus Part 1 & 2, Vectors & 3D) - G. Tewani"
master,/Users/Suhas.KS/master-curriculum.md,277,composite_duplicate,d9615f5997a1886e749a98f08ab854c935cae369ce4836e89468fb1769f55865,yes,no,composite_preserved_in_lossless_archive,* Arihant Skills in Mathematics Series (7 Volumes) - Dr. S.K. Goyal & Amit M. Agarwal
master,/Users/Suhas.KS/master-curriculum.md,278,blank,e3b0c44298fc1c149afbf4c8996fb92427ae41e4649b934ca495991b7852b855,yes,no,blank_line,
master,/Users/Suhas.KS/master-curriculum.md,279,blank,e3b0c44298fc1c149afbf4c8996fb92427ae41e4649b934ca495991b7852b855,yes,no,blank_line,
master,/Users/Suhas.KS/master-curriculum.md,280,composite_duplicate,2bcbe81e519a2b1e7ea104240f9d065fb033fcbcc35b9aef9179106cc0320681,yes,no,composite_preserved_in_lossless_archive,4. NUMBER THEORY & ADVANCED RIGOR SERIES
master,/Users/Suhas.KS/master-curriculum.md,281,blank,e3b0c44298fc1c149afbf4c8996fb92427ae41e4649b934ca495991b7852b855,yes,no,blank_line,
master,/Users/Suhas.KS/master-curriculum.md,282,blank,e3b0c44298fc1c149afbf4c8996fb92427ae41e4649b934ca495991b7852b855,yes,no,blank_line,
master,/Users/Suhas.KS/master-curriculum.md,283,composite_duplicate,bba98d3edbf0e1aa98b85fde0ccff2aed64b7b81772743fc33862e92a3b650b0,yes,no,composite_preserved_in_lossless_archive,* Elementary Number Theory (7th Edition) - David M. Burton
master,/Users/Suhas.KS/master-curriculum.md,284,composite_duplicate,1ec6a17e990209f5a1610c632fdb6f3315a0a0209fa33de2c8781d83bd7f9df1,yes,no,composite_preserved_in_lossless_archive,* A Friendly Introduction to Number Theory (4th Edition) - Joseph H. Silverman
master,/Users/Suhas.KS/master-curriculum.md,285,composite_duplicate,80d04fada4fb24aac94a914559c97ccd73605dce8e82167ca51432cd34ece03d,yes,no,composite_preserved_in_lossless_archive,* Elementary Number Theory and Its Applications - Kenneth H. Rosen
master,/Users/Suhas.KS/master-curriculum.md,286,composite_duplicate,c2673f73f0083011bb1ae7430dbee2582432ddd5468541492983ed49669cd41b,yes,no,composite_preserved_in_lossless_archive,"* An Introduction to the Theory of Numbers - Niven, Zuckerman, Montgomery"
master,/Users/Suhas.KS/master-curriculum.md,287,composite_duplicate,f23d08fc2aa23378cc55a74476b1aede8488ceee6422a8a3ad0ce42d5c633ad7,yes,no,composite_preserved_in_lossless_archive,* An Introduction to the Theory of Numbers - G.H. Hardy & E.M. Wright
master,/Users/Suhas.KS/master-curriculum.md,288,composite_duplicate,d1c0e3403bd35ea96a3297c0a2f75533d8181865bb6c45f512f3c39cb420d102,yes,no,composite_preserved_in_lossless_archive,* A Course in Arithmetic - Jean-Pierre Serre
master,/Users/Suhas.KS/master-curriculum.md,289,composite_duplicate,f1736a2890bdaf609b7cc00ccc4d16ce32493e95fb3072eecfd55027aef6fb9a,yes,no,composite_preserved_in_lossless_archive,* Introduction to Analytic Number Theory - Tom M. Apostol
master,/Users/Suhas.KS/master-curriculum.md,290,composite_duplicate,0bb475a09451d03521ac7dc302db340788fd43a59134bd44ecc0a2c2bd58e24b,yes,no,composite_preserved_in_lossless_archive,* Algebraic Number Theory - Serge Lang
master,/Users/Suhas.KS/master-curriculum.md,291,composite_duplicate,e8f4d0989d515fa2413c8026b80fc17bc7a43fd858da6a8beea88739765e4ce6,yes,no,composite_preserved_in_lossless_archive,* Elementary Number Theory in Nine Chapters - James J. Tattersall
master,/Users/Suhas.KS/master-curriculum.md,292,blank,e3b0c44298fc1c149afbf4c8996fb92427ae41e4649b934ca495991b7852b855,yes,no,blank_line,
master,/Users/Suhas.KS/master-curriculum.md,293,blank,e3b0c44298fc1c149afbf4c8996fb92427ae41e4649b934ca495991b7852b855,yes,no,blank_line,
master,/Users/Suhas.KS/master-curriculum.md,294,composite_duplicate,308388fb3bcd41c6b294f0cc47a1348977506b4a5bc1d22ebfd9a38f39229046,yes,no,composite_preserved_in_lossless_archive,"5. PROOFS, ANALYSIS, AND RIGOROUS VECTOR SPACES"
master,/Users/Suhas.KS/master-curriculum.md,295,blank,e3b0c44298fc1c149afbf4c8996fb92427ae41e4649b934ca495991b7852b855,yes,no,blank_line,
master,/Users/Suhas.KS/master-curriculum.md,296,blank,e3b0c44298fc1c149afbf4c8996fb92427ae41e4649b934ca495991b7852b855,yes,no,blank_line,
master,/Users/Suhas.KS/master-curriculum.md,297,composite_duplicate,eb336d2e8529bc4ea0b6050efd8954fb32f181c098ad47522122318d63423156,yes,no,composite_preserved_in_lossless_archive,* An Introduction to Proof via Inquiry-Based Learning - Dana C. Ernst
master,/Users/Suhas.KS/master-curriculum.md,298,composite_duplicate,818806cf4e49778e7fa3c9405084abb32b6c21798faabc753e5edbdfd71743be,yes,no,composite_preserved_in_lossless_archive,* Introduction to Proof - Ron Taylor
master,/Users/Suhas.KS/master-curriculum.md,299,composite_duplicate,409e8080d0fcf6aff7339557178a91e8e40fd2e2eb112ae64222089dc4851354,yes,no,composite_preserved_in_lossless_archive,* Notes for a Course on Proofs - Jacqueline A. Jensen-Vallin
master,/Users/Suhas.KS/master-curriculum.md,300,composite_duplicate,e5d48779542d9fa88c4bcec15f46a07618fedcb144ef48a33cd328c9948d0388,yes,no,composite_preserved_in_lossless_archive,* Mathematical Reasoning: Writing and Proof - Ted Sundstrom
master,/Users/Suhas.KS/master-curriculum.md,301,composite_duplicate,fa581b8edd7d3a02885eaa5d0f444d12487377bbd6d43963b08620118b806e09,yes,no,composite_preserved_in_lossless_archive,* Book of Proof - Richard Hammack
master,/Users/Suhas.KS/master-curriculum.md,302,composite_duplicate,81bebf4f1f67ed4faf992573aadd1b254a5c930a7a6c427efd4fb23a69bd7d15,yes,no,composite_preserved_in_lossless_archive,* An Inquiry-Based Approach to Abstract Algebra - Dana C. Ernst
master,/Users/Suhas.KS/master-curriculum.md,303,composite_duplicate,00f1ccfbc8a8da8c78b5a0ba7a04a784a3b464626c293b5feb333693306c3d46,yes,no,composite_preserved_in_lossless_archive,* Abstract Algebra: Theory and Applications - Tom Judson
master,/Users/Suhas.KS/master-curriculum.md,304,composite_duplicate,3ea4d270691dfeaf15d5b5a257d14b7105ab3b8ffb404103d7bf7248a3e24021,yes,no,composite_preserved_in_lossless_archive,* Introduction to Real Analysis - Dana C. Ernst
master,/Users/Suhas.KS/master-curriculum.md,305,composite_duplicate,0abf9c98d9712be121cd0f5b85834a5a578b8764611f36ec46cfe10301e078b5,yes,no,composite_preserved_in_lossless_archive,* Analysis - W. Ted Mahavier
master,/Users/Suhas.KS/master-curriculum.md,306,composite_duplicate,436af2d5deb65e2725b95885b225b2e5b8dc8475c860e9cbb0ca0140689cea10,yes,no,composite_preserved_in_lossless_archive,* How We Got from There to Here: A Story of Real Analysis - Eugene Boman & Robert Rogers
master,/Users/Suhas.KS/master-curriculum.md,307,composite_duplicate,c1116b9b04929778cd8d538b840be55c67770e9e2d6c958d9ef0b662b83368e2,yes,no,composite_preserved_in_lossless_archive,* Real Analysis - Gary Towsley
master,/Users/Suhas.KS/master-curriculum.md,308,composite_duplicate,48528ff0836b2bfca44a1ef01b8b96e4ad904eecc9302b0c0a2ea7a575402ef3,yes,no,composite_preserved_in_lossless_archive,* Analysis WebNotes - John Lindsay Orr
master,/Users/Suhas.KS/master-curriculum.md,309,composite_duplicate,db2ed69b5469d8837f9d98043eb552cccae8e56f0e69cad4fbcfbc15afeefc22,yes,no,composite_preserved_in_lossless_archive,"* Measure, Integration & Real Analysis - Sheldon Axler"
master,/Users/Suhas.KS/master-curriculum.md,310,composite_duplicate,40c1fbed3e96b9ac1b7ae3d8992a745dd2076c9f49a9410ae02270e4d853e763,yes,no,composite_preserved_in_lossless_archive,* Principles of Mathematical Analysis - Walter Rudin
master,/Users/Suhas.KS/master-curriculum.md,311,composite_duplicate,3e0e4acae97432e3030326681c35aca045a1809f2c8826e5ef1097dee7a74606,yes,no,composite_preserved_in_lossless_archive,* Introduction to Linear Algebra - Gilbert Strang
master,/Users/Suhas.KS/master-curriculum.md,312,composite_duplicate,c6c71e95997a7770bf05e9f9f87b1becd994afdbef1fb968390e9c052b0fe9c6,yes,no,composite_preserved_in_lossless_archive,* Statistical Inference - Casella & Berger
master,/Users/Suhas.KS/master-curriculum.md,313,blank,e3b0c44298fc1c149afbf4c8996fb92427ae41e4649b934ca495991b7852b855,yes,no,blank_line,
master,/Users/Suhas.KS/master-curriculum.md,314,blank,e3b0c44298fc1c149afbf4c8996fb92427ae41e4649b934ca495991b7852b855,yes,no,blank_line,
master,/Users/Suhas.KS/master-curriculum.md,315,blank,e3b0c44298fc1c149afbf4c8996fb92427ae41e4649b934ca495991b7852b855,yes,no,blank_line,
master,/Users/Suhas.KS/master-curriculum.md,316,blank,e3b0c44298fc1c149afbf4c8996fb92427ae41e4649b934ca495991b7852b855,yes,no,blank_line,
master,/Users/Suhas.KS/master-curriculum.md,317,composite_duplicate,7c869fe842c4333e39a7d81a4f3cae0b9338fb2a8248797d7df367f185517717,yes,no,composite_preserved_in_lossless_archive,6. GRADUATE APPLIED ENGINEERING PARADIGMS
master,/Users/Suhas.KS/master-curriculum.md,318,blank,e3b0c44298fc1c149afbf4c8996fb92427ae41e4649b934ca495991b7852b855,yes,no,blank_line,
master,/Users/Suhas.KS/master-curriculum.md,319,blank,e3b0c44298fc1c149afbf4c8996fb92427ae41e4649b934ca495991b7852b855,yes,no,blank_line,
master,/Users/Suhas.KS/master-curriculum.md,320,composite_duplicate,0089bc28a049756327ca8fa4af58252c8698f14fb623fba8d33619ffa08024b1,yes,no,composite_preserved_in_lossless_archive,* Higher Engineering Mathematics (44th/45th Edition) - B.S. Grewal
master,/Users/Suhas.KS/master-curriculum.md,321,blank,e3b0c44298fc1c149afbf4c8996fb92427ae41e4649b934ca495991b7852b855,yes,no,blank_line,
master,/Users/Suhas.KS/master-curriculum.md,322,blank,e3b0c44298fc1c149afbf4c8996fb92427ae41e4649b934ca495991b7852b855,yes,no,blank_line,
master,/Users/Suhas.KS/master-curriculum.md,323,composite_duplicate,236415e0510c560b5d4f3df1a81ff5223eed2d01e2e12785e9c5c415e15448fc,yes,no,composite_preserved_in_lossless_archive,"7. SIGNALS, COMMUNICATIONS, AND DIGITAL SIGNAL PROCESSING"
master,/Users/Suhas.KS/master-curriculum.md,324,blank,e3b0c44298fc1c149afbf4c8996fb92427ae41e4649b934ca495991b7852b855,yes,no,blank_line,
master,/Users/Suhas.KS/master-curriculum.md,325,blank,e3b0c44298fc1c149afbf4c8996fb92427ae41e4649b934ca495991b7852b855,yes,no,blank_line,
master,/Users/Suhas.KS/master-curriculum.md,326,composite_duplicate,5d1ddc1b373b9b776a78b6340684d768a6040620f728e8578f7eb3fd0a623c35,yes,no,composite_preserved_in_lossless_archive,* Signals and Systems - Alan V. Oppenheim & Alan S. Willsky
master,/Users/Suhas.KS/master-curriculum.md,327,composite_duplicate,24a6a7b9f562d7d3f1a1358417c2122886096d7764d030685267ce4f1344a5e1,yes,no,composite_preserved_in_lossless_archive,"* Digital Signal Processing: Principles, Algorithms, and Applications - John G. Proakis & Dimitris G. Manolakis"
master,/Users/Suhas.KS/master-curriculum.md,328,composite_duplicate,99f966558996d7887a2c328ac996cc17d05f02fb7fc7f285478a19ca1f578a22,yes,no,composite_preserved_in_lossless_archive,* Understanding Digital Signal Processing - Richard G. Lyons
master,/Users/Suhas.KS/master-curriculum.md,329,composite_duplicate,a322d69d6d5152949cd59e17ed20397a9dcc39042436c31e543df55f3b3aae50,yes,no,composite_preserved_in_lossless_archive,* Linear Systems and Signals - B.P. Lathi
master,/Users/Suhas.KS/master-curriculum.md,330,composite_duplicate,a522ab7123ffc819d1e5bbf71a55680857fe09ac8e9afdf5f0e3fb3c5e94f5b3,yes,no,composite_preserved_in_lossless_archive,* Discrete-Time Signal Processing - Alan V. Oppenheim & Ronald W. Schafer
master,/Users/Suhas.KS/master-curriculum.md,331,composite_duplicate,82e0527f1fc856022d84cca6ccfd98e9684c2d7dac500dbe838e3fae3933e605,yes,no,composite_preserved_in_lossless_archive,* Digital Communications - John G. Proakis & Masoud Salehi
master,/Users/Suhas.KS/master-curriculum.md,332,composite_duplicate,76a1d81f47930f7e129eb99483140f26aecc0bbb876bfefabbf39f05cbc1d1ff,yes,no,composite_preserved_in_lossless_archive,* Elements of Information Theory - Cover & Thomas
master,/Users/Suhas.KS/master-curriculum.md,333,blank,e3b0c44298fc1c149afbf4c8996fb92427ae41e4649b934ca495991b7852b855,yes,no,blank_line,
master,/Users/Suhas.KS/master-curriculum.md,334,blank,e3b0c44298fc1c149afbf4c8996fb92427ae41e4649b934ca495991b7852b855,yes,no,blank_line,
master,/Users/Suhas.KS/master-curriculum.md,335,composite_duplicate,9c7f74bdc55643ad49cc06576ff16786939c1f80fb13a05b6919e5cc974c11ba,yes,no,composite_preserved_in_lossless_archive,8. SPEECH AND WEIGHTED AUTOMATA SYSTEMS
master,/Users/Suhas.KS/master-curriculum.md,336,blank,e3b0c44298fc1c149afbf4c8996fb92427ae41e4649b934ca495991b7852b855,yes,no,blank_line,
master,/Users/Suhas.KS/master-curriculum.md,337,blank,e3b0c44298fc1c149afbf4c8996fb92427ae41e4649b934ca495991b7852b855,yes,no,blank_line,
master,/Users/Suhas.KS/master-curriculum.md,338,composite_duplicate,7173f83c9ef3f186c68f65c8f12a1050919c134a6959eb38c61811c5f19f811a,yes,no,composite_preserved_in_lossless_archive,* Fundamentals of Speech Recognition - Lawrence Rabiner & Biing-Hwang Juang
master,/Users/Suhas.KS/master-curriculum.md,339,composite_duplicate,1c05cfd8d4fd48682dc38fd41728d3c4fdaa7c6e0d7891f39ae6d49dfa72d0ff,yes,no,composite_preserved_in_lossless_archive,"* Spoken Language Processing - X. Huang, A. Acero, and H.W. Hon"
master,/Users/Suhas.KS/master-curriculum.md,340,composite_duplicate,62034a0abf758cf1f5614232bfdd188cf089cfbd426a9d47ccb9e259061ecb2f,yes,no,composite_preserved_in_lossless_archive,* Speech and Language Processing - Daniel Jurafsky & James H. Martin
master,/Users/Suhas.KS/master-curriculum.md,341,composite_duplicate,2de5a8ebf7894ea6ad13a6546bb2e42727b7550cf6646e1c7bcbfc8e54be2c62,yes,no,composite_preserved_in_lossless_archive,* OpenFst Toolkit documentation & Kaldi Graph Creation guidelines
master,/Users/Suhas.KS/master-curriculum.md,342,blank,e3b0c44298fc1c149afbf4c8996fb92427ae41e4649b934ca495991b7852b855,yes,no,blank_line,
master,/Users/Suhas.KS/master-curriculum.md,343,blank,e3b0c44298fc1c149afbf4c8996fb92427ae41e4649b934ca495991b7852b855,yes,no,blank_line,
master,/Users/Suhas.KS/master-curriculum.md,344,blank,e3b0c44298fc1c149afbf4c8996fb92427ae41e4649b934ca495991b7852b855,yes,no,blank_line,
master,/Users/Suhas.KS/master-curriculum.md,345,blank,e3b0c44298fc1c149afbf4c8996fb92427ae41e4649b934ca495991b7852b855,yes,no,blank_line,
master,/Users/Suhas.KS/master-curriculum.md,346,composite_duplicate,d82cbb06bf53c3498afb385f8278bdac218277db7c2f071f874e6d611ba4968c,yes,no,composite_preserved_in_lossless_archive,9. PRODUCTION MACHINE LEARNING & SOFTWARE ENGINEERING
master,/Users/Suhas.KS/master-curriculum.md,347,blank,e3b0c44298fc1c149afbf4c8996fb92427ae41e4649b934ca495991b7852b855,yes,no,blank_line,
master,/Users/Suhas.KS/master-curriculum.md,348,blank,e3b0c44298fc1c149afbf4c8996fb92427ae41e4649b934ca495991b7852b855,yes,no,blank_line,
master,/Users/Suhas.KS/master-curriculum.md,349,composite_duplicate,90ef699deb842adfeee9b9052abf0b4ffad4cf1165ceafea3074e9887983eded,yes,no,composite_preserved_in_lossless_archive,"* Machine Learning Design Patterns - Valliappa Lakshmanan, Sara Robinson, Michael Munn"
master,/Users/Suhas.KS/master-curriculum.md,350,composite_duplicate,543f5f64e851fe9e32fb742fc92a28e0f9db045a6e377c28dea6a3d324228c9a,yes,no,composite_preserved_in_lossless_archive,"* Software Engineering at Google - Titus Winters, Tom Manshreck, Hyrum Wright"
master,/Users/Suhas.KS/master-curriculum.md,351,composite_duplicate,60d42d24ae953b04b58472a3173a769cbf4e7e3a94938ecb80a1f5a33a7c1ec8,yes,no,composite_preserved_in_lossless_archive,* Effective Software Testing - Mauricio Aniche
master,/Users/Suhas.KS/master-curriculum.md,352,composite_duplicate,f7982f45b3f7a107ef39607ba84e0263348cf21a664194d96a9725dea8fcb31f,yes,no,composite_preserved_in_lossless_archive,* Fundamentals of Software Architecture - Mark Richards & Neal Ford
master,/Users/Suhas.KS/master-curriculum.md,353,composite_duplicate,1ba0f60e7d0cf633eadca0b5494ab9cd8d58b77a3b92793037c542d37297b608,yes,no,composite_preserved_in_lossless_archive,* Refactoring: Improving the Design of Existing Code - Martin Fowler
master,/Users/Suhas.KS/master-curriculum.md,354,composite_duplicate,4754390cdda81bf2a5db3adc7cac2e84e9feeb9f945559610a4b3ddfc1583abc,yes,no,composite_preserved_in_lossless_archive,* Google Professional Machine Learning Engineer Official Syllabus (2026 Update)
master,/Users/Suhas.KS/master-curriculum.md,355,blank,e3b0c44298fc1c149afbf4c8996fb92427ae41e4649b934ca495991b7852b855,yes,no,blank_line,
master,/Users/Suhas.KS/master-curriculum.md,356,blank,e3b0c44298fc1c149afbf4c8996fb92427ae41e4649b934ca495991b7852b855,yes,no,blank_line,
master,/Users/Suhas.KS/master-curriculum.md,357,blank,e3b0c44298fc1c149afbf4c8996fb92427ae41e4649b934ca495991b7852b855,yes,no,blank_line,
master,/Users/Suhas.KS/master-curriculum.md,358,blank,e3b0c44298fc1c149afbf4c8996fb92427ae41e4649b934ca495991b7852b855,yes,no,blank_line,
master,/Users/Suhas.KS/master-curriculum.md,359,blank,e3b0c44298fc1c149afbf4c8996fb92427ae41e4649b934ca495991b7852b855,yes,no,blank_line,
master,/Users/Suhas.KS/master-curriculum.md,360,composite_duplicate,f85639906f5d21680536a9b32076bd709bb6a52a7843a7476ab8b9da135d3100,yes,no,composite_preserved_in_lossless_archive,# ================================================================================
master,/Users/Suhas.KS/master-curriculum.md,361,composite_duplicate,077250d461f97481685214fef419d387e1e656159f4e7d88affcf7c2c1fa6e39,yes,no,composite_preserved_in_lossless_archive,SECTION II: EIGHT-TIER FULL progresSIVE CURRICULUM ARCHITECTURE
master,/Users/Suhas.KS/master-curriculum.md,362,blank,e3b0c44298fc1c149afbf4c8996fb92427ae41e4649b934ca495991b7852b855,yes,no,blank_line,
master,/Users/Suhas.KS/master-curriculum.md,363,composite_duplicate,cb3f91d54eee30e53e35b2b99905f70f169ed549fd78909d3dac2defc9ed8d3b,yes,no,composite_preserved_in_lossless_archive,---
master,/Users/Suhas.KS/master-curriculum.md,364,blank,e3b0c44298fc1c149afbf4c8996fb92427ae41e4649b934ca495991b7852b855,yes,no,blank_line,
master,/Users/Suhas.KS/master-curriculum.md,365,composite_duplicate,49c0cb6e790e4e663939f342265332191a5c3fedfb070d4488169d59a5b5fd6f,yes,no,composite_preserved_in_lossless_archive,## TIER 1: FOUNDATIONAL MATHEMATICS (ICSE Classes 6 to 10 Syllabus)
master,/Users/Suhas.KS/master-curriculum.md,366,blank,e3b0c44298fc1c149afbf4c8996fb92427ae41e4649b934ca495991b7852b855,yes,no,blank_line,
master,/Users/Suhas.KS/master-curriculum.md,367,blank,e3b0c44298fc1c149afbf4c8996fb92427ae41e4649b934ca495991b7852b855,yes,no,blank_line,
master,/Users/Suhas.KS/master-curriculum.md,368,blank,e3b0c44298fc1c149afbf4c8996fb92427ae41e4649b934ca495991b7852b855,yes,no,blank_line,
master,/Users/Suhas.KS/master-curriculum.md,369,composite_duplicate,965c06d60cded3e6ac0db5fa3a238136f34be4470978eec76aa5829582f0ae3b,yes,no,composite_preserved_in_lossless_archive,* Module M1: Foundational Arithmetic & Bases
master,/Users/Suhas.KS/master-curriculum.md,370,composite_duplicate,883fd935f50ede34cf377e7161ff61e0f9184e62eb4029c4023d6a049455019f,yes,no,composite_preserved_in_lossless_archive,"* Concepts: Number systems, base transformations, place/local values, rounding/estimation, divisibility rules, prime factorization, GCD/HCF, LCM, BODMAS."
master,/Users/Suhas.KS/master-curriculum.md,371,composite_duplicate,d85f8e52d938cdc12e5305a4d859b04a3e36661439af77d582c659347fc080ac,yes,no,composite_preserved_in_lossless_archive,"* Skills: Fast integer manipulation, prime factorization pipelines, base-10 to base-n representation."
master,/Users/Suhas.KS/master-curriculum.md,372,blank,e3b0c44298fc1c149afbf4c8996fb92427ae41e4649b934ca495991b7852b855,yes,no,blank_line,
master,/Users/Suhas.KS/master-curriculum.md,373,blank,e3b0c44298fc1c149afbf4c8996fb92427ae41e4649b934ca495991b7852b855,yes,no,blank_line,
master,/Users/Suhas.KS/master-curriculum.md,374,composite_duplicate,f64abdc29aada5be71f3a50e1d198063e95a57f4a6b195bb347b9f8e1de4f4ba,yes,no,composite_preserved_in_lossless_archive,* Module M2: Rational Fields & Real Number Lines
master,/Users/Suhas.KS/master-curriculum.md,375,composite_duplicate,171e265a8008bbd0fb82ab93a1c3834d809edf43ab90acfd97d184201cfae0f1,yes,no,composite_preserved_in_lossless_archive,"* Concepts: Field properties of rational numbers, conversion of fractions, non-terminating repeating decimals, absolute value bounds, negative numbers, real num"
master,/Users/Suhas.KS/master-curriculum.md,376,composite_duplicate,f456cb763000454a9558da84cae62e07307dd896cf9cfb16d914dfac4a55bf9b,yes,no,composite_preserved_in_lossless_archive,"* Skills: Numerical operations over Q, mapping intervals on the real line."
master,/Users/Suhas.KS/master-curriculum.md,377,blank,e3b0c44298fc1c149afbf4c8996fb92427ae41e4649b934ca495991b7852b855,yes,no,blank_line,
master,/Users/Suhas.KS/master-curriculum.md,378,blank,e3b0c44298fc1c149afbf4c8996fb92427ae41e4649b934ca495991b7852b855,yes,no,blank_line,
master,/Users/Suhas.KS/master-curriculum.md,379,composite_duplicate,8cb22eded34b0979005583ae269c71c7d4c1b54a36a0ddb0c632c3f74c0df48c,yes,no,composite_preserved_in_lossless_archive,* Module M3: Set Theoretic Foundations
master,/Users/Suhas.KS/master-curriculum.md,380,composite_duplicate,98018919edd1a2ad0565d28bf9ab152849c438756556fde7373ec2301ba4a9f5,yes,no,composite_preserved_in_lossless_archive,"* Concepts: Set definition, membership notations, Roster vs. Set-Builder representations, empty/finite/infinite sets, Cartesian product of finite sets, set oper"
master,/Users/Suhas.KS/master-curriculum.md,381,composite_duplicate,440c4754316fe3b093205eb053e1a9bdae7d0aeccc52adcfbd2fec1e8af52d03,yes,no,composite_preserved_in_lossless_archive,"* Skills: Venn diagram proofs, parsing set-builder notation in automated validation."
master,/Users/Suhas.KS/master-curriculum.md,382,blank,e3b0c44298fc1c149afbf4c8996fb92427ae41e4649b934ca495991b7852b855,yes,no,blank_line,
master,/Users/Suhas.KS/master-curriculum.md,383,blank,e3b0c44298fc1c149afbf4c8996fb92427ae41e4649b934ca495991b7852b855,yes,no,blank_line,
master,/Users/Suhas.KS/master-curriculum.md,384,composite_duplicate,ff0bbf9c4a302d72989803db469e558ae943f200cbd1602f873b5dc2b08ce245,yes,no,composite_preserved_in_lossless_archive,"* Module M4: Ratios, Proportions & Scales"
master,/Users/Suhas.KS/master-curriculum.md,385,composite_duplicate,93a7d92bf8d975b7b741597433a8ecd641ef230eca2b8dfbbcf525b97cbc078e,yes,no,composite_preserved_in_lossless_archive,"* Concepts: Unitary method, compounding ratios, continued proportions, direct/inverse variation, scale factors, properties of proportion (componendo, dividendo,"
master,/Users/Suhas.KS/master-curriculum.md,386,composite_duplicate,e88642a109b15e9246a1d0414f800bcc5a138baea0c087855e412366f0fab285,yes,no,composite_preserved_in_lossless_archive,"* Skills: Mathematical modeling of scaling factors, solving multi-variable proportional systems."
master,/Users/Suhas.KS/master-curriculum.md,387,blank,e3b0c44298fc1c149afbf4c8996fb92427ae41e4649b934ca495991b7852b855,yes,no,blank_line,
master,/Users/Suhas.KS/master-curriculum.md,388,blank,e3b0c44298fc1c149afbf4c8996fb92427ae41e4649b934ca495991b7852b855,yes,no,blank_line,
master,/Users/Suhas.KS/master-curriculum.md,389,composite_duplicate,e18850419351c3ebf0e06b57031f8953f9bf0282ba9fb3c5289a2bdeef5cb765,yes,no,composite_preserved_in_lossless_archive,* Module M5: Foundational Algebra & Expressions
master,/Users/Suhas.KS/master-curriculum.md,390,composite_duplicate,613311ad77dbca62fe974b6a6ac2172ed2739b0525d19e6ff81673a469ccdf22,yes,no,composite_preserved_in_lossless_archive,"* Concepts: Polynomial expansion identities, algebraic substitution rules, framing algebraic expressions from word problems, solving linear equations in one var"
master,/Users/Suhas.KS/master-curriculum.md,391,composite_duplicate,20b1b3594012786ace4a8e8e46cf52788d05c1aaa05df47094cf7944c6fbb81f,yes,no,composite_preserved_in_lossless_archive,"* Skills: Symbolic evaluation, simplifying complex algebraic structures."
master,/Users/Suhas.KS/master-curriculum.md,392,blank,e3b0c44298fc1c149afbf4c8996fb92427ae41e4649b934ca495991b7852b855,yes,no,blank_line,
master,/Users/Suhas.KS/master-curriculum.md,393,blank,e3b0c44298fc1c149afbf4c8996fb92427ae41e4649b934ca495991b7852b855,yes,no,blank_line,
master,/Users/Suhas.KS/master-curriculum.md,394,composite_duplicate,5f9eafcce7d1eae15b7a31a6dd0898293ddb9be2f7b79239885380ea19bbb798,yes,no,composite_preserved_in_lossless_archive,* Module M6: Linear Inequations in One Variable
master,/Users/Suhas.KS/master-curriculum.md,395,composite_duplicate,7ac91a8ff7f5a024e71699862230bdc8d725128d758df69fc683a707a72720d4,yes,no,composite_preserved_in_lossless_archive,"* Concepts: Representation of inequalities, properties of multiplication/division by negatives, interval mappings, combining multi-step inequalities, natural nu"
master,/Users/Suhas.KS/master-curriculum.md,396,composite_duplicate,846ebe354040bea136eee233bb9dd7dfe5c43d7a4b855b6e45ad09c0316a798a,yes,no,composite_preserved_in_lossless_archive,"* Skills: Numerical range masking, graphing solution intervals on coordinate paths."
master,/Users/Suhas.KS/master-curriculum.md,397,blank,e3b0c44298fc1c149afbf4c8996fb92427ae41e4649b934ca495991b7852b855,yes,no,blank_line,
master,/Users/Suhas.KS/master-curriculum.md,398,blank,e3b0c44298fc1c149afbf4c8996fb92427ae41e4649b934ca495991b7852b855,yes,no,blank_line,
master,/Users/Suhas.KS/master-curriculum.md,399,composite_duplicate,ac381e2907b9a09a881a9ac6fdeab039bcfb04db95f3af098aa54f04d821e49b,yes,no,composite_preserved_in_lossless_archive,* Module M7: Quadratic Equations & Roots
master,/Users/Suhas.KS/master-curriculum.md,400,composite_duplicate,caf1a9a9ece8bb7020e3620d89900621809f0ff6103d84503642323a5fba0471,yes,no,composite_preserved_in_lossless_archive,"* Concepts: Standard form of quadratic equation ($ax^2+bx+c=0$), discriminant analysis ($\Delta=b^2-4ac$), nature of roots, factorization by splitting the middl"
master,/Users/Suhas.KS/master-curriculum.md,401,composite_duplicate,4b5d17710c6702c06a329bb87b497e9d05b98df09befff768b49ca16a1a0ff97,yes,no,composite_preserved_in_lossless_archive,"* Skills: Root solver computation, mapping physical scenarios to quadratic variables."
master,/Users/Suhas.KS/master-curriculum.md,402,blank,e3b0c44298fc1c149afbf4c8996fb92427ae41e4649b934ca495991b7852b855,yes,no,blank_line,
master,/Users/Suhas.KS/master-curriculum.md,403,blank,e3b0c44298fc1c149afbf4c8996fb92427ae41e4649b934ca495991b7852b855,yes,no,blank_line,
master,/Users/Suhas.KS/master-curriculum.md,404,composite_duplicate,7615aa9d41d6e43e2f2cbefb9401a782907fe9c5cbc7d142fa4964b2825c0396,yes,no,composite_preserved_in_lossless_archive,* Module M8: Polynomial Factors & Remainder Theorems
master,/Users/Suhas.KS/master-curriculum.md,405,composite_duplicate,0e46db1d4b27dd9bdaba5c6486207f8196b3f3cad97b32efd9d5a756f1b9a366,yes,no,composite_preserved_in_lossless_archive,"* Concepts: Function definitions, Remainder Theorem, Factor Theorem, division algorithm for polynomials, synthetic division, factoring cubic polynomials."
master,/Users/Suhas.KS/master-curriculum.md,406,composite_duplicate,ef2f05c6270b595cc542286a748e8a70a4e8cad5b178b4292a95dea7df371ce5,yes,no,composite_preserved_in_lossless_archive,"* Skills: Synthetic division factorization, algebraic proof systems."
master,/Users/Suhas.KS/master-curriculum.md,407,blank,e3b0c44298fc1c149afbf4c8996fb92427ae41e4649b934ca495991b7852b855,yes,no,blank_line,
master,/Users/Suhas.KS/master-curriculum.md,408,blank,e3b0c44298fc1c149afbf4c8996fb92427ae41e4649b934ca495991b7852b855,yes,no,blank_line,
master,/Users/Suhas.KS/master-curriculum.md,409,composite_duplicate,15958623a858c049b74e8d3fc227fdd4abcd7f5a17dbe52f768fafad8fce475e,yes,no,composite_preserved_in_lossless_archive,* Module M9: Matrices & Linear Systems (2D)
master,/Users/Suhas.KS/master-curriculum.md,410,composite_duplicate,901391cc74621078a6a5ef90e4399b246b5df1defc22cf011955f79bffa90f5a,yes,no,composite_preserved_in_lossless_archive,"* Concepts: Order of matrices, row/column vectors, identity and null matrices, matrix addition, scalar multiplication, matrix multiplication compatibility, dete"
master,/Users/Suhas.KS/master-curriculum.md,411,composite_duplicate,a428e5c935178f3eebb13529451a33303078bb868ac04a2cd501e73f8177c29b,yes,no,composite_preserved_in_lossless_archive,"* Skills: Vectorized matrix multiply from scratch, linear equation systems in two variables."
master,/Users/Suhas.KS/master-curriculum.md,412,blank,e3b0c44298fc1c149afbf4c8996fb92427ae41e4649b934ca495991b7852b855,yes,no,blank_line,
master,/Users/Suhas.KS/master-curriculum.md,413,blank,e3b0c44298fc1c149afbf4c8996fb92427ae41e4649b934ca495991b7852b855,yes,no,blank_line,
master,/Users/Suhas.KS/master-curriculum.md,414,composite_duplicate,7b5ddaf710fb62ec702d1193e1ee780f5c5e8ffb31af416cc679e25ee7dbd353,yes,no,composite_preserved_in_lossless_archive,* Module M10: Arithmetic Progressions
master,/Users/Suhas.KS/master-curriculum.md,415,composite_duplicate,43617a4e139dd26cb8f85204b0cea20df12d8f4e04e7672702dd2c400b5e27b8,yes,no,composite_preserved_in_lossless_archive,"* Concepts: Sequence definition, general term formula ($a_n=a+(n-1)d$), sum of first $n$ terms ($S_n=\frac{n}{2}(2a+(n-1)d)$), arithmetic mean."
master,/Users/Suhas.KS/master-curriculum.md,416,composite_duplicate,ec5fcfd3c6b69d05b018f09abaa022e4f2c8256ead8e2433f410f8be2815cc78,yes,no,composite_preserved_in_lossless_archive,"* Skills: Analytical sum derivations, dynamic sequence generation."
master,/Users/Suhas.KS/master-curriculum.md,417,blank,e3b0c44298fc1c149afbf4c8996fb92427ae41e4649b934ca495991b7852b855,yes,no,blank_line,
master,/Users/Suhas.KS/master-curriculum.md,418,blank,e3b0c44298fc1c149afbf4c8996fb92427ae41e4649b934ca495991b7852b855,yes,no,blank_line,
master,/Users/Suhas.KS/master-curriculum.md,419,composite_duplicate,f57cc5e905b1840aec617d07b46834161b41c7b444a78f510d5e6583bebc3bd9,yes,no,composite_preserved_in_lossless_archive,* Module M11: Geometric Progressions
master,/Users/Suhas.KS/master-curriculum.md,420,composite_duplicate,b3bb7007929af22ad7f12b53114b6d2a0813ea60778905f17f51e36c1d76c886,yes,no,composite_preserved_in_lossless_archive,"* Concepts: Definition of G.P., general term ($a_n=ar^{n-1}$), sum of finite G.P., convergence criteria ($|r|<1$), sum of infinite geometric series ($S_{\infty}"
master,/Users/Suhas.KS/master-curriculum.md,421,composite_duplicate,d2895e129f6f70f0318bf1b382bdd62b57d4585a246815eeded3c658faa2dbb3,yes,no,composite_preserved_in_lossless_archive,"* Skills: Series evaluation, convergence boundary testing."
master,/Users/Suhas.KS/master-curriculum.md,422,blank,e3b0c44298fc1c149afbf4c8996fb92427ae41e4649b934ca495991b7852b855,yes,no,blank_line,
master,/Users/Suhas.KS/master-curriculum.md,423,blank,e3b0c44298fc1c149afbf4c8996fb92427ae41e4649b934ca495991b7852b855,yes,no,blank_line,
master,/Users/Suhas.KS/master-curriculum.md,424,composite_duplicate,9ae25d4d924452df006a3c10d2525e5e92cb4314568dcf7b12541a83ab69d101,yes,no,composite_preserved_in_lossless_archive,* Module M12: Foundational Coordinate Geometry
master,/Users/Suhas.KS/master-curriculum.md,425,composite_duplicate,2a95ccdf115cf42fdc9cdf7021ff98730575365c5335dbe1cb5baa2acae34656,yes,no,composite_preserved_in_lossless_archive,"* Concepts: Cartesian coordinate system, reflection of points across lines, section formula (internal division), mid-point formula, centroid of a triangle."
master,/Users/Suhas.KS/master-curriculum.md,426,composite_duplicate,2fbd1f353c067a99b7a381f7f74db3a1a3377844eb70c01c3227d7922eb18543,yes,no,composite_preserved_in_lossless_archive,"* Skills: Plane transformations, coordinate mapping."
master,/Users/Suhas.KS/master-curriculum.md,427,blank,e3b0c44298fc1c149afbf4c8996fb92427ae41e4649b934ca495991b7852b855,yes,no,blank_line,
master,/Users/Suhas.KS/master-curriculum.md,428,blank,e3b0c44298fc1c149afbf4c8996fb92427ae41e4649b934ca495991b7852b855,yes,no,blank_line,
master,/Users/Suhas.KS/master-curriculum.md,429,composite_duplicate,398f3e63b417ae0b88793d2265fac1867efca73ed9786da62ff03dbabe1abb0f,yes,no,composite_preserved_in_lossless_archive,* Module M13: Linear Equations in Two Variables
master,/Users/Suhas.KS/master-curriculum.md,430,composite_duplicate,07ae98487714280b8e990a3ba9c3fb48d67eccfb08351848084ce7fd299daf9b,yes,no,composite_preserved_in_lossless_archive,"* Concepts: Gradient/slope of a line, angle of inclination, slope-intercept form, point-slope form, two-point form, intercept form, conditions for parallel and "
master,/Users/Suhas.KS/master-curriculum.md,431,composite_duplicate,adc9816ed435624c802a89dd58a6629224087e71ca3fd6412ad60cf85ed7590f,yes,no,composite_preserved_in_lossless_archive,"* Skills: Vectorized slope evaluation, coordinate line intersection."
master,/Users/Suhas.KS/master-curriculum.md,432,blank,e3b0c44298fc1c149afbf4c8996fb92427ae41e4649b934ca495991b7852b855,yes,no,blank_line,
master,/Users/Suhas.KS/master-curriculum.md,433,blank,e3b0c44298fc1c149afbf4c8996fb92427ae41e4649b934ca495991b7852b855,yes,no,blank_line,
master,/Users/Suhas.KS/master-curriculum.md,434,composite_duplicate,8e692eb7c2a8f3ecb21677dcd2b9975beabc6506342866747a7b3def463d9d2e,yes,no,composite_preserved_in_lossless_archive,* Module M14: Euclidean Geometry of Triangles
master,/Users/Suhas.KS/master-curriculum.md,435,composite_duplicate,a30e6539e3a8fae6685fa13d8c5b0284854e9d892ea6182851a529aab1f47cf4,yes,no,composite_preserved_in_lossless_archive,"* Concepts: Congruency criteria, Similarity criteria (AAA, SAS, AA), Thales' Theorem (Basic Proportionality Theorem), Mid-Point Theorem, relationship between ar"
master,/Users/Suhas.KS/master-curriculum.md,436,composite_duplicate,afdf4b8d6be6a5b179d6ede56231f7e4a7abc1184ef47a175c6f8cf8043eea7f,yes,no,composite_preserved_in_lossless_archive,"* Skills: Formal geometric proofs, scale transformation mappings."
master,/Users/Suhas.KS/master-curriculum.md,437,blank,e3b0c44298fc1c149afbf4c8996fb92427ae41e4649b934ca495991b7852b855,yes,no,blank_line,
master,/Users/Suhas.KS/master-curriculum.md,438,blank,e3b0c44298fc1c149afbf4c8996fb92427ae41e4649b934ca495991b7852b855,yes,no,blank_line,
master,/Users/Suhas.KS/master-curriculum.md,439,composite_duplicate,c40dafadc56e22d412c2a8e3808d7227ac26e9b966cf293fbdf748ede1eff799,yes,no,composite_preserved_in_lossless_archive,* Module M15: Circle Geometry & Tangents
master,/Users/Suhas.KS/master-curriculum.md,440,composite_duplicate,ee96e83e45c83b5eb7f97f6b9142529d9b23fc8ebe49036d1506aca8ad093e50,yes,no,composite_preserved_in_lossless_archive,"* Concepts: Chord properties, cyclic quadrilaterals, angle properties in a segment, tangent theorems, intersecting chord theorem, secant properties, concyclic p"
master,/Users/Suhas.KS/master-curriculum.md,441,composite_duplicate,6a3c5e56ad080ca2923eea52095cb287b14ad0982e6f81be6446a22647941ec6,yes,no,composite_preserved_in_lossless_archive,"* Skills: Proof formulation for intersecting arcs, locus-based trajectory design."
master,/Users/Suhas.KS/master-curriculum.md,442,blank,e3b0c44298fc1c149afbf4c8996fb92427ae41e4649b934ca495991b7852b855,yes,no,blank_line,
master,/Users/Suhas.KS/master-curriculum.md,443,blank,e3b0c44298fc1c149afbf4c8996fb92427ae41e4649b934ca495991b7852b855,yes,no,blank_line,
master,/Users/Suhas.KS/master-curriculum.md,444,composite_duplicate,e7758bfd9c6c01ef313803092265645607e448a9dfcf4687d05f37f1ec7d438c,yes,no,composite_preserved_in_lossless_archive,* Module M16: Classical Mensuration
master,/Users/Suhas.KS/master-curriculum.md,445,composite_duplicate,1794ba0cce20bf4bd5d70cce9277bf9f7b67ce9928262106089f0d2d771322ff,yes,no,composite_preserved_in_lossless_archive,"* Concepts: Area of plane figures, surface area and volume of three-dimensional solids (cylinders, cones, spheres, hemispheres), combined shapes."
master,/Users/Suhas.KS/master-curriculum.md,446,composite_duplicate,eb43efb311daf243a04b1d0fbe6e57cd3849946116e117be911ca35481f09a6e,yes,no,composite_preserved_in_lossless_archive,"* Skills: Multi-variable volume calculations, spatial boundary analysis."
master,/Users/Suhas.KS/master-curriculum.md,447,blank,e3b0c44298fc1c149afbf4c8996fb92427ae41e4649b934ca495991b7852b855,yes,no,blank_line,
master,/Users/Suhas.KS/master-curriculum.md,448,blank,e3b0c44298fc1c149afbf4c8996fb92427ae41e4649b934ca495991b7852b855,yes,no,blank_line,
master,/Users/Suhas.KS/master-curriculum.md,449,composite_duplicate,4285e990e7c7c46dac371282e63844c292d9286a67f8df16e8aa11a41435351c,yes,no,composite_preserved_in_lossless_archive,* Module M17: Foundational Trigonometry
master,/Users/Suhas.KS/master-curriculum.md,450,composite_duplicate,f8fd5afdd4e39dac517a04bcfb67cc044b8bcb8d6daee02b700e8d945ef8839e,yes,no,composite_preserved_in_lossless_archive,"* Concepts: Trigonometrical ratios (sine, cosine, tangent, secant, cosecant, cotangent), trigonometric identities ($\sin^2\theta+\cos^2\theta=1$), height and di"
master,/Users/Suhas.KS/master-curriculum.md,451,composite_duplicate,6f8872a35c2cd72cc2561f453420e9822527dfeb87697687bf60ddfc39c58fca,yes,no,composite_preserved_in_lossless_archive,"* Skills: Triangulation algorithms, solving multi-point spatial projection."
master,/Users/Suhas.KS/master-curriculum.md,452,blank,e3b0c44298fc1c149afbf4c8996fb92427ae41e4649b934ca495991b7852b855,yes,no,blank_line,
master,/Users/Suhas.KS/master-curriculum.md,453,blank,e3b0c44298fc1c149afbf4c8996fb92427ae41e4649b934ca495991b7852b855,yes,no,blank_line,
master,/Users/Suhas.KS/master-curriculum.md,454,composite_duplicate,4f98c9cf90ce6c5db1b900161523d5b49db9b900877998c1801360ed4691c3b3,yes,no,composite_preserved_in_lossless_archive,* Module M18: Commercial Arithmetic
master,/Users/Suhas.KS/master-curriculum.md,455,composite_duplicate,7651cccffbbf1b5db91c8e783b13a3d3ce84e454ab04071213774d7e4bb72f23,yes,no,composite_preserved_in_lossless_archive,"* Concepts: Value Added Tax (VAT), Goods and Services Tax (GST) systems (CGST, SGST, IGST), Input Tax Credit (ITC) mechanism, Recurring Deposit (RD) accounts, m"
master,/Users/Suhas.KS/master-curriculum.md,456,composite_duplicate,10ff57a241566debb452fa20e3745ec045137594d37eec11650f6ef441f04dd1,yes,no,composite_preserved_in_lossless_archive,"* Skills: Financial calculation pipeline engineering, ledger auditing rules."
master,/Users/Suhas.KS/master-curriculum.md,457,blank,e3b0c44298fc1c149afbf4c8996fb92427ae41e4649b934ca495991b7852b855,yes,no,blank_line,
master,/Users/Suhas.KS/master-curriculum.md,458,blank,e3b0c44298fc1c149afbf4c8996fb92427ae41e4649b934ca495991b7852b855,yes,no,blank_line,
master,/Users/Suhas.KS/master-curriculum.md,459,blank,e3b0c44298fc1c149afbf4c8996fb92427ae41e4649b934ca495991b7852b855,yes,no,blank_line,
master,/Users/Suhas.KS/master-curriculum.md,460,composite_duplicate,cb3f91d54eee30e53e35b2b99905f70f169ed549fd78909d3dac2defc9ed8d3b,yes,no,composite_preserved_in_lossless_archive,---
master,/Users/Suhas.KS/master-curriculum.md,461,blank,e3b0c44298fc1c149afbf4c8996fb92427ae41e4649b934ca495991b7852b855,yes,no,blank_line,
master,/Users/Suhas.KS/master-curriculum.md,462,composite_duplicate,9bbe375bfffbbb3d939a69417e9dbbdb031f8b3ed10cef1d4c72c03580b4dca5,yes,no,composite_preserved_in_lossless_archive,## TIER 2: SENIOR SECONDARY & COMPETITIVE ENTRANCE LEVEL (Classes 11-12 & JEE)
master,/Users/Suhas.KS/master-curriculum.md,463,blank,e3b0c44298fc1c149afbf4c8996fb92427ae41e4649b934ca495991b7852b855,yes,no,blank_line,
master,/Users/Suhas.KS/master-curriculum.md,464,blank,e3b0c44298fc1c149afbf4c8996fb92427ae41e4649b934ca495991b7852b855,yes,no,blank_line,
master,/Users/Suhas.KS/master-curriculum.md,465,blank,e3b0c44298fc1c149afbf4c8996fb92427ae41e4649b934ca495991b7852b855,yes,no,blank_line,
master,/Users/Suhas.KS/master-curriculum.md,466,composite_duplicate,b6ba10aad2685adaef4923672302325ea1503941742e55d0bcd0cae91786512c,yes,no,composite_preserved_in_lossless_archive,"* Module M19: Relations, Equivalence & Function Maps"
master,/Users/Suhas.KS/master-curriculum.md,467,composite_duplicate,63701a16cd802c61678f61a1c4661adb6af49914eec1f9e000e2738a9e671ed1,yes,no,composite_preserved_in_lossless_archive,"* Concepts: Cartesian products, equivalence relations, equivalence classes, domain, codomain, range, injective (one-to-one), surjective (onto), bijective, compo"
master,/Users/Suhas.KS/master-curriculum.md,468,composite_duplicate,5db764da2214ae9d49aae3898b29d9cd62aaf466cb1e4b332c8297243beb0112,yes,no,composite_preserved_in_lossless_archive,"* Skills: Mapping operations, functional analysis, domain restriction proofs."
master,/Users/Suhas.KS/master-curriculum.md,469,blank,e3b0c44298fc1c149afbf4c8996fb92427ae41e4649b934ca495991b7852b855,yes,no,blank_line,
master,/Users/Suhas.KS/master-curriculum.md,470,blank,e3b0c44298fc1c149afbf4c8996fb92427ae41e4649b934ca495991b7852b855,yes,no,blank_line,
master,/Users/Suhas.KS/master-curriculum.md,471,composite_duplicate,13ac68267ea6ea93eff20e1418a9efb14e9f9ebc3e768f2787211f765a9764f9,yes,no,composite_preserved_in_lossless_archive,* Module M20: Complex Fields & Roots of Unity
master,/Users/Suhas.KS/master-curriculum.md,472,composite_duplicate,3f42c0e5bad980031376e826a531db6bbdd035642ee09aa46b418f2a5f2ebcdf,yes,no,composite_preserved_in_lossless_archive,"* Concepts: Complex numbers as an algebraic field, conjugate arithmetic, polar representation, Euler form ($e^{j\theta}$), properties of modulus and principal a"
master,/Users/Suhas.KS/master-curriculum.md,473,composite_duplicate,3a9267e32ec32512646e2a28f3dd4ce544524af3185d9daf99cfcbc118569d77,yes,no,composite_preserved_in_lossless_archive,"* Skills: Solving complex polynomial equations, mapping geometric transformations in the complex plane."
master,/Users/Suhas.KS/master-curriculum.md,474,blank,e3b0c44298fc1c149afbf4c8996fb92427ae41e4649b934ca495991b7852b855,yes,no,blank_line,
master,/Users/Suhas.KS/master-curriculum.md,475,blank,e3b0c44298fc1c149afbf4c8996fb92427ae41e4649b934ca495991b7852b855,yes,no,blank_line,
master,/Users/Suhas.KS/master-curriculum.md,476,composite_duplicate,b04212baa3dc23eaebcf7a31a1cd7780aed1cb9c859b7624f15dca9a8bd22a16,yes,no,composite_preserved_in_lossless_archive,* Module M21: Combinatorics & Permutations
master,/Users/Suhas.KS/master-curriculum.md,477,composite_duplicate,6605aa3f1e3bb61b55556722832894186d253644086d993c44f23f7202aac20c,yes,no,composite_preserved_in_lossless_archive,"* Concepts: Fundamental counting principle, permutations with/without repetition, circular permutations, combinations, selection with constraints, partition of "
master,/Users/Suhas.KS/master-curriculum.md,478,composite_duplicate,78a82211ed798a53d9405385c214fa048a835d2b865ddd37db94be33638547ab,yes,no,composite_preserved_in_lossless_archive,"* Skills: Rigorous selection analysis, combinatoric calculation."
master,/Users/Suhas.KS/master-curriculum.md,479,blank,e3b0c44298fc1c149afbf4c8996fb92427ae41e4649b934ca495991b7852b855,yes,no,blank_line,
master,/Users/Suhas.KS/master-curriculum.md,480,blank,e3b0c44298fc1c149afbf4c8996fb92427ae41e4649b934ca495991b7852b855,yes,no,blank_line,
master,/Users/Suhas.KS/master-curriculum.md,481,composite_duplicate,b94cf198dd6355ad8bac2768a6c3f3154b0123c832e61ab9b6c2b82156864aa5,yes,no,composite_preserved_in_lossless_archive,* Module M22: Binomial & Multinomial Theorems
master,/Users/Suhas.KS/master-curriculum.md,482,composite_duplicate,fcd5c790504538a7394839a17427387b9a0965f439a472eda00e5ae9e14f4157,yes,no,composite_preserved_in_lossless_archive,"* Concepts: Binomial expansion for a positive integral index, general term, middle terms, properties and relations of binomial coefficients, multinomial expansi"
master,/Users/Suhas.KS/master-curriculum.md,483,composite_duplicate,5167bb2c355e0ad3dd28b94f86faa6cab0abdf219a2e2bfcab764bf87db3b5d5,yes,no,composite_preserved_in_lossless_archive,"* Skills: Polynomial expansion pipelines, binomial coefficient estimation."
master,/Users/Suhas.KS/master-curriculum.md,484,blank,e3b0c44298fc1c149afbf4c8996fb92427ae41e4649b934ca495991b7852b855,yes,no,blank_line,
master,/Users/Suhas.KS/master-curriculum.md,485,blank,e3b0c44298fc1c149afbf4c8996fb92427ae41e4649b934ca495991b7852b855,yes,no,blank_line,
master,/Users/Suhas.KS/master-curriculum.md,486,composite_duplicate,dd53ed763c0782b481ae0e4215ee985641e5339aff403b8888c6706f9c65b8e9,yes,no,composite_preserved_in_lossless_archive,* Module M23: Plane Trigonometry & Equations
master,/Users/Suhas.KS/master-curriculum.md,487,composite_duplicate,3e94bae427817624c35f9e282810efbcfd323a1fbd327e23f98c2bb0da049563,yes,no,composite_preserved_in_lossless_archive,"* Concepts: Periodic graphs of trigonometric functions, addition/subtraction formulas, multiple and sub-multiple angle equations, general solutions of trigonome"
master,/Users/Suhas.KS/master-curriculum.md,488,composite_duplicate,91b39e5eba7c90091aef5e35f79306ddf8c7ec87f0ac776a8e76564eaa82eec8,yes,no,composite_preserved_in_lossless_archive,"* Skills: Solving complex trigonometric equations, phase modeling."
master,/Users/Suhas.KS/master-curriculum.md,489,blank,e3b0c44298fc1c149afbf4c8996fb92427ae41e4649b934ca495991b7852b855,yes,no,blank_line,
master,/Users/Suhas.KS/master-curriculum.md,490,blank,e3b0c44298fc1c149afbf4c8996fb92427ae41e4649b934ca495991b7852b855,yes,no,blank_line,
master,/Users/Suhas.KS/master-curriculum.md,491,composite_duplicate,89e9e0862e3f1f41af2fa60d9e7c9b76c5f290e7c0ce0ac37c00b8fe6773bc1b,yes,no,composite_preserved_in_lossless_archive,* Module M24: Advanced Coordinate Geometry: Circle
master,/Users/Suhas.KS/master-curriculum.md,492,composite_duplicate,e7c8632c369e2f43c986d808e44248e0e55431cb127a02f7c82a8d36504b7371,yes,no,composite_preserved_in_lossless_archive,"* Concepts: General second-degree equation, circle representation, parametric equations, tangent and normal equations, chord of contact, director circle, orthog"
master,/Users/Suhas.KS/master-curriculum.md,493,composite_duplicate,ff903aad304d097897d074a43ecbc6977323900e8ce5be0a1385023abccf1ef3,yes,no,composite_preserved_in_lossless_archive,"* Skills: Conic intersection analysis, spatial distance checks."
master,/Users/Suhas.KS/master-curriculum.md,494,blank,e3b0c44298fc1c149afbf4c8996fb92427ae41e4649b934ca495991b7852b855,yes,no,blank_line,
master,/Users/Suhas.KS/master-curriculum.md,495,blank,e3b0c44298fc1c149afbf4c8996fb92427ae41e4649b934ca495991b7852b855,yes,no,blank_line,
master,/Users/Suhas.KS/master-curriculum.md,496,composite_duplicate,fbd680c4b6e436d8a2d2b2d22228c79c0729de650eb2d639c463917f2c1d6591,yes,no,composite_preserved_in_lossless_archive,* Module M25: Conic Sections & Intersections
master,/Users/Suhas.KS/master-curriculum.md,497,composite_duplicate,3dfad7c0fa6ea2cc40172adc0526f953f769f5cdeaba09dadf63aac83945dbb5,yes,no,composite_preserved_in_lossless_archive,"* Concepts: Eccentricity-focus-directrix definitions, standard equations and properties of parabola, ellipse, and hyperbola, auxiliary circles, asymptotes, tang"
master,/Users/Suhas.KS/master-curriculum.md,498,composite_duplicate,5ac43e4980fbe16d2d54593b273ec8ccef38d81d2d85bfc456b7c330fb6f515f,yes,no,composite_preserved_in_lossless_archive,* Skills: Boundary tracking for conic trajectories.
master,/Users/Suhas.KS/master-curriculum.md,499,blank,e3b0c44298fc1c149afbf4c8996fb92427ae41e4649b934ca495991b7852b855,yes,no,blank_line,
master,/Users/Suhas.KS/master-curriculum.md,500,blank,e3b0c44298fc1c149afbf4c8996fb92427ae41e4649b934ca495991b7852b855,yes,no,blank_line,
master,/Users/Suhas.KS/master-curriculum.md,501,composite_duplicate,1eb38efc25b10bd3784a8dde018cc8222cad7124b0bbbb3298e916aab2835e7a,yes,no,composite_preserved_in_lossless_archive,"* Module M26: Matrices, Determinants & Cramer's Rule"
master,/Users/Suhas.KS/master-curriculum.md,502,composite_duplicate,f75a268eb4050d675cf59a6e15500688525acd391eb9481cdf0c25058692be79,yes,no,composite_preserved_in_lossless_archive,"* Concepts: Determinants of order 3, transpose of a matrix, adjoint of a matrix, inverse matrix calculations, row and column transformations, diagonal, symmetri"
master,/Users/Suhas.KS/master-curriculum.md,503,composite_duplicate,949a24b7dd6f760f4794850368580e5e0b65d5f3f575f1d174ac12e79ed06384,yes,no,composite_preserved_in_lossless_archive,"* Skills: Solver execution, matrix property verification."
master,/Users/Suhas.KS/master-curriculum.md,504,blank,e3b0c44298fc1c149afbf4c8996fb92427ae41e4649b934ca495991b7852b855,yes,no,blank_line,
master,/Users/Suhas.KS/master-curriculum.md,505,blank,e3b0c44298fc1c149afbf4c8996fb92427ae41e4649b934ca495991b7852b855,yes,no,blank_line,
master,/Users/Suhas.KS/master-curriculum.md,506,composite_duplicate,4b32d554969a5dc916f96496cec68d131b01f9dd102d4a0c329258e1ffafc8d9,yes,no,composite_preserved_in_lossless_archive,* Module M27: Vector Algebra & Triple Products
master,/Users/Suhas.KS/master-curriculum.md,507,composite_duplicate,ab56596099d2a999f58eff6e8ef963330d0e88b92cc6d6767ae0260ddd563e73,yes,no,composite_preserved_in_lossless_archive,"* Concepts: Direction cosines and direction ratios, scalar (dot) and vector (cross) products of vectors, scalar triple product ($[a, b, c]$), vector triple prod"
master,/Users/Suhas.KS/master-curriculum.md,508,composite_duplicate,6c0dade77d889251778bcf493c28a921a25d9a624da3b452583b50d12699a8e3,yes,no,composite_preserved_in_lossless_archive,"* Skills: Vectorized 3D space operations, geometric projection."
master,/Users/Suhas.KS/master-curriculum.md,509,blank,e3b0c44298fc1c149afbf4c8996fb92427ae41e4649b934ca495991b7852b855,yes,no,blank_line,
master,/Users/Suhas.KS/master-curriculum.md,510,blank,e3b0c44298fc1c149afbf4c8996fb92427ae41e4649b934ca495991b7852b855,yes,no,blank_line,
master,/Users/Suhas.KS/master-curriculum.md,511,composite_duplicate,bf238b3b29324b8b5e4f3d78a2a112fbe9e2d7cd82a78b485bc2387a895da74e,yes,no,composite_preserved_in_lossless_archive,* Module M28: Three-Dimensional Coordinate Space
master,/Users/Suhas.KS/master-curriculum.md,512,composite_duplicate,1cf905e7915ad7e089d15ed90b8853a942e5704d0d5ea51ef1f20c9c9ce90985,yes,no,composite_preserved_in_lossless_archive,"* Concepts: Shortest distance between skew lines, symmetrical/unsymmetrical forms of lines, equations of planes, angles between lines/planes, distance of a poin"
master,/Users/Suhas.KS/master-curriculum.md,513,composite_duplicate,d68ce5bb226428abda049eb61266416b210dff2594251ae9b364c956c354278e,yes,no,composite_preserved_in_lossless_archive,"* Skills: 3D collision detection, coordinate projection mappings."
master,/Users/Suhas.KS/master-curriculum.md,514,blank,e3b0c44298fc1c149afbf4c8996fb92427ae41e4649b934ca495991b7852b855,yes,no,blank_line,
master,/Users/Suhas.KS/master-curriculum.md,515,blank,e3b0c44298fc1c149afbf4c8996fb92427ae41e4649b934ca495991b7852b855,yes,no,blank_line,
master,/Users/Suhas.KS/master-curriculum.md,516,composite_duplicate,befc2cb9a4fdb55add6c69d6424d1f745fcb0f5b57dc17381c859482db99a007,yes,no,composite_preserved_in_lossless_archive,* Module M29: Real Limits & Continuity
master,/Users/Suhas.KS/master-curriculum.md,517,composite_duplicate,7127c0e73ca96254eebd5eb3ef8d5bdfea00e04705b5149109c9185885de7839,yes,no,composite_preserved_in_lossless_archive,"* Concepts: Epsilon-delta ($\epsilon$-$\delta$) limit definitions, limit properties, continuous properties, Intermediate Value Theorem, indeterminate forms, L'H"
master,/Users/Suhas.KS/master-curriculum.md,518,composite_duplicate,e3e45b3e340ea46e1f74b00fc9f689af8fa3efb10bee2c494525ad38c0cc4258,yes,no,composite_preserved_in_lossless_archive,"* Skills: Analytical convergence checks, handling boundary conditions."
master,/Users/Suhas.KS/master-curriculum.md,519,blank,e3b0c44298fc1c149afbf4c8996fb92427ae41e4649b934ca495991b7852b855,yes,no,blank_line,
master,/Users/Suhas.KS/master-curriculum.md,520,blank,e3b0c44298fc1c149afbf4c8996fb92427ae41e4649b934ca495991b7852b855,yes,no,blank_line,
master,/Users/Suhas.KS/master-curriculum.md,521,composite_duplicate,da2b8f6fc90580ed74788e89c3b14a95f08a58807dff6dc14b1861aaaa28ce60,yes,no,composite_preserved_in_lossless_archive,* Module M30: Differential Calculus & Implicit Forms
master,/Users/Suhas.KS/master-curriculum.md,522,composite_duplicate,d43ce97669b71723bc2a97756d7dda3d162a2f3f43252b03e90cff51be9b8c28,yes,no,composite_preserved_in_lossless_archive,"* Concepts: Derivative from first principles, derivative rules (product, quotient, chain rule), implicit differentiation, derivatives of implicit and parametric"
master,/Users/Suhas.KS/master-curriculum.md,523,composite_duplicate,f1431688d443ade17c7e717ea39e3acd120be2d0a8284ec639ffbc10800642ab,yes,no,composite_preserved_in_lossless_archive,* Skills: Implementing custom numerical finite-difference gradient kernels.
master,/Users/Suhas.KS/master-curriculum.md,524,blank,e3b0c44298fc1c149afbf4c8996fb92427ae41e4649b934ca495991b7852b855,yes,no,blank_line,
master,/Users/Suhas.KS/master-curriculum.md,525,blank,e3b0c44298fc1c149afbf4c8996fb92427ae41e4649b934ca495991b7852b855,yes,no,blank_line,
master,/Users/Suhas.KS/master-curriculum.md,526,composite_duplicate,9a4f4f9fbc057c7cb674e9ee7e6c5daf20ed76aabed0459ea8638888d8a1d91a,yes,no,composite_preserved_in_lossless_archive,* Module M31: Application of Derivatives
master,/Users/Suhas.KS/master-curriculum.md,527,composite_duplicate,8843660eaf9f47cfeb43f0978d70ec5765c5ae2ade3d3794c99cb3cc6a1b6869,yes,no,composite_preserved_in_lossless_archive,"* Concepts: Rate of change, tangents and normals, Rolle's and Lagrange's Mean Value Theorems, monotonicity (increasing/decreasing), optimization (local/absolute"
master,/Users/Suhas.KS/master-curriculum.md,528,composite_duplicate,09e502594ec229cf90755e5b35e1a11f62078171e8bb754ea2d804130f2aaf7f,yes,no,composite_preserved_in_lossless_archive,"* Skills: Single-variable optimization, numerical derivative tracking."
master,/Users/Suhas.KS/master-curriculum.md,529,blank,e3b0c44298fc1c149afbf4c8996fb92427ae41e4649b934ca495991b7852b855,yes,no,blank_line,
master,/Users/Suhas.KS/master-curriculum.md,530,blank,e3b0c44298fc1c149afbf4c8996fb92427ae41e4649b934ca495991b7852b855,yes,no,blank_line,
master,/Users/Suhas.KS/master-curriculum.md,531,composite_duplicate,ccdf02b1ddd0f6000d7db519c75569a3bdc6f76af7e82266d776ce9f7bb76070,yes,no,composite_preserved_in_lossless_archive,* Module M32: Indefinite and Definite Integration
master,/Users/Suhas.KS/master-curriculum.md,532,composite_duplicate,e392ccf6b77ee00825b06ce2700e0b9cfb9295913548dbc34bf59b6b06629988,yes,no,composite_preserved_in_lossless_archive,"* Concepts: Anti-derivatives, integration methods (substitution, by parts, partial fractions), definite integrals as limit of Riemann sums, fundamental theorems"
master,/Users/Suhas.KS/master-curriculum.md,533,composite_duplicate,d5ee7204525f38c4f9696edf148274609ed1ba158f6e6494e9fb389548f1a48b,yes,no,composite_preserved_in_lossless_archive,"* Skills: Numerical integration engine design, symbolic integration mapping."
master,/Users/Suhas.KS/master-curriculum.md,534,blank,e3b0c44298fc1c149afbf4c8996fb92427ae41e4649b934ca495991b7852b855,yes,no,blank_line,
master,/Users/Suhas.KS/master-curriculum.md,535,blank,e3b0c44298fc1c149afbf4c8996fb92427ae41e4649b934ca495991b7852b855,yes,no,blank_line,
master,/Users/Suhas.KS/master-curriculum.md,536,composite_duplicate,a83cd9501e001d796eadedf60437df082076263ddec64f4977dcb16a09d7681e,yes,no,composite_preserved_in_lossless_archive,* Module M33: Application of Integrals
master,/Users/Suhas.KS/master-curriculum.md,537,composite_duplicate,23f64da2c640f80263a3cd69d14f601a6cf0f259601bd9f7ba7f608fe81cb455,yes,no,composite_preserved_in_lossless_archive,"* Concepts: Area bounded by standard curves, area between intersection of circles/conics, symmetric area evaluations."
master,/Users/Suhas.KS/master-curriculum.md,538,composite_duplicate,ae02b291f2fcd064886b7351421df99a5678ee4349184300d16fa0ba87d573b2,yes,no,composite_preserved_in_lossless_archive,* Skills: High-precision area calculations via numerical quadratures.
master,/Users/Suhas.KS/master-curriculum.md,539,blank,e3b0c44298fc1c149afbf4c8996fb92427ae41e4649b934ca495991b7852b855,yes,no,blank_line,
master,/Users/Suhas.KS/master-curriculum.md,540,blank,e3b0c44298fc1c149afbf4c8996fb92427ae41e4649b934ca495991b7852b855,yes,no,blank_line,
master,/Users/Suhas.KS/master-curriculum.md,541,composite_duplicate,a4ba4ae14fe0db1352a78a9427978a9412ab8dfb0af7e3b37f66f5d59bdf60f5,yes,no,composite_preserved_in_lossless_archive,* Module M34: Ordinary Differential Equations
master,/Users/Suhas.KS/master-curriculum.md,542,composite_duplicate,e4abe4564a961300a4e30387c4a6bbc406cee7026d8baefcbebb19fbd395063d,yes,no,composite_preserved_in_lossless_archive,"* Concepts: Definition, order, degree, formation of ODEs, variables separable method, homogeneous first-order differential equations, linear first-order differe"
master,/Users/Suhas.KS/master-curriculum.md,543,composite_duplicate,291893eb2452f754c1565404c5ca84c03b2099d78179814d53cc381fef13e6f6,yes,no,composite_preserved_in_lossless_archive,* Skills: Initial-value numerical solvers.
master,/Users/Suhas.KS/master-curriculum.md,544,blank,e3b0c44298fc1c149afbf4c8996fb92427ae41e4649b934ca495991b7852b855,yes,no,blank_line,
master,/Users/Suhas.KS/master-curriculum.md,545,blank,e3b0c44298fc1c149afbf4c8996fb92427ae41e4649b934ca495991b7852b855,yes,no,blank_line,
master,/Users/Suhas.KS/master-curriculum.md,546,blank,e3b0c44298fc1c149afbf4c8996fb92427ae41e4649b934ca495991b7852b855,yes,no,blank_line,
master,/Users/Suhas.KS/master-curriculum.md,547,composite_duplicate,cb3f91d54eee30e53e35b2b99905f70f169ed549fd78909d3dac2defc9ed8d3b,yes,no,composite_preserved_in_lossless_archive,---
master,/Users/Suhas.KS/master-curriculum.md,548,blank,e3b0c44298fc1c149afbf4c8996fb92427ae41e4649b934ca495991b7852b855,yes,no,blank_line,
master,/Users/Suhas.KS/master-curriculum.md,549,composite_duplicate,9bcf2eb7c92d1b38c7213f8afc9708ecc3aa050c34f6b84ec720bd8b4790bf8d,yes,no,composite_preserved_in_lossless_archive,## TIER 3: UNDERGRADUATE ENGINEERING MATHEMATICS (B.S. Grewal Paradigm)
master,/Users/Suhas.KS/master-curriculum.md,550,blank,e3b0c44298fc1c149afbf4c8996fb92427ae41e4649b934ca495991b7852b855,yes,no,blank_line,
master,/Users/Suhas.KS/master-curriculum.md,551,blank,e3b0c44298fc1c149afbf4c8996fb92427ae41e4649b934ca495991b7852b855,yes,no,blank_line,
master,/Users/Suhas.KS/master-curriculum.md,552,blank,e3b0c44298fc1c149afbf4c8996fb92427ae41e4649b934ca495991b7852b855,yes,no,blank_line,
master,/Users/Suhas.KS/master-curriculum.md,553,composite_duplicate,09126bccabced6771f5019db3197ed614e6e588332011bd6f1b4b9c263a0fd0f,yes,no,composite_preserved_in_lossless_archive,* Module M35: Ordinary & Partial Differential Systems
master,/Users/Suhas.KS/master-curriculum.md,554,composite_duplicate,1a5fbe9f06d9e65804251f6fd89e0365291ff0b84f5632369b78e618a12727d3,yes,no,composite_preserved_in_lossless_archive,"* Concepts: Linear ODEs with constant coefficients, series solutions of differential equations, Bessel and Legendre functions, special functions (Beta and Gamma"
master,/Users/Suhas.KS/master-curriculum.md,555,composite_duplicate,a35b17f89cddfd44767d4413e31891849aa31c8f104ad79ea1a3cda6f4717e56,yes,no,composite_preserved_in_lossless_archive,"* Skills: Differential system modeling, series approximation calculations."
master,/Users/Suhas.KS/master-curriculum.md,556,blank,e3b0c44298fc1c149afbf4c8996fb92427ae41e4649b934ca495991b7852b855,yes,no,blank_line,
master,/Users/Suhas.KS/master-curriculum.md,557,blank,e3b0c44298fc1c149afbf4c8996fb92427ae41e4649b934ca495991b7852b855,yes,no,blank_line,
master,/Users/Suhas.KS/master-curriculum.md,558,composite_duplicate,79a6f5b565ef9d59dbd9b2c2cbbb5d5c8ea2fd90d8536e3387d6aa10f686cde1,yes,no,composite_preserved_in_lossless_archive,* Module M36: Advanced Transform Calculus
master,/Users/Suhas.KS/master-curriculum.md,559,composite_duplicate,62d45e31b63653f3e9d0495662d4be855bf12d69c4a9d2f56aebc94e92a0b8b5,yes,no,composite_preserved_in_lossless_archive,"* Concepts: Laplace transforms and properties, inverse Laplace transforms, Convolution Theorem, Fourier series, Fourier integrals, Fourier transforms, discrete "
master,/Users/Suhas.KS/master-curriculum.md,560,composite_duplicate,402748042ced475747b7fc3c8030da932acf1c6938ce24106c4296d2d888cd4a,yes,no,composite_preserved_in_lossless_archive,"* Skills: Frequency-domain analysis, system transfer function calculations."
master,/Users/Suhas.KS/master-curriculum.md,561,blank,e3b0c44298fc1c149afbf4c8996fb92427ae41e4649b934ca495991b7852b855,yes,no,blank_line,
master,/Users/Suhas.KS/master-curriculum.md,562,blank,e3b0c44298fc1c149afbf4c8996fb92427ae41e4649b934ca495991b7852b855,yes,no,blank_line,
master,/Users/Suhas.KS/master-curriculum.md,563,composite_duplicate,381ca44cdc0081ecf9d12e06a875cddd0bf7b49420fef31995386d0d13b88124,yes,no,composite_preserved_in_lossless_archive,* Module M37: Numerical Methods & Difference Equations
master,/Users/Suhas.KS/master-curriculum.md,564,composite_duplicate,d5e6ec97abb053de76ea84aa06eac315fd3e28c425fbe687637c7a56db0ae19f,yes,no,composite_preserved_in_lossless_archive,"* Concepts: Curve-fitting, finite differences, interpolation formulas, numerical differentiation/integration, numerical solvers for ODEs/PDEs (Euler, Runge-Kutt"
master,/Users/Suhas.KS/master-curriculum.md,565,composite_duplicate,e9beaf816e3ef582762c69cd87429cb080a7464bef7f79ef1c9f90b0472b7a78,yes,no,composite_preserved_in_lossless_archive,"* Skills: Matrix-free numerical computation, error propagation modeling."
master,/Users/Suhas.KS/master-curriculum.md,566,blank,e3b0c44298fc1c149afbf4c8996fb92427ae41e4649b934ca495991b7852b855,yes,no,blank_line,
master,/Users/Suhas.KS/master-curriculum.md,567,blank,e3b0c44298fc1c149afbf4c8996fb92427ae41e4649b934ca495991b7852b855,yes,no,blank_line,
master,/Users/Suhas.KS/master-curriculum.md,568,blank,e3b0c44298fc1c149afbf4c8996fb92427ae41e4649b934ca495991b7852b855,yes,no,blank_line,
master,/Users/Suhas.KS/master-curriculum.md,569,composite_duplicate,cb3f91d54eee30e53e35b2b99905f70f169ed549fd78909d3dac2defc9ed8d3b,yes,no,composite_preserved_in_lossless_archive,---
master,/Users/Suhas.KS/master-curriculum.md,570,blank,e3b0c44298fc1c149afbf4c8996fb92427ae41e4649b934ca495991b7852b855,yes,no,blank_line,
master,/Users/Suhas.KS/master-curriculum.md,571,composite_duplicate,92802c50fc9b3793cf11fb1c55a0bf96841df59fd72924692c20d56f56e0feda,yes,no,composite_preserved_in_lossless_archive,## TIER 4: GRADUATE-LEVEL RIGOR & ALGORITHMIC VALIDATION (Proof to Python Track)
master,/Users/Suhas.KS/master-curriculum.md,572,blank,e3b0c44298fc1c149afbf4c8996fb92427ae41e4649b934ca495991b7852b855,yes,no,blank_line,
master,/Users/Suhas.KS/master-curriculum.md,573,blank,e3b0c44298fc1c149afbf4c8996fb92427ae41e4649b934ca495991b7852b855,yes,no,blank_line,
master,/Users/Suhas.KS/master-curriculum.md,574,blank,e3b0c44298fc1c149afbf4c8996fb92427ae41e4649b934ca495991b7852b855,yes,no,blank_line,
master,/Users/Suhas.KS/master-curriculum.md,575,composite_duplicate,26ec590cb7de9024ba48ac1f1f5b3657b07392a6ad735274915ad6fd432c40e0,yes,no,composite_preserved_in_lossless_archive,* Module M38: Topological Real Analysis
master,/Users/Suhas.KS/master-curriculum.md,576,composite_duplicate,24638c175d77167c7bb40122e6d0fe578881090d7b38dffce737a9610b16eb1b,yes,no,composite_preserved_in_lossless_archive,"* Concepts: Metric spaces, open/closed sets, limit points, Cauchy sequences, completeness, compactness (Heine-Borel theorem), continuous mappings on metric spac"
master,/Users/Suhas.KS/master-curriculum.md,577,composite_duplicate,014ef40cda64ad58903a91e30d1721a3302db248e47eda1b43f2bcc8bf1b0364,yes,no,composite_preserved_in_lossless_archive,"* Skills: Constructive proofs, formal validation of metric boundaries in Python."
master,/Users/Suhas.KS/master-curriculum.md,578,blank,e3b0c44298fc1c149afbf4c8996fb92427ae41e4649b934ca495991b7852b855,yes,no,blank_line,
master,/Users/Suhas.KS/master-curriculum.md,579,blank,e3b0c44298fc1c149afbf4c8996fb92427ae41e4649b934ca495991b7852b855,yes,no,blank_line,
master,/Users/Suhas.KS/master-curriculum.md,580,composite_duplicate,fd57fa6cc9d0c06807c8e0533e858d9ac7f4767e7b687c85fdc24f93c992dc17,yes,no,composite_preserved_in_lossless_archive,* Module M39: Spectral Theory & Matrix Decompositions
master,/Users/Suhas.KS/master-curriculum.md,581,composite_duplicate,cf35e5077853abbc3e14b18ddf7035aad1076b0fad28e1b18bb356ba66d22013,yes,no,composite_preserved_in_lossless_archive,"* Concepts: Inner product spaces, Hilbert spaces, orthonormal bases, Gram-Schmidt orthogonalization, self-adjoint operators, Spectral Theorem, Singular Value De"
master,/Users/Suhas.KS/master-curriculum.md,582,composite_duplicate,751bd8b8daf6b22f622ebbdff8e5f40d5fcf33f7b090ea88913bde7909c4b71a,yes,no,composite_preserved_in_lossless_archive,* Skills: Coding SVD from scratch using Power Iteration and Hotelling deflation in NumPy.
master,/Users/Suhas.KS/master-curriculum.md,583,blank,e3b0c44298fc1c149afbf4c8996fb92427ae41e4649b934ca495991b7852b855,yes,no,blank_line,
master,/Users/Suhas.KS/master-curriculum.md,584,blank,e3b0c44298fc1c149afbf4c8996fb92427ae41e4649b934ca495991b7852b855,yes,no,blank_line,
master,/Users/Suhas.KS/master-curriculum.md,585,composite_duplicate,61a836adee897dfc5e3588c561c873eab339ff764429a76461491029eb5eaf24,yes,no,composite_preserved_in_lossless_archive,* Module M40: Mathematical Statistics & Inference
master,/Users/Suhas.KS/master-curriculum.md,586,composite_duplicate,5a98ca2a5f246d1473dff59b67c3890dc2f04f1f93e4777c3944405718da5598,yes,no,composite_preserved_in_lossless_archive,"* Concepts: Joint, marginal, and conditional distributions, parameter estimation, Maximum Likelihood Estimation (MLE), Fisher information, Cramér-Rao lower boun"
master,/Users/Suhas.KS/master-curriculum.md,587,blank,e3b0c44298fc1c149afbf4c8996fb92427ae41e4649b934ca495991b7852b855,yes,no,blank_line,
master,/Users/Suhas.KS/master-curriculum.md,588,blank,e3b0c44298fc1c149afbf4c8996fb92427ae41e4649b934ca495991b7852b855,yes,no,blank_line,
master,/Users/Suhas.KS/master-curriculum.md,589,composite_duplicate,071ae2d886461e837da8f8de00753e3425f6815e47dc33ee46227ccf1705d911,yes,no,composite_preserved_in_lossless_archive,"* Skills: Vectorized statistical simulation, MLE optimization."
master,/Users/Suhas.KS/master-curriculum.md,590,blank,e3b0c44298fc1c149afbf4c8996fb92427ae41e4649b934ca495991b7852b855,yes,no,blank_line,
master,/Users/Suhas.KS/master-curriculum.md,591,blank,e3b0c44298fc1c149afbf4c8996fb92427ae41e4649b934ca495991b7852b855,yes,no,blank_line,
master,/Users/Suhas.KS/master-curriculum.md,592,blank,e3b0c44298fc1c149afbf4c8996fb92427ae41e4649b934ca495991b7852b855,yes,no,blank_line,
master,/Users/Suhas.KS/master-curriculum.md,593,composite_duplicate,cb3f91d54eee30e53e35b2b99905f70f169ed549fd78909d3dac2defc9ed8d3b,yes,no,composite_preserved_in_lossless_archive,---
master,/Users/Suhas.KS/master-curriculum.md,594,blank,e3b0c44298fc1c149afbf4c8996fb92427ae41e4649b934ca495991b7852b855,yes,no,blank_line,
master,/Users/Suhas.KS/master-curriculum.md,595,composite_duplicate,33c2174cdfc7a7c2ff588c7ff8aa3fb6cc6a8943ea1c2ffece46987430fd1a89,yes,no,composite_preserved_in_lossless_archive,## TIER 5: SIGNAL & IMAGE PROCESSING (NumPy-Primitive Pipelines)
master,/Users/Suhas.KS/master-curriculum.md,596,blank,e3b0c44298fc1c149afbf4c8996fb92427ae41e4649b934ca495991b7852b855,yes,no,blank_line,
master,/Users/Suhas.KS/master-curriculum.md,597,blank,e3b0c44298fc1c149afbf4c8996fb92427ae41e4649b934ca495991b7852b855,yes,no,blank_line,
master,/Users/Suhas.KS/master-curriculum.md,598,blank,e3b0c44298fc1c149afbf4c8996fb92427ae41e4649b934ca495991b7852b855,yes,no,blank_line,
master,/Users/Suhas.KS/master-curriculum.md,599,composite_duplicate,2003a06dda7ca6282e92de8070c0cd1f64e03a5f5d75beccfdd3f5834af37ce5,yes,no,composite_preserved_in_lossless_archive,* Module M41: Digital Signal Processing
master,/Users/Suhas.KS/master-curriculum.md,600,composite_duplicate,3e1f5fa162d7db79ed6e072d16c4fe6fe0a19c6c258e6aea6cb11e442f88bd53,yes,no,composite_preserved_in_lossless_archive,"* Concepts: Sampling Theorem, aliasing, discrete-time LTI systems, z-transform, Discrete Fourier Transform (DFT), Fast Fourier Transform (FFT) algorithms, digit"
master,/Users/Suhas.KS/master-curriculum.md,601,composite_duplicate,5b3a51b4ddf0787f6bc0723fc57dfa495fe6b54585c2daf29ce1104e9b0b21fb,yes,no,composite_preserved_in_lossless_archive,* Skills: 1D FFT and convolution implementation from scratch in NumPy.
master,/Users/Suhas.KS/master-curriculum.md,602,blank,e3b0c44298fc1c149afbf4c8996fb92427ae41e4649b934ca495991b7852b855,yes,no,blank_line,
master,/Users/Suhas.KS/master-curriculum.md,603,blank,e3b0c44298fc1c149afbf4c8996fb92427ae41e4649b934ca495991b7852b855,yes,no,blank_line,
master,/Users/Suhas.KS/master-curriculum.md,604,composite_duplicate,ba7050f11f341e3cba3c494f4e7c496f636ca474672f9430a1a0d757e30bd3dc,yes,no,composite_preserved_in_lossless_archive,* Module M42: Digital Image Processing
master,/Users/Suhas.KS/master-curriculum.md,605,blank,e3b0c44298fc1c149afbf4c8996fb92427ae41e4649b934ca495991b7852b855,yes,no,blank_line,
master,/Users/Suhas.KS/master-curriculum.md,606,blank,e3b0c44298fc1c149afbf4c8996fb92427ae41e4649b934ca495991b7852b855,yes,no,blank_line,
master,/Users/Suhas.KS/master-curriculum.md,607,composite_duplicate,d61ceb28a733aea6735d452c189d3e8cdecc8660af949c9fdd088b34d1e952ef,yes,no,composite_preserved_in_lossless_archive,"* Concepts: 2D sampling and quantization, 2D discrete convolution, spatial filters (smoothing, sharpening, Sobel edge detectors, Laplacian of Gaussian), frequen"
master,/Users/Suhas.KS/master-curriculum.md,608,composite_duplicate,a040922b71e44ffbff0bd932739ae5645e842811d4d37e2d625b76adb022b517,yes,no,composite_preserved_in_lossless_archive,* Skills: Coding 2D image convolution and spatial filtering from scratch in NumPy.
master,/Users/Suhas.KS/master-curriculum.md,609,blank,e3b0c44298fc1c149afbf4c8996fb92427ae41e4649b934ca495991b7852b855,yes,no,blank_line,
master,/Users/Suhas.KS/master-curriculum.md,610,blank,e3b0c44298fc1c149afbf4c8996fb92427ae41e4649b934ca495991b7852b855,yes,no,blank_line,
master,/Users/Suhas.KS/master-curriculum.md,611,blank,e3b0c44298fc1c149afbf4c8996fb92427ae41e4649b934ca495991b7852b855,yes,no,blank_line,
master,/Users/Suhas.KS/master-curriculum.md,612,composite_duplicate,cb3f91d54eee30e53e35b2b99905f70f169ed549fd78909d3dac2defc9ed8d3b,yes,no,composite_preserved_in_lossless_archive,---
master,/Users/Suhas.KS/master-curriculum.md,613,blank,e3b0c44298fc1c149afbf4c8996fb92427ae41e4649b934ca495991b7852b855,yes,no,blank_line,
master,/Users/Suhas.KS/master-curriculum.md,614,composite_duplicate,11ceb544ced563a96b094eae26874583d29aa6ef5e7fcc3c7dacd53621c9622e,yes,no,composite_preserved_in_lossless_archive,## TIER 6: DEEP LEARNING & KALDI-LEVEL AUTOMATIC SPEECH RECOGNITION (ASR)
master,/Users/Suhas.KS/master-curriculum.md,615,blank,e3b0c44298fc1c149afbf4c8996fb92427ae41e4649b934ca495991b7852b855,yes,no,blank_line,
master,/Users/Suhas.KS/master-curriculum.md,616,blank,e3b0c44298fc1c149afbf4c8996fb92427ae41e4649b934ca495991b7852b855,yes,no,blank_line,
master,/Users/Suhas.KS/master-curriculum.md,617,blank,e3b0c44298fc1c149afbf4c8996fb92427ae41e4649b934ca495991b7852b855,yes,no,blank_line,
master,/Users/Suhas.KS/master-curriculum.md,618,composite_duplicate,1b37861469dd917492d1fa1aa2acfab82b9febaa4fd88bcb3c849bf04a34f7c7,yes,no,composite_preserved_in_lossless_archive,* Module M43: Kaldi-Level Acoustic Modeling
master,/Users/Suhas.KS/master-curriculum.md,619,blank,e3b0c44298fc1c149afbf4c8996fb92427ae41e4649b934ca495991b7852b855,yes,no,blank_line,
master,/Users/Suhas.KS/master-curriculum.md,620,blank,e3b0c44298fc1c149afbf4c8996fb92427ae41e4649b934ca495991b7852b855,yes,no,blank_line,
master,/Users/Suhas.KS/master-curriculum.md,621,composite_duplicate,4cfbde89037bb62c17f0179717b8ff6e677d0bd792d4ccfde8d19924ab247781,yes,no,composite_preserved_in_lossless_archive,"* Concepts: Speech production and hearing, MFCC/PLP feature extraction, i-vectors, Hidden Markov Models (HMMs), Gaussian Mixture Models (GMMs), diagonal GMMs, E"
master,/Users/Suhas.KS/master-curriculum.md,622,composite_duplicate,c74bffb9ce4f5d11fe9500b1733688412cb0d53bcdda6b7a29284846fc067f5b,yes,no,composite_preserved_in_lossless_archive,* Skills: GMM-EM training loops coded from scratch in NumPy.
master,/Users/Suhas.KS/master-curriculum.md,623,blank,e3b0c44298fc1c149afbf4c8996fb92427ae41e4649b934ca495991b7852b855,yes,no,blank_line,
master,/Users/Suhas.KS/master-curriculum.md,624,blank,e3b0c44298fc1c149afbf4c8996fb92427ae41e4649b934ca495991b7852b855,yes,no,blank_line,
master,/Users/Suhas.KS/master-curriculum.md,625,composite_duplicate,e05699c7fd461eed98003f06e55fa801ab773b516b6ca0d8c51e87a48aff2537,yes,no,composite_preserved_in_lossless_archive,* Module M44: OpenFst-Based Automata Systems
master,/Users/Suhas.KS/master-curriculum.md,626,blank,e3b0c44298fc1c149afbf4c8996fb92427ae41e4649b934ca495991b7852b855,yes,no,blank_line,
master,/Users/Suhas.KS/master-curriculum.md,627,blank,e3b0c44298fc1c149afbf4c8996fb92427ae41e4649b934ca495991b7852b855,yes,no,blank_line,
master,/Users/Suhas.KS/master-curriculum.md,628,composite_duplicate,651e90935c975e926c48be7ed12b7eb24320cbc0a59ed18e47cef6894a205a29,yes,no,composite_preserved_in_lossless_archive,"* Concepts: Weighted Finite-State Transducers (WFSTs), symbol tables (words.txt, phones.txt), transducers ($H$, $C$, $L$, $G$), composition ($H \circ C \circ L "
master,/Users/Suhas.KS/master-curriculum.md,629,composite_duplicate,ed71503908bfd9a6adda699c6f0221ffecd6024e0662fb5c04e85a3df468fad6,yes,no,composite_preserved_in_lossless_archive,* Skills: OpenFst composition simulation and decoding graph parsing.
master,/Users/Suhas.KS/master-curriculum.md,630,blank,e3b0c44298fc1c149afbf4c8996fb92427ae41e4649b934ca495991b7852b855,yes,no,blank_line,
master,/Users/Suhas.KS/master-curriculum.md,631,blank,e3b0c44298fc1c149afbf4c8996fb92427ae41e4649b934ca495991b7852b855,yes,no,blank_line,
master,/Users/Suhas.KS/master-curriculum.md,632,blank,e3b0c44298fc1c149afbf4c8996fb92427ae41e4649b934ca495991b7852b855,yes,no,blank_line,
master,/Users/Suhas.KS/master-curriculum.md,633,composite_duplicate,cb3f91d54eee30e53e35b2b99905f70f169ed549fd78909d3dac2defc9ed8d3b,yes,no,composite_preserved_in_lossless_archive,---
master,/Users/Suhas.KS/master-curriculum.md,634,blank,e3b0c44298fc1c149afbf4c8996fb92427ae41e4649b934ca495991b7852b855,yes,no,blank_line,
master,/Users/Suhas.KS/master-curriculum.md,635,composite_duplicate,e65b62fb5990ddc3a9695b3565cabb911b1ffc845b284cf341758d970697d667,yes,no,composite_preserved_in_lossless_archive,## TIER 7: SEQUENCE MODELS & TRANSFORMER ARCHITECTURES (First Principles)
master,/Users/Suhas.KS/master-curriculum.md,636,blank,e3b0c44298fc1c149afbf4c8996fb92427ae41e4649b934ca495991b7852b855,yes,no,blank_line,
master,/Users/Suhas.KS/master-curriculum.md,637,blank,e3b0c44298fc1c149afbf4c8996fb92427ae41e4649b934ca495991b7852b855,yes,no,blank_line,
master,/Users/Suhas.KS/master-curriculum.md,638,blank,e3b0c44298fc1c149afbf4c8996fb92427ae41e4649b934ca495991b7852b855,yes,no,blank_line,
master,/Users/Suhas.KS/master-curriculum.md,639,composite_duplicate,b8007e0b94e719def65a11a071ce5101164934830f2e2a38adfe099f90d9bde6,yes,no,composite_preserved_in_lossless_archive,* Module M45: Attention Mechanisms & Transformers
master,/Users/Suhas.KS/master-curriculum.md,640,blank,e3b0c44298fc1c149afbf4c8996fb92427ae41e4649b934ca495991b7852b855,yes,no,blank_line,
master,/Users/Suhas.KS/master-curriculum.md,641,blank,e3b0c44298fc1c149afbf4c8996fb92427ae41e4649b934ca495991b7852b855,yes,no,blank_line,
master,/Users/Suhas.KS/master-curriculum.md,642,composite_duplicate,833f7bf090f5679633c6ea8dcd8b3a5d69a76a74a4023a8f6c810bfef23fa524,yes,no,composite_preserved_in_lossless_archive,"* Concepts: Tokenization dynamics (BPE, WordPiece), word embeddings, positional encoding, scaled dot-product attention math ($S = QK^T / \sqrt{d_k}$, $A = softm"
master,/Users/Suhas.KS/master-curriculum.md,643,composite_duplicate,2cf43965b82e43a25276d6f224b566180bdc4ca4b6909995337fb67cdc3047bc,yes,no,composite_preserved_in_lossless_archive,* Skills: Multi-Head Self-Attention layer and backpropagation gradient formulas coded from scratch in NumPy.
master,/Users/Suhas.KS/master-curriculum.md,644,blank,e3b0c44298fc1c149afbf4c8996fb92427ae41e4649b934ca495991b7852b855,yes,no,blank_line,
master,/Users/Suhas.KS/master-curriculum.md,645,blank,e3b0c44298fc1c149afbf4c8996fb92427ae41e4649b934ca495991b7852b855,yes,no,blank_line,
master,/Users/Suhas.KS/master-curriculum.md,646,blank,e3b0c44298fc1c149afbf4c8996fb92427ae41e4649b934ca495991b7852b855,yes,no,blank_line,
master,/Users/Suhas.KS/master-curriculum.md,647,composite_duplicate,cb3f91d54eee30e53e35b2b99905f70f169ed549fd78909d3dac2defc9ed8d3b,yes,no,composite_preserved_in_lossless_archive,---
master,/Users/Suhas.KS/master-curriculum.md,648,blank,e3b0c44298fc1c149afbf4c8996fb92427ae41e4649b934ca495991b7852b855,yes,no,blank_line,
master,/Users/Suhas.KS/master-curriculum.md,649,composite_duplicate,44be260c5d80e978a6a088bc82f15cebe47a796fb941194c10f63c1a58447522,yes,no,composite_preserved_in_lossless_archive,## TIER 8: PRODUCTION ENGINEERING & CLOUD DEPLOYMENT (GCP-Vertex AI MLOps)
master,/Users/Suhas.KS/master-curriculum.md,650,blank,e3b0c44298fc1c149afbf4c8996fb92427ae41e4649b934ca495991b7852b855,yes,no,blank_line,
master,/Users/Suhas.KS/master-curriculum.md,651,blank,e3b0c44298fc1c149afbf4c8996fb92427ae41e4649b934ca495991b7852b855,yes,no,blank_line,
master,/Users/Suhas.KS/master-curriculum.md,652,blank,e3b0c44298fc1c149afbf4c8996fb92427ae41e4649b934ca495991b7852b855,yes,no,blank_line,
master,/Users/Suhas.KS/master-curriculum.md,653,composite_duplicate,122adfb63e42b05e41fb99a03df0c6686d414f6087d4241a46d3e7883a8f98d4,yes,no,composite_preserved_in_lossless_archive,* Module M46: Enterprise Production MLOps
master,/Users/Suhas.KS/master-curriculum.md,654,blank,e3b0c44298fc1c149afbf4c8996fb92427ae41e4649b934ca495991b7852b855,yes,no,blank_line,
master,/Users/Suhas.KS/master-curriculum.md,655,blank,e3b0c44298fc1c149afbf4c8996fb92427ae41e4649b934ca495991b7852b855,yes,no,blank_line,
master,/Users/Suhas.KS/master-curriculum.md,656,composite_duplicate,c2129b99bc9a136801f51bd9100fbb11bf3a13870569bfd531dbcdd87f92a503,yes,no,composite_preserved_in_lossless_archive,* Concepts:
master,/Users/Suhas.KS/master-curriculum.md,657,composite_duplicate,e65688e4e2f7eeb9f7a0784bc5710ed053aa660f69b506ed5207dd8cb8e3c4fb,yes,no,composite_preserved_in_lossless_archive,"* Data Ingestion & Feature Engineering: BigQuery ML, Vertex AI Feature Store (low-latency online serving, offline point-in-time queries), TFX, Apache Beam on Da"
master,/Users/Suhas.KS/master-curriculum.md,658,composite_duplicate,f29ec553606779daafc4f4ff90342f750386374ad8669c057be888c311e7ad24,yes,no,composite_preserved_in_lossless_archive,"* Model Training at Scale: Distributed training strategies, hyperparameter tuning on Vertex AI, AutoML, Preemptible VMs."
master,/Users/Suhas.KS/master-curriculum.md,659,composite_duplicate,e655dd901b3e0d5250fd870fefa38b52ac10b9030f9627621cb5bf3f18541feb,yes,no,composite_preserved_in_lossless_archive,"* Model Serving & Deployment: Real-time serving endpoints (Vertex AI Endpoints), batch prediction pipelines, custom containers, multi-model endpoints."
master,/Users/Suhas.KS/master-curriculum.md,660,composite_duplicate,9b05a0c767e2fd11504d1a97ad0cb38fd063e4e33fd6fb44eab389f4ecd2a274,yes,no,composite_preserved_in_lossless_archive,"* Orchestration & CI/CD: Vertex AI Pipelines, Kubeflow Pipelines, Cloud Composer (Airflow), Cloud Build integration for automated model building and deployment."
master,/Users/Suhas.KS/master-curriculum.md,661,composite_duplicate,7c12fdb1e65c376d3ed13926006e32ebad8a5ce53c9e1179cfbfb63ef3502b3f,yes,no,composite_preserved_in_lossless_archive,"* Model Monitoring & Drift: Vertex AI Model Monitoring (drift/skew alerts), Population Stability Index (PSI), continuous evaluation, TensorFlow Data Validation "
master,/Users/Suhas.KS/master-curriculum.md,662,composite_duplicate,338e127ae503c305ff3519ba92e2ccd43556416ddfcc2a2a8c4f097234e28c5a,yes,no,composite_preserved_in_lossless_archive,"* Responsible AI & Interpretability: Vertex Explainable AI (Integrated Gradients, SHAP), bias and fairness mitigation (Fairness Lens), safety guardrails."
master,/Users/Suhas.KS/master-curriculum.md,663,blank,e3b0c44298fc1c149afbf4c8996fb92427ae41e4649b934ca495991b7852b855,yes,no,blank_line,
master,/Users/Suhas.KS/master-curriculum.md,664,blank,e3b0c44298fc1c149afbf4c8996fb92427ae41e4649b934ca495991b7852b855,yes,no,blank_line,
master,/Users/Suhas.KS/master-curriculum.md,665,composite_duplicate,26bf76ef8b818d61999225066e316c3c8bb78d7fca94673ac3a6602c09eefa93,yes,no,composite_preserved_in_lossless_archive,"* Skills: Building end-to-end Vertex AI pipelines, setting up Cloud Build triggers, configuring PSI-based automated retraining triggers, writing serving endpoin"
master,/Users/Suhas.KS/master-curriculum.md,666,blank,e3b0c44298fc1c149afbf4c8996fb92427ae41e4649b934ca495991b7852b855,yes,no,blank_line,
master,/Users/Suhas.KS/master-curriculum.md,667,blank,e3b0c44298fc1c149afbf4c8996fb92427ae41e4649b934ca495991b7852b855,yes,no,blank_line,
master,/Users/Suhas.KS/master-curriculum.md,668,blank,e3b0c44298fc1c149afbf4c8996fb92427ae41e4649b934ca495991b7852b855,yes,no,blank_line,
master,/Users/Suhas.KS/master-curriculum.md,669,composite_duplicate,842dd18dbf71618218210422b6c43353f0641270bbaa8727bab242672721a857,yes,no,composite_preserved_in_lossless_archive,### Operational Execution Strategy
master,/Users/Suhas.KS/master-curriculum.md,670,blank,e3b0c44298fc1c149afbf4c8996fb92427ae41e4649b934ca495991b7852b855,yes,no,blank_line,
master,/Users/Suhas.KS/master-curriculum.md,671,composite_duplicate,047b0030fcf35c3a04b04874fec4a0f329dc7f526ecb477fe22b710c534c054d,yes,no,composite_preserved_in_lossless_archive,This curriculum establishes a rigorous dual-track dependency where students are mathematically and programmatically prohibited from using abstraction frameworks
master,/Users/Suhas.KS/master-curriculum.md,672,blank,e3b0c44298fc1c149afbf4c8996fb92427ae41e4649b934ca495991b7852b855,yes,no,blank_line,
master,/Users/Suhas.KS/master-curriculum.md,673,composite_duplicate,1a37e5a651d0d82626d96ab8b5acd895812d304dd1be870c6225ed9a4bc98d96,yes,no,composite_preserved_in_lossless_archive,* **Sequential Transition Policy (Pure Mathematics First):** All **18 unified modules of Bucket 1 (Tier 1)** must be successfully completed and verified before 
master,/Users/Suhas.KS/master-curriculum.md,674,blank,e3b0c44298fc1c149afbf4c8996fb92427ae41e4649b934ca495991b7852b855,yes,no,blank_line,
master,/Users/Suhas.KS/master-curriculum.md,675,blank,e3b0c44298fc1c149afbf4c8996fb92427ae41e4649b934ca495991b7852b855,yes,no,blank_line,
master,/Users/Suhas.KS/master-curriculum.md,676,composite_duplicate,58894c9a44b518ae1d9cec9eef4fed77829a398b16e7482cfe98bb14dc1a16ad,yes,no,composite_preserved_in_lossless_archive,* **Thematic Consolidation:** Spiral topics (such as starting with simple $2\times2$ matrix determinants in Tier 1 and advancing to high-dimensional SVD vector 
master,/Users/Suhas.KS/master-curriculum.md,677,composite_duplicate,23a273311a6bd6e9341b86fabe28a860890bc6888a0f8a4be17fc8145bc5ead6,yes,no,composite_preserved_in_lossless_archive,**ICSE Mathematics Series (Classes 6–10)**
master,/Users/Suhas.KS/master-curriculum.md,678,composite_duplicate,fa3d815b28cdd9bfc8c910ba40d4411cb8604fd4c12d7702c6ced9298cac31cf,yes,no,composite_preserved_in_lossless_archive,- Concise Mathematics Series (Selina Publishers) – R.K. Bansal
master,/Users/Suhas.KS/master-curriculum.md,679,composite_duplicate,a0cf59a13742f88b53c23d54519399e9ff9cd412cd1a8a27fc26e36764aff527,yes,no,composite_preserved_in_lossless_archive,- Understanding ICSE Mathematics – M.L. Aggarwal
master,/Users/Suhas.KS/master-curriculum.md,680,composite_duplicate,82b866d1ea526fd74eb7663d49e1fbfe2e96d642a8e7a26bd72a604b5727e0af,yes,no,composite_preserved_in_lossless_archive,"- S. Chand’s ICSE Mathematics – O.P. Malhotra, S.K. Gupta, Anubhuti Gangal"
master,/Users/Suhas.KS/master-curriculum.md,681,composite_duplicate,953634779fdaca988965c64f408ec80e4b62b817ad27b137e678f7155157d5c3,yes,no,composite_preserved_in_lossless_archive,- Frank Modern Certificate Mathematics – Nirmala Shastry
master,/Users/Suhas.KS/master-curriculum.md,682,composite_duplicate,ed01c53869208210ed9e9aeb1caa94c2e37339c0f9209c2b68b86aee4ceadd7e,yes,no,composite_preserved_in_lossless_archive,- Together With ICSE Mathematics – Rachna Sagar
master,/Users/Suhas.KS/master-curriculum.md,683,composite_duplicate,528f604644e4c8f2bd6a7514036301da9b3580fd52059f2e7f20ed19e7e8aa19,yes,no,composite_preserved_in_lossless_archive,- Foundation Mathematics (ICSE Edition) – R.S. Aggarwal
master,/Users/Suhas.KS/master-curriculum.md,684,blank,e3b0c44298fc1c149afbf4c8996fb92427ae41e4649b934ca495991b7852b855,yes,no,blank_line,
master,/Users/Suhas.KS/master-curriculum.md,685,composite_duplicate,d3507ce8b981761ad3e7b3b5ef1217b171153aea7c38d3b46bb5268911fdd73e,yes,no,composite_preserved_in_lossless_archive,**NCERT Mathematics**
master,/Users/Suhas.KS/master-curriculum.md,686,composite_duplicate,61aee56538014dc55d45886f2d952e9d3de4b472b82f6d57e6c0838b6255b6d5,yes,no,composite_preserved_in_lossless_archive,- Mathematics Textbook for Class XI (2025–2026 edition)
master,/Users/Suhas.KS/master-curriculum.md,687,composite_duplicate,b447c1bb6a0823b5c1ad81065cec20ab2118c9c83ab6da413bab51405a27b12d,yes,no,composite_preserved_in_lossless_archive,- Mathematics Textbook for Class XII – Part I (2025–2026 edition)
master,/Users/Suhas.KS/master-curriculum.md,688,composite_duplicate,4142db8fdf9dead47ae2f178b5144aabc1f0047312d6a88b1edfde78ce24220e,yes,no,composite_preserved_in_lossless_archive,- Mathematics Textbook for Class XII – Part II (2025–2026 edition)
master,/Users/Suhas.KS/master-curriculum.md,689,blank,e3b0c44298fc1c149afbf4c8996fb92427ae41e4649b934ca495991b7852b855,yes,no,blank_line,
master,/Users/Suhas.KS/master-curriculum.md,690,composite_duplicate,8f7730f23b5c9bd8f497c757e5ca3b416f7582384f44f55c640e17d9d40c4a6b,yes,no,composite_preserved_in_lossless_archive,**Higher Algebra & Classical Texts**
master,/Users/Suhas.KS/master-curriculum.md,691,composite_duplicate,5ab7cbcfbe530c53907412a81a05f8d7fe0769be6b71b2f381da3b217df57eef,yes,no,composite_preserved_in_lossless_archive,- Higher Algebra – Hall & Knight
master,/Users/Suhas.KS/master-curriculum.md,692,composite_duplicate,19f204f8d5b498333667ff52ede998be3764af2e5ab8987737f61ff959427b8b,yes,no,composite_preserved_in_lossless_archive,- Plane Trigonometry (Part 1) – S.L. Loney
master,/Users/Suhas.KS/master-curriculum.md,693,composite_duplicate,d8eaf7e4eb821c6c349eacf080b4fdfe91a20c1cfbddc6b57caaa3f12c04337a,yes,no,composite_preserved_in_lossless_archive,- The Elements of Coordinate Geometry (Part 1) – S.L. Loney
master,/Users/Suhas.KS/master-curriculum.md,694,composite_duplicate,89e7267f09120bf085610e5c950525d3099a675fd84fbac7ad5ddf5de4c9fba0,yes,no,composite_preserved_in_lossless_archive,- Problems in Calculus of One Variable – I.A. Maron
master,/Users/Suhas.KS/master-curriculum.md,695,blank,e3b0c44298fc1c149afbf4c8996fb92427ae41e4649b934ca495991b7852b855,yes,no,blank_line,
master,/Users/Suhas.KS/master-curriculum.md,696,composite_duplicate,702a050e58a60d420f8927d40592f53527451240ac61c12c2d565ba7634b195c,yes,no,composite_preserved_in_lossless_archive,**JEE Advanced Reference Series**
master,/Users/Suhas.KS/master-curriculum.md,697,composite_duplicate,309a6d72710629d1de4cc6d5a38f294644a4bb7fdd3aa5f4d9b3f68bd3dea891,yes,no,composite_preserved_in_lossless_archive,- Advanced Problems in Mathematics for JEE Main & Advanced – Vikas Gupta & Pankaj Joshi
master,/Users/Suhas.KS/master-curriculum.md,698,composite_duplicate,c14fe804b77c2ab592fae4451791aef16fb023445869262d8a344d4f9078d440,yes,no,composite_preserved_in_lossless_archive,- Cengage Mathematics Series (5 Volumes) – G. Tewani
master,/Users/Suhas.KS/master-curriculum.md,699,composite_duplicate,1e9a61f5661c95859b3545fb9a2bf231a6e24d728bd523dd4d79e38d6fb0cbaf,yes,no,composite_preserved_in_lossless_archive,- Arihant Skills in Mathematics Series (7 Volumes) – Dr. S.K. Goyal & Amit M. Agarwal
master,/Users/Suhas.KS/master-curriculum.md,700,blank,e3b0c44298fc1c149afbf4c8996fb92427ae41e4649b934ca495991b7852b855,yes,no,blank_line,
master,/Users/Suhas.KS/master-curriculum.md,701,composite_duplicate,f7a88a258e1c861d61058072c003895f065e92c5c40857862bfb2e7d6adad3ff,yes,no,composite_preserved_in_lossless_archive,**Number Theory**
master,/Users/Suhas.KS/master-curriculum.md,702,composite_duplicate,53115f079887e14d676b5d6268ca4c88a73ff5601a2ee6280d46b31b572932fb,yes,no,composite_preserved_in_lossless_archive,- Elementary Number Theory (7th Edition) – David M. Burton
master,/Users/Suhas.KS/master-curriculum.md,703,composite_duplicate,c8ee73ff126b944cfecc57973293477a99e8846f45d6e5d08a549bfe81a80c77,yes,no,composite_preserved_in_lossless_archive,- A Friendly Introduction to Number Theory (4th Edition) – Joseph H. Silverman
master,/Users/Suhas.KS/master-curriculum.md,704,composite_duplicate,02f719efce4f97489c70fea5d2ed19742e8b08d9fc7e75a0fd14f58782c570f4,yes,no,composite_preserved_in_lossless_archive,- Elementary Number Theory and Its Applications – Kenneth H. Rosen
master,/Users/Suhas.KS/master-curriculum.md,705,composite_duplicate,aaf7476fbd4b16e6393c292a1ac97100156326c2fb3ab491e0cd6fd575b1ad8e,yes,no,composite_preserved_in_lossless_archive,"- An Introduction to the Theory of Numbers – Niven, Zuckerman, Montgomery"
master,/Users/Suhas.KS/master-curriculum.md,706,composite_duplicate,516fdfcdbcd26cad89acee26ede6fb9b8717b9b61325a9bc3010c240c3dd68cf,yes,no,composite_preserved_in_lossless_archive,- An Introduction to the Theory of Numbers – G.H. Hardy & E.M. Wright
master,/Users/Suhas.KS/master-curriculum.md,707,composite_duplicate,511b17e74d50a7a0c92b9173345238a4c5d4c720be504f67103398ff249bcbde,yes,no,composite_preserved_in_lossless_archive,- A Course in Arithmetic – Jean-Pierre Serre
master,/Users/Suhas.KS/master-curriculum.md,708,composite_duplicate,902e48c5d566b8a40b3df099709e33fac3a9f74a66e120e1b6e42e03a663e7a8,yes,no,composite_preserved_in_lossless_archive,- Introduction to Analytic Number Theory – Tom M. Apostol
master,/Users/Suhas.KS/master-curriculum.md,709,composite_duplicate,60805280e7809846a24f7396cec4260794a5bfe7998996fcdeaa9fefa9464987,yes,no,composite_preserved_in_lossless_archive,- Algebraic Number Theory – Serge Lang
master,/Users/Suhas.KS/master-curriculum.md,710,composite_duplicate,ce426fb769d10195b22ed46d2c9dc3f15ba6f0653c0857f278754843d4a32487,yes,no,composite_preserved_in_lossless_archive,- Elementary Number Theory in Nine Chapters – James J. Tattersall
master,/Users/Suhas.KS/master-curriculum.md,711,blank,e3b0c44298fc1c149afbf4c8996fb92427ae41e4649b934ca495991b7852b855,yes,no,blank_line,
master,/Users/Suhas.KS/master-curriculum.md,712,composite_duplicate,be43f188654fc2211cdf99449da899a0d39899039ac470e9af60ed4393a1d394,yes,no,composite_preserved_in_lossless_archive,**Proof & Abstract Algebra**
master,/Users/Suhas.KS/master-curriculum.md,713,composite_duplicate,0ae24fe4585228d29498079aa1fe6a82332c5010a2b8f76cb0d9730c6544e192,yes,no,composite_preserved_in_lossless_archive,- An Introduction to Proof via Inquiry-Based Learning – Dana C. Ernst
master,/Users/Suhas.KS/master-curriculum.md,714,composite_duplicate,97273cb81d730f17aa6ff73c31434ee70f9808ed3182d9952a0dc13337dcea51,yes,no,composite_preserved_in_lossless_archive,- Introduction to Proof – Ron Taylor
master,/Users/Suhas.KS/master-curriculum.md,715,composite_duplicate,82889772b312a8dcf18e0db9fd87605b0ab6e0578a1bfe25c609e32a9485c075,yes,no,composite_preserved_in_lossless_archive,- Notes for a Course on Proofs – Jacqueline A. Jensen-Vallin
master,/Users/Suhas.KS/master-curriculum.md,716,composite_duplicate,1ae9a131f5006f782eb9a4a2c82a32287d07b73b3a2c290aef691724f6a288e1,yes,no,composite_preserved_in_lossless_archive,- Mathematical Reasoning: Writing and Proof – Ted Sundstrom
master,/Users/Suhas.KS/master-curriculum.md,717,composite_duplicate,6ab1acbb5538bda120233579c30be364f145fb9b5ca9a490d59be9d4f9565aee,yes,no,composite_preserved_in_lossless_archive,- Book of Proof – Richard Hammack
master,/Users/Suhas.KS/master-curriculum.md,718,composite_duplicate,6da2916ff7de5bb771a69722b674c98a509f13d0aa5ab0aafd3b6f7e063e4032,yes,no,composite_preserved_in_lossless_archive,- An Inquiry-Based Approach to Abstract Algebra – Dana C. Ernst
master,/Users/Suhas.KS/master-curriculum.md,719,composite_duplicate,7fa8d95dd4815eca50bc57ff000ab0cfac9639cc2ad20fdd1eed9cbb9983aadd,yes,no,composite_preserved_in_lossless_archive,- Abstract Algebra: Theory and Applications – Tom Judson
master,/Users/Suhas.KS/master-curriculum.md,720,blank,e3b0c44298fc1c149afbf4c8996fb92427ae41e4649b934ca495991b7852b855,yes,no,blank_line,
master,/Users/Suhas.KS/master-curriculum.md,721,composite_duplicate,9b3ac0434972f3e16874db5f56b27c909ab57fd72b178be369119755ceb5ebac,yes,no,composite_preserved_in_lossless_archive,**Real Analysis & Measure Theory**
master,/Users/Suhas.KS/master-curriculum.md,722,composite_duplicate,430e343e35d3f7d71c6e01b4947977dd7fb95885edef8b31f6e15bea90289ea7,yes,no,composite_preserved_in_lossless_archive,- Introduction to Real Analysis – Dana C. Ernst
master,/Users/Suhas.KS/master-curriculum.md,723,composite_duplicate,98cd5e3e8013c21f001b8245731c901b04d7d1da11dc99c10cbf792464fc1b77,yes,no,composite_preserved_in_lossless_archive,- Analysis – W. Ted Mahavier
master,/Users/Suhas.KS/master-curriculum.md,724,composite_duplicate,40ce2e25a9c0e4e161c794ac1247a6645a9b2ace0466e06b48c4293226c50f57,yes,no,composite_preserved_in_lossless_archive,- How We Got from There to Here: A Story of Real Analysis – Eugene Boman & Robert Rogers
master,/Users/Suhas.KS/master-curriculum.md,725,composite_duplicate,282c1c341882960a28231a26cc61be2958fceb1c9760146c992aa5dbfb044100,yes,no,composite_preserved_in_lossless_archive,- Real Analysis – Gary Towsley
master,/Users/Suhas.KS/master-curriculum.md,726,composite_duplicate,65e4d84a0212941b75da98476f798247736acb6071fba8ed422e54adf52aea3e,yes,no,composite_preserved_in_lossless_archive,- Analysis WebNotes – John Lindsay Orr
master,/Users/Suhas.KS/master-curriculum.md,727,composite_duplicate,8458cfc6e1a75680f7c3634b33cef6d5ff133fd8fb975fd59da1a42f3c75203a,yes,no,composite_preserved_in_lossless_archive,"- Measure, Integration & Real Analysis – Sheldon Axler"
master,/Users/Suhas.KS/master-curriculum.md,728,composite_duplicate,a71adb0aacba4c00dad4bc8bb650d9a8c8d503254d4a1dc4ecccf413e215b470,yes,no,composite_preserved_in_lossless_archive,- Principles of Mathematical Analysis – Walter Rudin
master,/Users/Suhas.KS/master-curriculum.md,729,blank,e3b0c44298fc1c149afbf4c8996fb92427ae41e4649b934ca495991b7852b855,yes,no,blank_line,
master,/Users/Suhas.KS/master-curriculum.md,730,composite_duplicate,e7f38f720a7b39d8d12905dbb082ee1da894321055e4e97ba80a04757d52607d,yes,no,composite_preserved_in_lossless_archive,**Discrete Mathematics**
master,/Users/Suhas.KS/master-curriculum.md,731,composite_duplicate,8296b2b03fcc8610ddc2bdc9afadfd6681d756839431fd6be85368c016602e4b,yes,no,composite_preserved_in_lossless_archive,- Discrete Mathematics and Its Applications – Kenneth H. Rosen
master,/Users/Suhas.KS/master-curriculum.md,732,composite_duplicate,6aaefeb7f72e1f017cb70bc6719fb311bcfa2b490eefb1e3967fae7357739bfe,yes,no,composite_preserved_in_lossless_archive,- Discrete and Combinatorial Mathematics: An Applied Introduction – Ralph P. Grimaldi
master,/Users/Suhas.KS/master-curriculum.md,733,blank,e3b0c44298fc1c149afbf4c8996fb92427ae41e4649b934ca495991b7852b855,yes,no,blank_line,
master,/Users/Suhas.KS/master-curriculum.md,734,composite_duplicate,40aaeb253ff4626b7c53e557ea53189d6d2ac0bf4334367f7acd249c6c1f6dfe,yes,no,composite_preserved_in_lossless_archive,**Linear Algebra**
master,/Users/Suhas.KS/master-curriculum.md,735,composite_duplicate,7fd03486d5e3d5e5e4abde423d4d8c48d252a4d42d5849fb2baddf0d399a1638,yes,no,composite_preserved_in_lossless_archive,- Introduction to Linear Algebra – Gilbert Strang
master,/Users/Suhas.KS/master-curriculum.md,736,blank,e3b0c44298fc1c149afbf4c8996fb92427ae41e4649b934ca495991b7852b855,yes,no,blank_line,
master,/Users/Suhas.KS/master-curriculum.md,737,composite_duplicate,dae66b7c4cd21a74be866ef3690f0baabbbd95b5453df5460d56cd32d185da39,yes,no,composite_preserved_in_lossless_archive,**Higher Engineering Mathematics**
master,/Users/Suhas.KS/master-curriculum.md,738,composite_duplicate,05e048619459998bd5166e51a84edb00ba67ef9543a59b0c09e6e77117421997,yes,no,composite_preserved_in_lossless_archive,- Higher Engineering Mathematics (44th/45th Edition) – B.S. Grewal
master,/Users/Suhas.KS/master-curriculum.md,739,blank,e3b0c44298fc1c149afbf4c8996fb92427ae41e4649b934ca495991b7852b855,yes,no,blank_line,
master,/Users/Suhas.KS/master-curriculum.md,740,composite_duplicate,a3595321c76dd7d22db5a4cb67ff9c706a0a294e1f1d4c9ebd10cb56a16523fb,yes,no,composite_preserved_in_lossless_archive,"**Signals, Systems & Digital Signal Processing**"
master,/Users/Suhas.KS/master-curriculum.md,741,composite_duplicate,ffef1435515f0a6f23d854a67783e94c9dcb185c094d65685788e447b2f1da8a,yes,no,composite_preserved_in_lossless_archive,- Signals and Systems – Alan V. Oppenheim & Alan S. Willsky
master,/Users/Suhas.KS/master-curriculum.md,742,composite_duplicate,ce99dfe3861994c480f77ea44a1dd1ead19230095ef02879083f787a03b5c259,yes,no,composite_preserved_in_lossless_archive,"- Digital Signal Processing: Principles, Algorithms, and Applications – John G. Proakis & Dimitris G. Manolakis"
master,/Users/Suhas.KS/master-curriculum.md,743,composite_duplicate,7dc6fcbcf6732d87ae1f3188bf5c502e9093d70ac104b139865335d66dde8d53,yes,no,composite_preserved_in_lossless_archive,- Understanding Digital Signal Processing – Richard G. Lyons
master,/Users/Suhas.KS/master-curriculum.md,744,composite_duplicate,6030929462b7c52b5c6929eb6e56d857effbc875f135d4517c8bc2096da95b6c,yes,no,composite_preserved_in_lossless_archive,- Linear Systems and Signals – B.P. Lathi
master,/Users/Suhas.KS/master-curriculum.md,745,composite_duplicate,41b9b8e43f45a45dfb9142f5f70d5f354a5c723913ce3f8654697855a1a06127,yes,no,composite_preserved_in_lossless_archive,- Discrete-Time Signal Processing – Alan V. Oppenheim & Ronald W. Schafer
master,/Users/Suhas.KS/master-curriculum.md,746,composite_duplicate,6934b19c44eb8f1d059c6cc699b4f050a8eb4a1551525b6b1c08b9844b78b14d,yes,no,composite_preserved_in_lossless_archive,- Digital Communications – John G. Proakis & Masoud Salehi
master,/Users/Suhas.KS/master-curriculum.md,747,blank,e3b0c44298fc1c149afbf4c8996fb92427ae41e4649b934ca495991b7852b855,yes,no,blank_line,
master,/Users/Suhas.KS/master-curriculum.md,748,composite_duplicate,b50c5051a38e53a2a887805571c534801ac5f2e97f2deba3043e2066b9d0f747,yes,no,composite_preserved_in_lossless_archive,**Information Theory**
master,/Users/Suhas.KS/master-curriculum.md,749,composite_duplicate,bde6d3931909501a035173c24e7cfdf38a1100afede4fd21236147e1b4bba106,yes,no,composite_preserved_in_lossless_archive,- Elements of Information Theory – Cover & Thomas
master,/Users/Suhas.KS/master-curriculum.md,750,blank,e3b0c44298fc1c149afbf4c8996fb92427ae41e4649b934ca495991b7852b855,yes,no,blank_line,
master,/Users/Suhas.KS/master-curriculum.md,751,composite_duplicate,ffbbdc035f7b01aa9c7499552566a7cc5f8a8ea88fbbbf88d92c165ad50b2843,yes,no,composite_preserved_in_lossless_archive,**Software Engineering**
master,/Users/Suhas.KS/master-curriculum.md,752,composite_duplicate,200f8d3b2fef8d7e00a210cbcd78cbdbfe0cbe8aaa9656000b57ed486cc7c637,yes,no,composite_preserved_in_lossless_archive,"- Software Engineering at Google – Titus Winters, Tom Manshreck, Hyrum Wright"
master,/Users/Suhas.KS/master-curriculum.md,753,composite_duplicate,98159ec744e5931d2e3b1d61d8c8039d065ff1287d99de4bcb7c6f58060bee76,yes,no,composite_preserved_in_lossless_archive,- Effective Software Testing: A Developer’s Guide – Mauricio Aniche
master,/Users/Suhas.KS/master-curriculum.md,754,composite_duplicate,f08ecb209f2e85aaa2a85456dff6f47da2cda51eea585dd8da97fe63ff328a55,yes,no,composite_preserved_in_lossless_archive,- The Programmer’s Brain – Felienne Hermans
master,/Users/Suhas.KS/master-curriculum.md,755,composite_duplicate,ea98889b99ee1a67264c851216da76822c78e138c6b45e6a946bddb0243247f3,yes,no,composite_preserved_in_lossless_archive,- Fundamentals of Software Architecture – Mark Richards & Neal Ford
master,/Users/Suhas.KS/master-curriculum.md,756,composite_duplicate,8067c17c49e53252079e0abd03c99d15f61b7074c8af6077c4986caa285530dc,yes,no,composite_preserved_in_lossless_archive,- Refactoring: Improving the Design of Existing Code – Martin Fowler
master,/Users/Suhas.KS/master-curriculum.md,757,composite_duplicate,0059d353921ee7c573cc2b7128beeae4fee2b141b11e14375f760175c2e84108,yes,no,composite_preserved_in_lossless_archive,- Learn React with TypeScript 3 – Carl Rippon
master,/Users/Suhas.KS/master-curriculum.md,758,composite_duplicate,4d516f65453e8041befa5a83d1ee3e379387b43b9b34920391a182e5091e7bf8,yes,no,composite_preserved_in_lossless_archive,- Programming TypeScript – Boris Cherny
master,/Users/Suhas.KS/master-curriculum.md,759,blank,e3b0c44298fc1c149afbf4c8996fb92427ae41e4649b934ca495991b7852b855,yes,no,blank_line,
master,/Users/Suhas.KS/master-curriculum.md,760,composite_duplicate,1646f93a940600158b7ffbdf582cf621a87acb4e9ab53999c222d75dc2241f63,yes,no,composite_preserved_in_lossless_archive,**Mechanical & Fluid Engineering**
master,/Users/Suhas.KS/master-curriculum.md,761,composite_duplicate,03f90ab91d45cb50d5376384dc9813640246fed3ff515c87f702d2a0fbd7b20b,yes,no,composite_preserved_in_lossless_archive,- Fluid Dynamics – M.D. Raisinghania
master,/Users/Suhas.KS/master-curriculum.md,762,composite_duplicate,9b1252070720915e98c258025db5a81888710d9a4e82f0deb76d82fe14a34bb5,yes,no,composite_preserved_in_lossless_archive,- Manufacturing Engineering and Technology – S.R. Schmid
master,/Users/Suhas.KS/master-curriculum.md,763,composite_duplicate,cba2b857cdc21380093fd2ed1783ccadd24963f8d8355c51fadf95b935372918,yes,no,composite_preserved_in_lossless_archive,- Theory of Mechanisms and Machines
master,/Users/Suhas.KS/master-curriculum.md,764,blank,e3b0c44298fc1c149afbf4c8996fb92427ae41e4649b934ca495991b7852b855,yes,no,blank_line,
master,/Users/Suhas.KS/master-curriculum.md,765,composite_duplicate,d7353bf4d4a9ed0f7087658c6fbea5b2f03646620c3dc5f53abdb69e7de1f726,yes,no,composite_preserved_in_lossless_archive,**Aerospace Engineering**
master,/Users/Suhas.KS/master-curriculum.md,766,composite_duplicate,cb376e0c96821bf73613a891905bbe4262814694749c1ccb5937a5733382c864,yes,no,composite_preserved_in_lossless_archive,- Introduction to Aerospace Engineering
master,/Users/Suhas.KS/master-curriculum.md,767,blank,e3b0c44298fc1c149afbf4c8996fb92427ae41e4649b934ca495991b7852b855,yes,no,blank_line,
master,/Users/Suhas.KS/master-curriculum.md,768,composite_duplicate,1121998231c7cf05a704d58e9c880d0091376a34d2a5cbf5655d2b134b0e8bd9,yes,no,composite_preserved_in_lossless_archive,**Clinical & Basic Medical Sciences**
master,/Users/Suhas.KS/master-curriculum.md,769,composite_duplicate,a68197612b61d3514b5b0ec6e59a85ecf67028c6fe35bf579054fd0a54de81a2,yes,no,composite_preserved_in_lossless_archive,- Pathology: The Big Picture (2026 Update)
master,/Users/Suhas.KS/master-curriculum.md,770,composite_duplicate,eac6ae37eb059ec0d8ea3fa4acfe88a9e6f1d14872db7401f8ec888de9778ba0,yes,no,composite_preserved_in_lossless_archive,- Levinson’s Review of Medical Microbiology
master,/Users/Suhas.KS/master-curriculum.md,771,composite_duplicate,929c6285200c58afefcdbf7127d7033d050b6a02f745d93e9cd29117f90fb0d2,yes,no,composite_preserved_in_lossless_archive,"- Jawetz, Melnick, & Adelberg’s Medical Microbiology"
master,/Users/Suhas.KS/master-curriculum.md,772,composite_duplicate,3b611184be4e6ea3b2c5570849a838e29f7ecb8d375a3351656abee92a18cb25,yes,no,composite_preserved_in_lossless_archive,- LANGE Q&A: Physician Assistant Examination (8th Edition)
master,/Users/Suhas.KS/master-curriculum.md,773,composite_duplicate,3133287de450371d01b12da8cc856a90b489d1650526327f4f434d61973419a0,yes,no,composite_preserved_in_lossless_archive,"- AccessMedicine full suite (Anatomy & Physiology, Biochemistry, Microbiology, Pathology, Pharmacology, Clinical Diagnosis & Treatment, Radiology, etc.)"
